open,high,low,close,volume
100.37161182341062,101.1155567835863,100.27709028037877,100.5080001203175,800931
100.31783531436834,100.96638207044816,100.1337477669618,100.37916687753406,8919
100.9208043048534,101.26285033607566,100.59393042006766,101.04152489155207,944106
102.62511415931078,103.31667942087765,102.0433743611035,102.6024558337407,758765
102.61784339644797,102.67220540147996,101.54632403356914,102.37272653561664,205179
101.9860144435413,102.45378393261318,101.2637078962841,102.14352837645609,97003
103.98750354195472,104.09120647731812,103.62804500604055,103.77977369242444,282188
104.42622833301371,105.60173579564314,104.02054672003791,104.58973808764809,931100
103.9337839655163,104.55850871467007,103.39030103387937,104.11027737392176,650574
104.8585341216527,106.06447564276831,104.24605489611862,104.6871414604342,351022
104.40570245144116,105.17922861703317,103.77667083479251,104.21354593328702,143269
103.91634437186927,104.57562027848164,103.72224223256106,103.73969435864193,163299
103.72771925310195,104.33851034727972,103.56779211004506,104.00140882145857,703928
101.94559682320865,102.23058134943957,101.55910266930567,102.04068874065236,135821
100.47079504356009,101.1307791282217,99.87641818479273,100.30569415954751,714379
99.76153314378901,100.23893776788897,99.0627600006144,99.75324527696695,356105
98.54581663267075,98.85488682463046,98.45890289807427,98.7578879081759,779757
99.16944646379955,99.21401566753127,98.37908136337512,99.078627439121,720846
98.05248272399933,98.40141138140234,97.38604470683481,98.19286066316567,513383
97.17301972860636,98.18973147956721,96.49931069259614,96.82550816787544,40873
98.56851410540672,99.71583522297581,97.47862580393158,98.26490670106179,193401
98.17157016830558,98.72280033852344,97.3442189822599,98.05310291407244,220625
98.39626006546199,98.93220760813081,97.72945982468818,98.12915120002877,781826
96.76318221123131,97.1493678340254,96.38930832081043,96.75064500140141,351758
96.38232900318471,96.59403702533237,95.43705360578076,96.23500524061963,31184
96.63620646121632,97.51806375551864,95.80262365441504,96.35144548825696,899354
95.30510132158541,96.31731099235562,94.4834897621565,95.25832973282672,284922
95.57764339438309,95.84827744061992,95.37053407488426,95.62644868030445,661063
94.73921258164962,95.51499844369214,94.23752531711342,95.06330658128037,967487
94.78013457044523,95.14193904741138,94.7547550341998,94.7958960045628,124041
94.39183189908687,94.74478965024605,93.7727461065339,94.23663863291574,394816
96.1896067234474,97.0127709031643,95.32239235328409,96.00802991863546,768222
96.10151516654278,96.20377826532574,95.02375225932356,96.00467236077375,502271
94.90122053384256,95.61204168881477,94.69381393395214,95.00407176997619,550528
95.41957261528455,96.48660860324786,95.09296233573927,95.79832500556465,180019
94.55161189641007,95.07821642463072,94.10595220798744,94.64535151045794,628549
94.79498669714249,95.58111593377289,94.59815375205388,94.85272257638574,441562
92.96310043339376,93.52762946318721,92.22537509218427,93.02131856368334,619181
91.9167417550099,92.71194931372055,91.36345973527975,91.80317088512643,416773
92.35861035739606,92.39863710925822,91.49964857442131,91.99327261459035,797663
92.70729315706944,93.0738275917505,92.04853161238668,92.68439469846899,136648
92.81239908362623,93.29690643973404,92.36830424183829,92.8526473243913,799414
92.70651386597797,93.03440748503192,92.47035490421473,92.75460189811497,971972
92.5079898966167,92.66915193258154,92.0400428152935,92.48498245064754,320029
90.98576797169098,91.36998132343905,90.76454008738763,91.13674396441937,195930
90.51385977743492,91.22390642968878,90.01033095327367,90.49210573606018,131125
90.16645374650744,90.42608534156547,89.36537643282873,90.08523067988386,89183
91.08988226410881,91.32177551952003,90.91739053624215,91.05169771995546,555776
91.45785822556789,92.13944401258173,91.33742963543179,91.37424312972828,846548
89.86426385753128,89.87740812930538,89.32417681423387,89.78637460685569,521701
89.76758897272975,90.19617940828121,89.52552158909396,90.0868381118587,957284
89.86388890195305,90.2157260756191,89.29227602405467,89.74957125463133,500460
89.03335717461783,89.21156594950546,88.5026105854734,89.1530031519185,351721
89.51235939693316,89.77813482719402,89.38426195744351,89.7089726078462,444758
90.44748820553055,91.25690028553875,89.80806532058767,90.64772028625264,286775
91.58434006472966,92.28293822263089,91.36856416930596,91.50499761666364,336206
90.70896234967512,91.41787297763778,90.26149901614583,90.74935941380957,169126
90.1738688017603,91.23158354031685,89.90137662636957,90.47823192521712,178787
90.87432824558353,91.6670616295931,90.48392329916457,90.78752850203988,60061
91.42271832855471,91.81376091968586,90.5010060181896,91.68670417819688,871309
91.28306083747404,91.86282108868191,90.71384691708928,91.25754133066627,715363
91.1408332320287,91.45173060040298,90.39464884801323,91.09737997751616,151544
90.26369057047712,90.51261321073466,89.61278049728388,90.10410231452424,224262
89.35888381767737,89.95591231479355,88.43076673215549,89.04159570481735,716648
89.53197303658584,89.79414335945131,88.97220704660646,89.77700614638223,456813
91.00244127091922,91.03504845881835,90.47796067347596,91.01199277133661,374982
90.9053051480233,91.58323240376087,90.14883958497603,90.95557361856692,464941
91.9618334900378,92.5562157470513,91.37957501319704,91.88212580361231,68363
92.26400794965264,92.76317449794581,91.13086884684806,92.22422817776985,961903
91.57573508940068,91.8566450444517,90.85397225938304,91.64035001155997,288836
91.90022150638332,92.6464930215392,91.75489252646484,91.981331046723,915504
93.20772461238852,94.07404979598972,92.79105337929242,93.41631405982899,723901
93.57670855716025,94.06853964717567,92.81397864234596,93.39219144111738,378993
94.96155844566422,95.10096551528301,94.38738802030221,94.87442498030862,488447
92.60013297814375,92.9449994829446,91.77785700660021,92.43047348000955,794022
93.1447527097367,93.9028900939782,92.45631517455617,93.20261217119142,885903
93.17055003511972,94.13102538634264,93.08471768680656,93.29310647775827,474857
92.82325369898447,93.39786404553035,92.00239607266568,93.0238717839862,80123
93.18542557166413,93.58155505424558,92.79177768338984,93.11858177891725,863160
91.10533029179199,91.7073781453469,90.81267387082056,91.29518652455253,468232
91.44080779802749,91.97342115339617,90.81219416657885,91.10396672060202,326087
91.19989634628365,91.73683397613179,90.52267061130905,91.43903549906905,334878
92.8605200071907,93.20248399548416,92.4200341879891,92.80972336726917,864524
92.62856017973999,93.42315640638748,92.06131546811397,92.33919597200186,385360
91.71456832274482,92.66693853054639,91.26329536316784,91.60480931642326,76859
91.18746924741382,91.47587701355613,91.12043149331436,91.15544201758769,505176
91.82470498058488,92.16852052251673,91.5975757731925,92.00291161132178,267117
92.05998464492677,92.73870712838847,91.94203284906746,92.31510096924441,43144
91.97796606178571,92.38611721453246,91.45150469181522,91.83652860407733,997223
92.59642875063139,93.33595528938514,91.67279537677392,92.31833872833418,961817
92.33612927300389,92.89447898544681,91.72102035626956,92.41724388620285,424387
93.11351231516403,93.57083406033607,92.29688339479704,93.32612069865,190898
92.22682561685009,92.77931614694901,91.47961056658427,92.68248411524898,864827
92.20731122551105,93.09040076841217,91.89249611479927,92.38853407787325,439981
92.01526248129355,92.66189466308344,91.54992158904837,92.03618356533295,361647
90.99820607298949,91.74272424237247,90.26341802202444,90.7080992138196,803770
91.10869229778872,91.29960507300294,90.85398321396855,90.98620054356044,681270
91.28882579131694,92.24875615782163,91.1101554864647,91.23315798146604,545085
91.17392811178911,91.26803317317798,90.76381502166008,91.24694750725185,410778
90.93606311699361,91.69127081380923,90.52855036482464,91.04224855335003,943529
90.02409098020358,90.08969588360766,89.18488070682977,89.771716185842,723620
89.43972229372174,89.67485984729298,88.83245555148586,89.40382870549664,100483
88.73215118056527,89.96969137512512,88.70445987209627,89.10686348620729,677579
88.28459255779438,89.06618469736516,87.70581729079525,88.40367932388364,411467
88.11852877985785,88.56674380437984,87.63072561028373,88.27003830385277,755641
88.53944122349574,88.9414968813781,87.93116467784868,88.63627884157287,506227
90.43472218423908,90.91419499307726,89.59223864181844,90.33302334061065,99298
90.48046452702326,91.0920007351904,90.06684655764072,90.49991203172453,932026
90.7284192044904,91.53679478318568,89.9357463533052,90.74236910275751,21024
90.92212995100756,91.25229529839736,90.47245157821999,90.68390819185939,42625
88.84544775170427,88.98402351350737,88.65329409322672,88.96937516767812,830464
89.28634264874972,89.7748198258528,88.39548678433799,88.95468408894159,994755
88.89766327677214,89.34010738005658,88.5515226795981,89.0171790929472,640758
91.26251887736608,91.36273414765648,90.7183907086752,91.24624087709824,300209
91.02877093767287,91.61673000663689,90.02937094437391,91.07999498178917,533326
91.38674694361414,91.78525336018576,90.79951970868896,91.36419476411254,587337
91.42283935015482,91.96402019553844,90.82677201685028,91.34161984415537,925236
90.36771383119604,90.57706576779054,90.07336963346172,90.28937240808376,911799
91.19869788676831,91.92631607960185,91.18958354180833,91.33627174509932,193948
91.82815637364584,92.13136838963698,91.38900105757276,92.0348509435683,898895
93.23950384672084,93.47416957367344,92.0142281296672,92.77504012006345,987590
91.85537482602936,92.33709218007705,91.4850887269516,91.9443741003873,910120
93.38298507031665,94.33786860478638,92.67400321367924,93.25257834488269,483672
91.66794318682159,92.63997659139118,90.8173112580323,91.96363225538062,151906
92.46242875620733,93.27570255131891,91.61135380563813,92.5141650308353,322646
94.54840195622334,95.44737276689622,93.95402837572365,94.57246107380392,252957
93.73823321341719,95.22009373641056,93.13363563215952,93.64967525790563,629182
92.62306550383146,93.60742097385243,92.58193152143458,93.13015063231174,319669
93.26330447272066,94.12703484638584,92.94242703167185,93.23232512141189,580750
92.56004881767394,93.51908330138737,92.17520888747357,92.7733796186783,759749
91.41426951527369,92.14449561396005,91.13182754779245,91.35500830499389,961946
91.23731117691436,92.37058094913255,90.71311999803497,91.42680771733673,832465
90.31497372141703,90.80830772571215,89.34544748644151,90.4697643572412,901883
90.85857880979309,91.2268666452439,89.99058093190015,90.90832886737874,706471
89.89573551696506,90.62217964310835,89.38048556070896,90.08533442134635,196160
91.4146000758558,91.90898056893222,90.74377211353759,91.50162442454803,940018
90.58010416501574,91.33755425517677,90.32519480853077,90.79681359943677,715110
90.18205846451208,91.39083441815454,89.33504439793167,90.51391332727043,127425
91.44819105361768,91.77425505033665,91.23372313363913,91.26238866928279,972260
89.92128204258628,90.52334240319915,89.22542759678501,90.15497251113555,42523
90.33701429400092,90.86841246951363,89.75101893832809,90.36930883062968,247484
91.70535576264876,92.10106847400459,91.31727412319471,91.5674750919455,499741
90.00548885303887,90.1831897407818,89.61183727109238,90.11632185436844,828638
90.14287795387963,90.58620651497552,89.9988979730786,90.2918895304078,970284
90.57686626749849,91.21653094154999,90.37971927014314,90.53590092913451,309742
91.45966614357062,92.31139711200669,91.23493038700555,91.25563063157594,253043
89.93199913713438,90.28128222768231,89.27526696267735,90.14280986435874,803689
88.94251677313896,89.10465861691745,88.17618494379131,88.96923384829611,849742
89.13383750489552,89.89909063422824,89.00143599987014,89.44375916350418,288124
89.64820467134456,89.82882533011963,88.7055612805066,89.71875968405834,126433
89.95892891570855,90.28863643170672,89.50625194922384,89.95277530310342,510151
90.11968174871437,90.29277086760987,89.59071890423876,90.27398248860263,966188
89.58918835653522,90.48779793974617,89.53697922734997,89.67114631973095,838978
89.63547414369334,90.1306221355015,88.83211824584319,89.88864132545594,841542
90.17538134174508,91.07339310759718,89.65651035085293,90.16148229803382,679261
89.7176896647285,90.46598580272601,88.77514382136731,89.52865988203314,599648
91.02369366406522,91.50310571223363,90.2351940943873,91.22386507274788,924939
91.55214959621576,91.82984942622485,90.72775697971126,91.66630563714457,613628
90.68087031464593,91.08162197527852,90.31305298639204,90.58981916746679,651548
91.41674061956276,91.845124962741,90.79658315169905,91.19566577929568,832741
90.05041742980903,90.86554054619182,89.7654174241762,90.32014767851054,302054
91.01221920422941,91.28607090700122,90.31276396178043,91.04295252590072,861818
92.16527733939441,92.83247879766,91.56056123426602,92.11311721414789,60394
91.35074150043481,91.89896670532124,90.60098626463565,91.3693911609865,96419
91.80606849352459,92.63019929832593,91.04056962675035,92.26310152939153,483640
92.74685404649716,93.01246972449997,92.63715555872751,92.6539980609954,815429
93.71204888251211,94.12863127520332,92.58241068453978,93.42815130951261,837707
95.24894442734437,95.49176220366724,94.47895003811436,95.22672579416579,931248
94.80692100493135,95.49450671600684,94.43790162290637,95.00283700556449,818569
94.20211290075648,94.79455231447271,93.63224868319922,94.29888755777193,629892
93.8040304958573,94.3466982423372,93.04046538515857,93.47315179020043,665435
92.89171097587734,93.84837736905446,92.08797979870391,92.72296213144287,698016
92.77937502034335,93.20640748048966,92.30070210501593,92.66076430906807,996656
93.05299964306757,93.79870717619579,92.3881811749663,92.98671637143492,916495
93.13037629206441,93.78418126107782,92.64591990555596,93.25368323373306,801049
93.99994205925239,94.44064105958385,93.6518209546169,94.03766455006222,861874
94.04463876433144,94.49596985562263,93.52077168710632,94.0592974798827,449658
95.5509194566506,96.01181130148083,94.19381488789344,95.44601010520132,758653
95.49056753428458,96.0481659035222,94.92303920743329,95.20325954005303,902361
98.0571086608508,98.265189542608,97.42244687975816,97.83827611002694,382106
98.1826716058145,98.52165204611087,97.88854942877227,98.46218297010509,96280
97.67531435145558,98.35541703397367,97.30838161638326,97.63157638762218,117915
96.74362969449992,97.48801112140956,95.8818641442172,96.60128512255109,719714
97.1983488462897,97.90176430588834,96.38431246805482,97.07819316095083,622205
96.74927911875668,97.40058127621232,96.26723459232123,96.87118836359234,974680
98.14377015241053,98.86038395564871,96.78678294086481,97.57508126532127,110501
97.79731137232139,98.7478309118237,97.07553495238257,98.04774188739302,980694
97.77388395474664,98.70762002636673,97.33263066657214,97.98615890526537,502051
97.21503464451808,97.45042894556522,97.13092500069898,97.16963794557398,76471
96.1235644218216,96.28785349370644,95.001462725404,95.71833071208682,909775
95.14203538763924,95.66682997872509,94.61789849857485,95.3014164951153,631006
96.07958552597142,96.60633408728563,95.59278193479766,96.13069405655055,279022
96.55394512793629,96.9666395358727,95.99933277951541,96.34635848311237,470622
95.15969561237208,95.22305475428242,94.47131543230228,95.16309524826592,846236
95.2737750052394,96.30668952299874,94.69779846958107,95.33757564582473,744966
95.82348692355251,96.22382423147293,95.3046356802364,95.71520758231357,443243
94.93415137842587,95.45800877699911,94.7568471928979,94.8824370363274,881988
95.23377214529823,96.0655102910547,94.25823984190649,95.03791064682548,914926
95.34840140420371,95.54242746889079,94.45465865294067,95.10275690060077,901842
94.08908754977197,94.41509855898188,93.48914732597005,94.03135172434035,459717
94.43289010019289,94.7953847418383,94.0974913753685,94.37782390062928,255338
94.95870423343196,95.33769105618907,94.45425849279167,94.91805823606072,71936
96.0551273488586,96.48541015590985,95.55088455477619,95.96125218746016,943880
96.99824083834655,97.9043406316536,96.68256053733218,96.98753910955004,230982
95.66998346135213,96.34174002165848,94.97516051416673,95.67009988848125,881983
95.01340228688923,95.76154786947345,94.10934383712181,94.78655396456173,961381
95.57445339766089,96.06583614731602,94.68422869763798,95.28552554360031,69645
95.49712239921318,95.86273601391629,94.7222900000433,95.78592711215794,83285
96.29210138648168,96.4114160728336,96.10403254984493,96.29017150964204,439652
99.94451969684434,100.12358364379561,99.58081780879711,100.08237204186679,753765
100.60282472235752,101.277407952347,100.07723765991412,100.66543287692991,64235
101.90722467772622,102.42647349086432,101.50613232561078,101.82525204870625,630935
102.94924787598968,103.39908554702933,102.07325355797113,102.81159582142494,267185
103.47062758258025,103.89686924183549,103.11537179310838,103.49383637419692,272320
102.78355253258013,104.31697371273594,101.8692815252409,103.17838325729547,313420
103.77417069828716,104.23804206226413,103.54519072890935,103.97485164042047,303908
103.36973287786353,104.17430689026565,102.00883469909718,103.18472273805482,501202
102.38668682842327,103.46629135736063,101.25143429579171,102.95094581257982,867496
102.70604991872733,103.20080359870242,101.97952831159414,102.46271589694511,785464
102.66380735204562,103.53952066064898,101.69146836198017,102.5568958922727,636757
105.24523577184874,106.23323501555754,104.57017350747921,104.96892060663579,915886
102.99644189663218,103.47850116463493,102.16836497532984,103.03736198700841,817461
103.32950182735117,104.52482909227476,102.86740557817993,103.75727343985264,856612
102.19548088621231,102.81802244887915,101.99081585367605,102.10759429821219,201832
101.89611837465219,102.40787241325509,101.06800429096232,101.63701449855517,816078
102.95016397064346,103.52799903001174,102.32915343175635,102.76011493261296,723922
102.70017581129424,103.13839868848076,102.10069562612482,102.83647352168377,557489
101.7619386090817,102.1773004991098,100.82950602784274,101.74428372212587,984060
100.92153818124905,101.35836488139654,100.40584172660083,101.02920222755453,409770
101.56161988253605,102.51203316217479,100.74824024948778,101.72830506012522,966458
101.19110635448679,101.66816136763589,100.6306725758869,100.9981214525939,975875
100.98465410139904,101.33914356383846,100.58191083111348,101.2270995463639,601513
101.10231146297481,101.56996930875292,100.27710357405564,101.2833689415841,464770
100.4134061165823,101.09831653218662,100.17301406724238,100.63561471314944,766419
102.5202882700239,103.1883555215957,102.00369351102785,102.8267629275873,483207
103.52132548782305,104.05062331637296,103.09774248162167,103.49102035890722,308851
101.66201525955424,102.12880580161735,100.50526341236254,101.42640111137939,63272
101.58827698865358,102.73768740060936,101.24132649650824,101.62585350494689,428437
100.66156639563354,101.64458928896036,100.00225780701528,100.96562392795776,126162
102.01123096773696,102.68362326208387,101.0494077750901,101.84015081053734,404879
101.38700841309412,101.39412506086073,100.9935728131965,101.0463404265026,130628
100.81009935977833,101.33484478267712,100.34819866685413,100.94056348847727,809072
101.36462548965908,101.82091110039138,100.98906035867722,101.46173538241075,797753
102.45975402875986,102.73042774007415,101.55185175496416,102.35419397244885,417061
101.47118046546386,101.73504186170776,100.4325427003844,101.14309779529617,879956
100.71060454659423,100.85820206583992,100.27750927614751,100.81541914116458,767716
100.08035384457702,100.46542235329024,99.89442698027003,100.34777057442813,120523
99.83018641550969,100.591120069615,98.8952317700387,99.70427614534351,456055
101.65248323675335,102.11716275294076,101.0034347987362,101.49028793910104,23370
101.91357890452389,102.26831895060978,101.89756509372873,101.91232916373387,425291
100.53311705282873,101.14705765706252,100.4926164016219,100.64546421485268,772523
101.78568629728059,102.65108571299292,100.94237351016564,101.58366103338479,690063
103.88243035758087,104.40315470679371,103.65115666443843,103.77283876725434,795858
104.69913613214587,105.55458571216303,103.59152999321331,104.86029287886791,377866
103.2995898010915,103.55372595126998,103.06336904323211,103.28944786571215,554598
102.52286059530611,103.1239907116359,102.01035724011614,102.80077375567312,140602
104.26469731405875,104.89674267896106,103.55155449855647,104.12186492713866,635811
103.3437377778193,104.50204608142772,103.05314895440421,103.3979666135233,430509
103.77775997470806,104.83313913977962,103.59931607868904,103.86827303811567,551366
104.67958155892114,105.39293953926226,104.09623519430619,104.68646458617255,924482
103.73931220200413,104.30513766538387,103.44669803968029,103.7309498901253,983274
103.86516144991255,104.82105414163634,103.12494357066718,103.67958948710697,615015
100.50164370209302,101.24375135364487,99.91789785239901,100.38297285257416,454684
99.33876284573921,99.5567608769116,98.76360395095583,99.3698475781261,668235
99.28050355512013,99.4630017170337,98.16897424330486,99.12910008223392,77218
97.98813143443274,98.57747330753827,97.58054081989185,97.9096593384464,734603
99.44609709285749,99.5669378964554,99.08874092044483,99.53101688406133,870057
98.1030485327101,98.35392816383722,98.10279267095972,98.12752510111594,661207
97.67747450552217,97.98984208403853,97.24628235921672,97.70643916686595,797964
97.94292221764765,98.35736791644514,97.23451832645766,97.84404858682649,439478
99.20151519427601,99.68515564669022,98.84939789163579,99.27438708452131,534604
97.79249718522894,98.273371899816,97.18136336368656,97.86891503221634,432318
99.4137468102122,100.15695628194175,98.58145252850981,99.02383899654689,680211
99.23002666749366,99.64722228710659,98.93560168410062,99.04387657735462,272935
97.9371066392774,98.46356639373126,97.35575636052205,98.08631567302123,234906
98.66301239877748,98.75698730865378,98.11858155087187,98.5504793814744,591062
98.78009995555185,99.57755551599337,98.22657112388347,98.75672422595979,485475
98.25244363122324,98.54577703446647,97.85166617760669,98.17556211776517,144877
98.28092818493019,98.45182977705144,97.9558574744595,98.25393953253192,540360
98.11876868839164,98.67208708630935,97.35021604399736,97.88587027704762,242476
98.07459732934696,98.33931794954324,97.58461786473518,98.00685100610109,480380
98.65555154902488,99.00545907401063,97.65194492619241,98.66780386001953,478240
100.46416243364452,101.044381200619,99.51368579450113,100.25519240001867,76931
99.07797492676121,99.47632308975646,98.37469260864943,99.0317696658502,414268
101.20153915375741,102.40936212963425,100.72494360273144,101.17695748764453,792063
99.29329123447265,99.76746777361167,99.12399173398641,99.23096969976795,609370
99.07182316363013,99.76949200515861,98.81649375338233,99.09037467002587,802371
99.68686619620735,99.76911604934553,99.38017787220846,99.68502661012279,7474
99.85821419004297,100.21727046548672,99.44130146832792,99.97552438837755,784550
99.21556831542753,99.53766874490964,98.72941981892247,99.36484754794942,651773
98.97012574997571,99.3800871591264,98.2804796557193,99.16817856276407,103765
98.41559958389097,99.30683074156457,97.84287623347235,98.69035022003986,102869
97.9475901226873,98.91565702330516,97.11722869487285,98.12022625576766,619017
98.93281183934299,99.56446330066241,98.53071979792178,98.96730531695653,776416
99.35168360232272,99.78088944554214,98.7579091162499,99.33119801632098,479069
98.60163708731987,98.96173120913133,98.00691809059722,98.65516670264624,692236
99.0875758141222,100.38700944955721,98.51909266955887,99.55662760434795,589072
100.18753939613654,101.31101905535503,98.98957813143197,99.8730220002364,820664
100.91704302015276,101.46251650236285,99.95192266688599,100.69822977004196,797658
101.43473951787746,102.2277653586173,101.238809392731,101.34438899835428,241462
100.90124652977255,101.50969225136859,100.04966115746036,100.51777310054233,579780
99.77085504236693,100.69266823074395,99.27618326582757,99.9662619170804,618185
101.10644028796295,101.25874295155218,99.57239341002914,100.72617377611428,167760
101.15733662433914,101.71133403218003,100.7516323338284,101.3529912921711,50962
101.39033113317106,102.01757312127474,101.1339335714272,101.34194280283157,6909
101.21254578085909,102.34751456369561,100.57339095416134,101.47106103078305,23362
102.78913754664268,103.0507973012573,102.11893656760846,102.78611684859946,7629
102.2690018480492,102.38148725044276,101.70174325815162,102.19007707965713,410998
102.72917178944617,103.12116246634984,102.28340762173708,102.7609640445577,582140
102.7100904492032,103.53489275255788,101.75886724337055,102.5636546898701,198683
102.37113872097012,102.3965588287506,102.10121548126465,102.35087029081735,634603
103.38389628338683,103.64408246299348,102.97272405707969,103.49202780257427,74134
104.24193311470746,104.93085495681225,103.88401318214075,104.36023866095158,32633
105.39385759583841,105.88415891072135,104.35177840490881,105.22320370567107,477998
106.47713763763711,107.33975961862136,105.85355613271473,106.61653706033474,618679
106.8448521238987,106.98522699745675,106.45709299548803,106.64959740736325,509789
107.65273588632638,108.08604506145777,107.16390631889442,107.39012155022016,809354
106.71081613977395,107.98738795212768,105.57752108864733,107.06814834649701,997811
107.66994524551579,107.822977768186,106.54030089601308,107.42653253869712,740846
107.73970111433147,108.75576588803277,106.4901679628839,107.29754452189088,12432
107.46654666746521,107.65974454881959,106.87140153446373,107.41241000482324,182897
108.1938738650119,109.01053688407512,107.03503581082238,108.06439452550451,224933
107.4168383101801,107.83373642976709,107.01337998943195,107.19451574304269,551848
109.41170144985014,109.64337049477848,108.61749257266064,109.47201665904325,366707
108.4265820890871,108.8070838035543,107.98926845638347,108.38706845095541,630082
106.80823621427584,107.80022819006172,106.35394660263813,107.08971070915874,248451
108.37801354832918,108.91767514901393,107.57031865586406,108.34797189997805,21537
109.32885568674314,110.24234290779803,108.72098588825912,109.22004805454146,29343
110.02830253139584,111.05236016939578,109.50860030134434,109.9148345848283,410341
110.85442702852843,111.0152666039881,110.22994273295167,110.61871520039423,722553
110.44481848536566,110.75241975688014,110.33889779185603,110.61622987705742,459176
109.52233458456877,109.75814994129395,108.72395938520654,109.63912366068365,577696
110.14923972112837,110.40284862071432,109.51595553767054,109.7332393983703,908441
108.97080529642571,109.90968584823793,107.81841416142815,109.0035779576433,158158
110.12674082974519,110.86250703982968,109.62727030765032,110.0827003108237,163256
109.917194104682,110.30183903230129,108.9358182890058,109.93192719073797,514150
108.85989027815528,109.58064447815875,108.81339697036321,109.03908092237896,449701
109.05303224158037,110.05772872338393,107.91803957661801,108.7000767419469,665937
109.04556850154603,110.33142082100308,108.17694779349667,109.16077709394368,32085
108.31324576058259,109.1852621975042,107.34809990689926,108.55799747866321,752808
107.58276712292549,108.00049211585437,107.53802520565337,107.67983840336919,101918
107.52117341668006,108.58940136846022,107.21023894692073,107.95335517459887,113933
108.08797501371956,109.07359651854445,107.36059375854498,108.22895133242172,591595
107.48392882518839,108.30348496294165,106.89864379979619,107.6924491046904,622554
107.32946154380926,108.10003821662235,106.56676109984856,107.1970884406986,151030
107.31214722660273,108.10926495573568,106.89157587832887,107.45687320371064,838780
106.1106881909359,106.24821440712822,104.90020419685591,105.92261116881099,588924
104.7448266679061,104.99006412797834,103.11302891000362,104.45267587741047,326882
103.87734162846911,104.29664703023971,103.1643725192691,103.71530195670071,703898
103.4599233073001,104.3528588850034,102.80189090890597,103.50451062616624,828133
103.8665038232573,104.1471872408424,103.30049138677873,103.8371979553997,171197
105.06962230474768,106.06216136630091,104.13952917625282,105.39106186910003,871349
106.28103212256639,106.93787973506842,105.48526895863223,106.3094761525919,429066
105.96752530197767,107.1860731661375,105.77669280576927,106.15019672729171,290148
106.2880189104037,106.8061688218177,105.80502102976732,106.14062643631081,534251
105.6331135733472,105.66102979135515,104.88510667618027,105.09236033108094,519370
105.18845998419272,105.91853220814895,103.70845359322922,105.08341405633801,770951
104.37369053063394,105.98709946028987,103.65289257151058,104.79099765599769,40131
105.06427776885417,105.89063907452875,104.72671240937913,105.14023742535062,329843
104.31004811778116,104.58511530274325,103.97442662731747,104.28450030789132,913949
104.85630707658908,105.0402420639297,104.06054388595835,104.83799032278097,597765
106.31229086051567,106.69586489241483,105.49211700374478,106.46790714851613,613616
106.41499102897897,107.58661323146119,105.57633019442075,106.36281119036167,726778
106.5362198404528,107.23075285549837,106.13955055819802,106.8016220500158,767287
107.34875735944607,107.87596519250057,106.7135177671264,107.55201102616796,71592
107.27043880228979,107.75580429128757,106.5607595003539,107.13206752918884,528981
107.16501917918113,107.81797372833915,106.93019716559245,107.38314941212907,219668
107.5230284162673,108.56631910089524,107.16891244072396,107.40741258432973,94462
107.22862892826585,107.7335032415987,106.55996244294631,107.52312698294763,591596
107.08247141671893,107.9971623591254,106.10942035471115,106.70583697064401,394939
106.57737242166726,107.31547834245315,105.86756124545913,106.74266769573522,149674
107.23830555451829,108.21122198257197,106.44763011577339,107.28629827159007,947806
108.93739833707764,109.99930453231234,107.83139384184018,108.86541363823186,902825
109.80145174194784,110.50333782416159,109.50803076726356,109.92574477111783,145426
112.36176220609057,112.81736770997631,111.5555145938093,112.32954475344643,948155
111.61031691418131,112.19052721994464,110.67405625258722,111.48203303943647,239849
112.68609456234405,113.21748702443386,112.01298005936286,112.47001419455376,257687
112.86606033796426,112.8693448117399,112.0830405056328,112.68767632421152,365985
115.15446661319862,116.30652945191348,114.67768977338199,115.19404969941094,833807
114.24460476560941,114.9337725118634,112.95069651690375,114.27811837207193,640586
113.86631771508654,114.03833583964443,112.73153134712834,113.33385067800327,851356
112.88187783976417,113.01762619514986,111.95188447452405,112.66783395213524,623522
110.10777524909298,110.52987479911575,109.64443654375026,110.31115010453749,141995
109.76562558350308,110.56817051281917,109.35287163455907,109.74367944551781,513958
108.85161474809809,109.26698285759612,108.73253195075525,108.92462542981166,469596
109.06994415908107,109.4960830455051,108.16470660984231,109.099473946537,703115
109.21469373076994,110.19166830009823,108.41684626432786,109.48391361404073,729871
111.47665014231312,111.95368408105784,111.01996256058928,111.56856551103533,616301
113.05338508066123,113.80401131185678,112.38629965143339,112.6452587430634,375157
112.13819824006879,112.73093745287782,111.3879791170479,112.00847533294377,250806
110.46465641722047,111.54485212459677,110.077266855257,111.01778284972804,208996
111.84791838579442,111.87943140067237,111.09284524184069,111.5764031240156,358872
110.36401635324607,110.64442990053045,109.99085236267958,110.1240275700022,336716
112.0901000628252,112.93431659200618,111.45665550946477,112.17070263288464,145160
113.67570959228452,114.01150019895968,112.864599198061,113.51287230217957,909651
112.79863174535187,113.96640228636777,111.86418885617742,112.99284366670217,106618
110.98024217462059,112.42209020813056,110.47552897112537,111.08471862246469,520627
112.94765430734958,113.73480411904188,112.159788049518,112.6101512427111,320658
112.43135509913863,113.55874985933215,112.39428452487154,112.49249027687458,324893
113.47904074680396,114.72079245333289,112.5368375661103,113.90498425784672,434864
112.10026997241206,112.49534120663398,111.23951148533907,112.11446438624418,286650
111.43811489838065,112.07983539381569,110.87131665068227,111.45563313655956,3399
111.73979497244684,112.97339815650105,111.35977989386299,111.47262439360908,481091
111.53935831567327,111.92186456176232,111.38487050015378,111.53616025671067,688451
110.95277613459865,111.25539788350254,110.58012101883394,111.0464065360879,805190
111.98496499997582,112.1638516566485,110.86903913198088,111.75139204199256,379428
110.60242748371041,111.0832617874259,109.92652310398151,110.57571455117119,452555
110.26378267802767,110.64914043654731,110.20645340224412,110.4294318352053,236660
110.82883437789816,111.93956741539412,109.88645801810333,110.5734103394924,557201
111.19787636755062,111.82604091094275,110.87887494127001,111.15482348904773,471240
111.96048946010005,112.84667676718668,111.57543549023364,111.959834278611,362193
110.75820777771793,111.212759886449,109.8424490698947,110.71881216617494,322297
108.8106253536581,109.21635075487295,108.01668729268889,109.04412554628047,481620
110.34077430591965,110.57573095600272,109.42722997199606,110.45734077184943,261935
110.8368937922643,111.08916130834949,110.28961121796976,110.83609962903698,228440
109.97777078655018,110.68541274071548,109.13654271534573,110.02060482147698,372960
112.03606279019931,112.77098001451164,111.38941756109972,111.75167079470658,879037
111.94085462563856,112.70312575054182,111.4192004324765,111.89220258620504,741800
113.42448108026795,113.48504770570032,112.77556305138067,113.23087803667372,426007
113.32081626196319,113.88728123543304,112.74398043127256,113.31868692347575,872774
115.93409874789661,116.15690258076371,115.55774817087243,115.68969536209843,692283
117.8437641885286,118.57491379191248,117.24087863489594,117.75014628555047,577163
117.47225456764885,118.22845062594985,116.37018143796433,117.46910158292607,115262
118.62467019920292,118.80380378982802,118.42034922684158,118.62782168701989,945080
119.17989821520338,120.35164323051788,119.05928384934917,119.40783311161023,578708
121.1881669195781,122.64442074927578,120.91361880512821,121.06542698337233,858993
119.90520485092372,120.81474897539549,118.34816642089069,119.9148471401162,125808
120.63119430309438,121.29720212113168,119.85981138269923,120.75242779894924,465813
122.31957924515552,122.81501792969587,121.5382028429434,122.04949304874467,791672
119.63383286239917,120.45816610982911,119.01114339947446,119.93371897742064,112353
118.43464793251681,118.85696259391823,117.76159351653813,118.53480887294619,381354
116.39244985466756,117.06254384077437,115.7961065709305,116.15370317767582,933384
115.92589142727994,116.1095890122078,115.45328208990139,115.85278300566443,159016
116.68756439996862,116.77681690094231,116.15932555989961,116.69873455255686,231547
118.53652575300718,119.20730084300732,118.14226472070435,118.47704943462706,618153
118.61927304343645,119.21992536113406,118.12504234870498,118.57672435402513,187493
120.17012348069454,120.93188711155436,119.44197968794772,120.53574758840635,208759
118.81249604799882,119.03250439983353,118.5738563423974,118.89554741409746,426928
117.27708217652946,117.96540858957577,115.39934393073413,116.89914218705056,777077
116.69183078553007,117.08304528036406,115.84470996022482,116.84590944182003,617064
117.23258918397818,117.84490601806993,117.09311220519497,117.30726722821929,724618
117.15360439234782,118.48804202492452,116.86848643202681,117.280647660162,942521
114.87232495956395,115.69123142950237,114.53488863710947,114.89231972128012,323688
114.66756612780011,114.90392483209169,113.8588063870288,114.80145282422211,337554
113.43527994565183,113.56861691083927,112.59158777944572,113.32496002310452,653280
114.14284821926394,114.76554965133977,113.56527576808483,114.09782215801418,29484
114.70550889672693,114.80576586501525,114.16232765039778,114.52832267499203,254002
113.2297861581458,113.58233878307581,112.970761033763,113.46828313775832,412109
112.82114444400563,113.64279311114623,112.39329837023467,112.89799195820476,565991
111.66920816248698,112.38580616781563,111.4500171317852,111.71964346633897,429247
111.76256186807407,112.47245474904615,111.23611907056234,111.66080606555053,171726
112.56484773230494,113.39639436392781,111.55256862535323,112.74370913217571,658644
111.8534524600402,112.39080403659086,111.34906830441476,111.6489888173358,568391
112.49068375445441,112.82966704571913,111.45760489575204,112.22439421259398,606366
111.42125491830126,112.37313177503805,110.60896372587811,111.64205439915837,675703
110.66270198360351,111.8337108899851,110.46780327060823,110.7714513896339,125536
110.54629021999266,111.05093763462854,110.273253664918,110.6640215798179,561322
110.1119215653565,110.3252941752881,108.63630628188871,109.5352434378529,92385
108.8477037863054,109.11509405909,108.6057671372656,108.94137160053052,315814
108.01614621722725,108.27536436946939,107.13522808464559,107.65493689500968,269359
109.52379773626375,110.41770199273451,108.30589842100912,109.80195507511054,805831
109.634236973911,110.00753321812644,108.7637963034454,109.85166658986185,436093
108.94678612819517,109.78581755748476,108.37419544616367,109.09659856616467,534431
109.15628947336802,110.09915173722453,108.33519493611324,109.3412268871258,326683
109.17087253380924,109.27245942857618,108.64333335968313,109.22939736838502,811479
108.84468694199661,109.22400580161974,107.96797613192841,108.99919945537273,487352
109.50193030541635,110.25629074999273,109.37722991299438,109.68166380364566,730242
110.78280202377422,111.28903409770695,110.02026206028751,110.52671780888681,193831
110.22203894642688,110.94497564495558,109.81448668890027,109.95291958290237,451860
109.5401206655965,110.0414408355467,108.73295583344037,109.33254266577434,713898
109.15741559199854,110.11737958854533,108.57518365534918,109.04313861050746,229377
106.59214563412678,107.02240395622916,105.60446739987677,106.57237793601237,49354
104.8759153695815,105.1955763534071,104.1275751521332,104.98027220398119,794996
106.23281537404277,106.62832936530224,105.86931462571556,106.43571537581164,629944
108.29040965158988,109.07079425831571,107.80266177174528,108.21184877925513,248197
107.70009736783999,108.50285294608904,107.03859372088075,107.95349236708715,747204
108.37270490613741,109.3379474983223,108.01699120201971,108.58856179461085,931637
109.18915568846988,109.93594045098556,108.4038537017525,108.93796364369234,458501
112.78253311644343,112.90203179958995,111.34984486976944,112.35543661059107,528332
113.72115208221632,113.90080332205557,113.34625817635664,113.63177043650848,359652
113.74901859112126,113.96947839395635,113.08279851505651,113.49785755858962,231827
112.37446575393562,112.71664614670347,111.91623606189198,112.42974708223727,401303
110.35309279893376,111.06282748656714,108.75581782534196,110.64911773595128,513613
111.02132763348831,111.90921501515233,110.12880181784553,110.88556564108842,690416
110.18636427069093,111.13346533119969,109.13695595857772,110.0610511080835,938135
108.53318856998786,108.98048938572326,107.72498024183825,108.51763396619414,215367
107.77676395570926,108.2868932319628,106.96777199341767,107.8290341788215,627871
106.88505960229502,107.19328392338251,105.99480185774777,106.67976280970296,745771
108.29180484945502,109.07728092181745,107.6316788424168,108.50572019487888,807789
109.30810323406001,110.09142848943603,109.23729715726043,109.47752640156907,726490
109.25901143775235,110.29202287240878,108.59541659759967,109.47974592620572,422056
111.14203037524669,111.9639608305307,110.6036481645548,111.12314544947417,48960
110.97828276639103,111.43229951659328,110.24178974135515,111.22027428478962,1999
110.12657920846209,110.77841287028073,109.5993567453028,110.2774922319552,490957
111.8231469742899,113.00609533339963,111.0080129408047,111.9812096975078,269482
112.53888817201995,113.01257174816078,111.65885683161846,112.59757590498283,216034
111.11531581924184,112.38497111004166,110.70013565577399,111.44684218965244,559100
111.26544396305205,111.71947869612274,110.83461791042896,111.24604154271822,749877
110.562354638551,111.17318626306951,110.2241292846781,110.28723130609141,5893
108.81303181568641,108.98597140551588,108.1616558699569,108.7835533498287,219680
110.1452374205306,110.33273262756124,109.35676822207154,109.80674251237843,141342
112.23339022438732,113.03883031171216,110.91978201983072,111.93474872092672,145385
110.56291071359009,111.40821445449635,109.77061053895856,110.39120050251294,578839
111.04210769378386,111.60612239659842,110.63211466570705,111.0255236242117,289277
110.32148469961555,110.46682523225572,109.45431792950265,110.3165203705391,333940
109.95914325720904,110.52338910804096,109.34727650005954,109.7914259249512,101440
109.06836096693628,110.11133118570179,108.68596649366219,109.15386568914465,462679
107.81819660006965,109.33266777401288,107.15178567004138,108.22567074209661,920338
108.39558198088251,108.83457066885964,107.2235782829638,108.28902470254549,303666
107.16070314908178,107.40585563488253,106.35049796535272,107.40366498148298,554967
107.49805324756097,108.51537008962666,106.77773105604261,107.70530868351975,146993
107.66202704304116,108.1112049391961,106.23515123929748,107.66197882167239,21784
107.39533495166006,108.2567419417819,107.09433054043211,107.41577077574478,447187
106.15531202331425,107.07800499031384,105.86488738560813,106.45595975113724,538764
105.88934049572802,106.13814525703478,105.27880551601933,105.85430450688187,73920
106.87372421173707,107.42676720800976,105.64946178447624,106.66761258963267,440659
106.97204233193251,108.17087681916158,106.73938433663157,107.21399033635367,869130
106.45186682160477,106.93649299400442,105.0918197244271,106.18163809257474,687610
105.96610698197986,106.49928885967617,105.89377107008843,106.29779241097049,922883
107.56379315173457,107.58897033926533,106.61361902661037,107.11021904594489,175075
105.2608417440827,105.63019287527771,104.67976010941635,105.34749225411227,581969
105.96291024539401,106.36234710093773,105.68289598189489,105.93205922872886,975191
104.8447259853095,106.02808476136609,104.51590179567486,105.24297245963312,452000
105.84263411280355,106.02912283176973,105.06046853719724,105.85578903749115,463706
105.10942553524772,106.12491456732401,104.08175346826799,105.06141621290675,846244
103.17472759473647,103.29452043383648,103.03607818835155,103.19251016234226,854930
101.42240804065631,102.7546332614588,100.86045597576354,101.53675489126546,86368
101.4034157294516,102.6296443946434,100.93086838038194,101.59574959304763,954839
102.10047990242832,102.65422172736609,101.32797390097159,101.87014607867214,965795
100.96938687941254,100.97513399589702,100.55429551598309,100.96316610763635,385649
101.93327673289915,102.42599444782049,101.5054515140991,101.62013380756723,610102
99.85038971113957,100.33941686339969,98.88914089965967,99.9556394720281,734023
99.81272863335043,100.01719591419011,98.96651743839931,99.8996002654813,954282
98.86797575036333,99.44863022742462,98.2442246250919,98.70696608348484,4863
97.75710990066551,98.32349768411201,97.41153261629529,98.07545792586694,410289
97.89360948460235,98.4119620107991,97.5831224659992,98.13176809470224,471399
97.51435313400758,97.94234012878499,97.03252651557115,97.30078084465171,434309
96.70980949087051,97.25451229388312,96.12360682738962,96.93701704942633,181968
97.57093490030162,99.02736428188454,96.85466951910828,97.92720406024468,130650
97.73752382109087,98.06913317508402,96.84648100226677,97.37363325879983,450760
97.9268588124678,98.8214936679252,97.46258848592973,98.20060628862186,329236
97.14293900633226,97.67106314911844,96.58278698395581,97.10718037508424,217792
97.6462762967004,98.23784191606197,97.3945308949243,97.6327863369798,475086
98.50348551038509,99.68314760266364,98.1585918761359,99.06032904210358,857693
96.59991166564328,97.39039777166136,96.16511537481799,96.65158489355967,199459
95.98002297793555,96.536643594206,95.21413120614255,95.89402267730685,404827
96.52699791210567,97.0747584494365,95.57734384541455,96.4586455060429,576796
96.4465847597294,96.94573742414958,95.85743506595328,96.27261615976097,325966
96.5653609200415,97.08332650672172,96.38520439299842,96.64025543934748,512768
96.20482574121306,96.42269180097001,95.57731490975323,96.06792809019935,250957
96.02819190523935,96.6240091003766,94.96857138198705,96.16076472590811,803251
95.74991399863566,96.57038632653384,95.54629408001666,96.02078236829354,105579
96.90621361840547,97.76139689738442,96.16415213229283,97.15838400211523,445251
97.13076615275266,97.95539679749594,96.25582370489133,97.41563097785702,557755
97.95222334034167,98.3735290725267,97.37164489878576,97.7548395118125,119985
97.06784751184661,97.83291516262616,96.78656175366088,97.36277366737674,925958
96.95197980350815,97.27570833416034,96.24723937459699,96.89887169458935,606330
96.43896325140581,97.06340207247736,95.85457685703206,96.49028145206773,262889
96.86143926868867,97.30146578309062,96.17524159374267,96.88132872906476,545515
96.74711110032422,97.28325290327035,95.40131948410777,96.4839785861842,916278
96.68879082414838,97.54806957326235,96.15689228225568,96.77364725491196,859405
98.93382395460499,99.21795430591644,98.6723126438054,98.81295563866509,685064
99.69495730656176,100.37189465466925,99.16910125592243,99.6874681157755,369657
99.3427163996698,99.87969475389677,98.77401209336797,99.37292952766242,14159
101.04654657957062,102.16448321208757,99.69857750253549,100.58386700253617,706183
99.89546376656119,100.62017493771766,99.45495405933038,100.18426328844394,15303
98.4259829533906,99.12337964039062,97.80248116539175,98.17286741586666,957364
97.32549377914539,97.81660409486122,97.11173315002982,97.1978911113908,338010
95.3144652365023,95.4856365560127,94.68136383770215,95.40596432556441,582839
95.39052930356581,95.71847552481115,93.65024274078735,95.08069582684199,263304
94.75618098084519,95.83447745780303,94.3456756906359,95.10772005926067,962825
96.62431711759092,97.08332196360924,96.01018601545718,96.72525314160713,344858
96.81712613016386,97.21287707046932,96.49215930688597,97.05169662669883,333094
96.92879275850403,97.40430515273815,96.73700155856906,96.84897303774676,54709
97.44793469667216,97.8336268172654,96.83374883685032,97.66535028734158,510486
95.62183962263407,96.13776278300459,95.0533158497412,95.53909055138953,437161
95.73832534321953,96.69858591728469,95.53185009391753,95.7740368795487,348020
96.43229141033167,97.23026988868611,95.48435367839426,96.52483052648583,738116
95.19157276459373,96.10636068382362,94.52335350912375,95.1176383482073,926747
96.16972284197321,96.54043578703242,95.66755468404519,96.22141714863739,254098
96.34709896506119,96.99864568799174,95.98733221029289,96.55733031332488,437841
96.70558515004183,96.88610463509949,95.56902563781729,96.16678707044359,661065
96.69261783392564,97.07223588426822,96.07821477579978,96.78692065690662,344484
98.58052369325466,99.23945657523178,97.96893366121456,99.0196976545198,934597
99.04277642037444,99.31699531306764,98.23023154929675,99.20986541572248,108459
99.21427391080546,100.37127906468669,98.33267435630445,99.46637675187456,62662
99.18402704847394,99.31057405269027,97.92953041874837,99.02041648252285,752930
98.25544909727058,99.15059718300857,97.94783440229088,98.19228148029158,209510
99.09986492009841,99.96581705812514,98.69614074955943,99.02090311666349,369565
98.11397501749506,98.8247896154889,97.51709408806593,98.1866375409654,825132
98.21185567168699,98.42953409850435,97.95034427024902,98.26675735757763,67685
97.7357181747634,97.8330703607683,97.42824602471296,97.8082784400909,658919
98.27175181730902,98.61744693406885,97.64028812775229,98.28771240197163,535657
98.79084240551485,99.47006514700264,97.86640111401947,98.62607109594464,192171
99.73163852321629,100.23121334057777,98.78483086892848,99.66464884726919,296979
99.26674300619497,99.45232233260595,98.72901860996787,99.1675530750451,377191
99.00899895382668,99.8450917675643,98.27819353108019,98.91017603471741,412429
98.12987050388479,99.11638481002429,97.39547441424239,97.95659656184324,103587
97.58830786951238,98.00990912191746,97.03927310842113,97.53210011211475,165762
97.9808449030789,98.50288789417496,97.66070976597877,97.91057486091145,679490
98.89901087047478,98.94583499773464,98.45028711587376,98.66442510178531,899941
97.63849351186157,98.13583536878792,96.9550216807705,97.76853464160666,739830
98.46349805452125,99.27650492704609,98.21718749242164,98.63230578215443,757646
99.7513481441415,100.5948924511791,99.71835473990461,99.98850520011595,68580
100.44952300241403,100.79878563753577,99.92029286319345,100.4127890794213,126861
101.94599215478459,102.75280039379867,100.99119444473182,102.32535979186564,39581
101.64064738578271,102.01248625637085,101.20309654778774,101.54678685880573,881958
100.27883838196651,100.71845573952123,99.86418446464324,100.30074267891413,958369
98.76591995292414,99.38515307656915,97.8499767646126,98.54229994167314,592421
99.90318847035064,100.12791757494384,99.85618508917499,100.03762249084937,121397
100.6635006218023,101.18551100683503,100.22460763312127,100.70445073431674,593145
100.88447413606596,101.49481780036254,100.49935098679488,100.65855540326987,841442
101.23011467900713,101.56301456195197,100.75112941646327,100.95085722061783,261166
99.69521830653152,100.18661708994614,99.31709972820099,99.83101891391094,424864
102.35016886408974,102.72362586719146,102.14614464425749,102.31297170787632,420813
102.51584193102484,102.88109050658737,102.31401114485847,102.4555122366832,850943
102.65456901211783,103.16965384721661,102.08324988888066,102.57791183991685,690445
103.28116250454188,103.89209805379477,102.07469215832498,103.33542924146937,654445
104.11019155500425,104.2456954407106,103.08878168467508,103.84406343723988,881019
103.69383438249783,104.81152798084159,102.86100715843524,104.08722235587058,818909
103.19102314374439,103.70454865655553,102.42825704782211,103.27801012905526,163729
103.86942937571165,104.99110386871074,103.47473422457603,103.77646004412735,315851
105.85533945401032,106.00618906949538,105.13121580261055,105.75862851593989,873649
107.491897574365,107.74966921521747,106.31282709545052,107.20186100322337,477693
109.19541319662125,109.67492007333124,108.11898235416842,108.93435737023509,187528
108.32782776203005,109.06604413787957,107.72296275916851,108.38972731984109,619198
107.61215853620335,107.70387659222338,106.62899982498631,107.3331200637049,591893
107.05581099045537,107.47829809276988,105.7295370263777,107.20891427064396,624089
107.47913047697385,108.20718985943468,106.47283849945637,107.2794003964488,981405
108.86331121752242,109.09798003685023,108.03073837461666,108.47053453547679,197712
106.919996603996,107.89404623354459,106.15120915834623,106.66082272798467,53905
108.33853850975476,108.73271194504497,108.116590415763,108.31562533928718,923546
108.08366088953072,108.40438909979792,106.78221387260297,108.1554282398145,152491
107.37621190368394,108.44119464599825,106.32267847765013,107.70548724440626,366652
106.69778243795709,107.74585898069549,106.07177860300622,106.63155578850751,51999
104.65801097799013,105.54745532663402,103.45000003530743,104.89196563228785,372788
105.60176644096161,106.69833828755445,104.87340992322304,105.7695454266267,59921
105.60560794336267,106.91945003872274,105.21407929723347,105.85770718397254,839156
104.41517187925757,104.74492716381658,103.60915382640499,104.51140437775896,155421
103.17117171095444,103.98328907330783,102.53193031015913,103.17694330834021,163699
102.89763334628888,102.94183698337972,102.0686497991242,102.84135555743417,444351
104.45705643365457,105.2388872192051,104.3638050684272,104.58266159813243,630026
104.54505734155521,105.04541482940293,104.0539486910911,104.32195780216102,761146
102.73305639438686,103.6729684105414,101.7606456392176,102.77585334050667,557552
102.3723153273536,103.40710740510534,101.34046253517997,102.53385175775101,977908
102.31110819376947,102.99754923280891,101.31935182717378,102.26482471568113,497149
99.94462850637623,100.53383044555737,98.39327903843177,99.55367072190488,267791
99.5762866979368,100.22603252673103,98.83967436835248,99.5095833212935,31627
99.21791912320965,99.80482453523022,98.57089425934751,99.28997497553297,598364
99.6881759998241,100.47525955683132,99.46284291070533,99.99364886883299,747971
101.8251689401172,102.82008707100816,101.49338123153429,101.86987195020063,705638
103.08270526934301,104.08143952764075,102.93488825112479,103.03429396234232,885392
102.68823307077392,103.23806023679315,102.27383039712107,102.76789481530386,573166
101.30861066539488,102.22787502555464,101.18951446448736,101.64717394942686,510661
104.12985818098748,104.8543867374113,103.2715263278711,104.30729853700385,352454
104.68317147184862,104.7004342161332,103.73600312577116,104.37952340919303,14300
104.70393600486713,105.12177729732733,104.29190261350496,104.40450367872857,718622
104.20464539740313,105.41268448140745,103.74297620656333,104.38975749311747,112562
104.74795323848828,105.0360805397892,103.46667396062627,104.6072028271045,229984
104.22050320967068,105.65177869889247,103.7386916620519,104.46674653843806,904389
104.17132312164323,105.05848558285828,103.6712967924077,103.87956359659276,84534
103.37404838058379,104.01543209020454,103.28653570625431,103.3233711915009,601460
103.4960600961479,104.18767560791844,103.27228957103378,103.29986442003845,99402
102.39785167541125,102.98132612268137,101.72133570270768,102.75030440241437,690634
102.16893970000143,102.59848997732318,101.65331180763596,102.03066017826006,430459
102.1479560875361,103.1019862094674,101.74477630958766,102.14952389143947,686290
102.07320954040105,102.39539464208451,101.52146218648835,101.89958709929812,725153
103.64337105598105,104.49152572853514,102.98033224444318,103.45407744790305,537854
100.7709057687512,100.85846353608633,100.62479907830142,100.75764914742848,884380
101.75121921147863,102.01682253102862,101.14597090990104,101.87363661211673,277260
103.32219557279751,104.42817226549198,103.08582474523236,103.16132658781932,556795
101.04235868963598,101.55620044835423,100.76626321046257,101.0545164573362,902495
100.54306739441802,101.05976232002023,99.73545690545446,100.71887923909011,119162
100.17081248174529,101.26755023633004,99.55690413789006,100.35549715103042,34003
98.67040318918534,99.82745548053506,97.97408166056682,98.96277175914986,661113
98.10560163664688,98.96812830849153,96.98217818737406,98.20582876912378,332843
97.34513605108747,97.6654313598417,96.66265317645903,97.13092505411743,813988
98.89296583124218,99.30230827029764,98.35715253033368,98.85780610352475,860079
99.6913788677956,100.38940200993436,99.27197353511376,99.79711744773164,130837
101.24701947200543,101.96417216051265,100.71334798473194,101.08430286916337,189381
101.65708426671534,102.18042244121244,101.45699999608038,101.82662082933436,796823
100.71268256710644,101.26783215721508,100.16461852862552,100.69348026517282,434683
100.14073289024779,100.75796521888468,99.53336474276796,100.17672245423354,777775
100.83511366821254,101.72854396050036,100.05077263619008,100.67823068250297,197036
99.15148932903324,100.18770378509299,98.63658657450972,99.46524815164388,730704
100.01662876827403,100.23503545228502,99.23864817974759,100.18698626804414,863113
99.62898914356616,100.39221700164917,99.12204595462113,99.95649573403533,393039
99.5407902405285,99.8129609348054,99.1653129895311,99.59249801253019,129518
100.55615874380045,101.23031360406159,100.09051625393664,100.313114611769,665369
100.66796919776057,101.55276408538886,100.63242591843343,100.76983686348034,99356
100.31422625061579,100.94946645439705,99.37315386362465,100.41678873287792,110525
101.77501487780941,102.20202405460458,101.30296215544229,101.59788416366762,137458
100.73032488550622,101.2548789971081,100.29206742858145,100.51551327085926,210611
101.12873151617103,101.7157765468738,100.74976319276082,101.14664884944955,937991
101.89785989886799,102.21167484446644,101.33470151336275,101.75850877390108,951462
101.23562784148214,101.59049171307909,100.23182219675066,101.45415085839788,273054
102.07628939584784,102.19371970749742,101.38697875580776,101.79574554651605,434338
100.9722150303524,101.86092666556985,99.24316939491302,100.54015251335473,812838
101.58941371785998,102.24863745348993,100.95681319371283,101.48362398312587,168312
100.88397031483025,101.92298742800195,99.75698693283815,101.30628208922876,694401
100.67566474503955,101.67468305600593,99.90229564738507,100.78819078141257,216090
101.9860649927327,102.11187459159798,101.24158549607786,101.8612187244718,913672
101.07113013105447,101.17733005136895,100.08734979839474,101.15640153765979,560641
100.00542173091999,100.6207246641365,98.91702324287874,99.75161401265795,994557
98.33623421173223,98.9144329907805,97.542576437611,98.22069578025004,918954
98.687973880884,98.84677714788721,97.50837804017105,98.8276124548811,146246
97.58631593545232,98.17950052299607,97.23801854918445,97.58001913374751,152885
99.13984469473039,99.69473071864954,98.94005223321525,99.3173910617668,360633
97.24525229944076,97.53163771937554,96.95630672524399,97.28077629686483,534244
98.84531562869178,99.35086873224544,97.8314770609238,98.95507526038358,326118
99.40703684359173,99.63811702118569,98.24652187296758,99.17402513099324,44513
99.50740860481298,99.8284072983808,98.7487667510724,99.08806552214713,558537
98.27732542735144,98.84399223166726,98.07448556191181,98.55943966771682,576847
98.58285150000714,99.62372393763641,98.15081561446712,98.96350796050733,278182
98.88765063041954,99.38388023741777,98.6938103581002,98.93616346803184,277624
99.7399596525788,100.735739173482,99.38905531591786,100.0437757318615,529936
100.17739285069341,100.4427245000179,99.98414887892132,100.16813499038415,410675
100.47911481893287,100.7285748530773,100.3116401087398,100.32883504329288,410382
100.2734392910836,100.94206169732934,98.9099948232788,99.97468655538657,292488
99.96801364596469,100.37522396338284,99.63307731547947,99.92776383016474,142599
100.20711517527056,101.00133210418403,99.28140150359744,100.24584119126163,358524
98.16593670618634,98.59668300858077,97.74030027082927,98.55589971706542,330140
97.25091699700417,97.95047518074794,97.08949304381007,97.2458242041752,516775
97.99507752777866,98.2971554238239,97.34156512409507,97.98110791824047,41269
98.28392029661671,98.55827089140759,97.78284646588335,98.15848223442377,866345
97.84900485635397,98.76912227842425,97.4205537433536,97.98785130984882,864408
97.93043308622894,98.84744937399383,97.39820881807783,98.01571707138072,850222
98.076057933655,99.1640052722101,97.82465354338676,98.36683072898413,658358
97.39870807983826,98.93476190606103,97.38540429897681,97.84710079629629,36358
96.8829512510735,97.95272163799604,96.41343794957302,97.09821743416815,907152
96.99271531257304,97.55260296816745,96.22727275006125,97.29829536235368,49071
96.4255241397642,96.948624352694,96.13946306958523,96.36063252023605,812206
96.66423356794459,97.14376695962427,96.13626446670402,96.7645075416124,929163
95.03805395121222,96.1953182597669,94.13362227263289,95.14047021850097,657457
95.94501077944831,96.93360151637684,95.49112320478238,96.1342824631311,627086
95.97481796903682,97.02760501259122,95.47015520420784,96.5993453783838,521302
97.14885040350907,97.89045843835565,96.35634408247125,96.85667048913574,199749
97.62724723585652,97.95044893261272,97.33895722357724,97.82294605463579,581460
99.39370042955123,100.04781570652456,99.19293147168,99.47575202274642,990543
100.2075555870603,100.71970522409555,100.00391250071678,100.49998887992643,57488
98.8685162160254,98.87501945105521,98.07432562980975,98.67670245341512,238864
97.45979379374725,98.17647498251614,96.72316277158424,97.43184470190889,945388
96.67461173118808,97.58277590078161,95.95774563409417,96.83465332302188,888508
96.79361801619062,97.48682634207124,96.41957152327716,96.86960827379917,176877
97.70894978776103,98.14386198456124,96.575783867936,97.38210041637483,623909
96.67347203102636,96.80369694872057,96.10096288804486,96.68758250695738,967927
96.84280686080231,97.02488197308398,96.33804020053287,96.87801883096105,310455
95.9775473547799,96.35977035372679,95.4959253048952,96.1585911897384,215359
95.21974089068617,95.99282104292341,94.97714278048888,95.58191628452353,204629
94.22607070888482,95.03183087909682,94.18492159081443,94.25623999613593,44410
93.46017941478723,94.22479701531998,92.7566774751102,93.39937919992735,122938
92.35728671406757,92.362301456243,91.66757673192988,92.15462313024759,921815
90.85837586064228,91.53534337949188,90.69628080737408,91.26881107144638,993890
92.03719692786707,92.50669599555134,91.49297291303427,92.24476542139249,752268
91.27613768213114,91.61939067400527,91.20954964934242,91.38227656803444,227879
93.82847749372984,94.45763226621634,93.65313921338495,93.8291307037213,812450
94.27522589022567,94.70445237321233,94.0047185899726,94.30257999281969,271944
94.46349871739578,94.92685574001383,93.83811172357136,94.48649459207999,952364
93.76476927056626,94.61217898468867,92.82652616682007,93.68830161731798,529072
94.18568544405136,94.85292619565239,93.88033783898094,94.3561479608768,187836
93.99923016115632,94.34776131562082,92.98258595376616,93.82394049896881,164462
94.02932297164604,94.66084580067525,93.4647793118652,93.94787909647233,741137
96.33205476061524,97.18188874356288,95.7821514640642,96.39371440046406,461696
96.61916319118784,97.18819235157879,95.84767498637879,96.31079375234125,954143
97.73709089426828,98.42785450809365,97.00430195438258,97.43379584973397,206742
96.94127845877537,97.38365030886432,96.14941845315704,96.76074316305154,506172
96.1525574953078,97.19649405822429,95.45824338157317,96.73656713467955,753491
98.78565502563987,99.31307777546306,98.24364482994001,98.47468279133919,400820
98.02456123963621,98.29321099365477,97.43523175819635,97.86899680104939,469401
100.06891414032525,100.39872278428257,98.67149126573857,99.66896081255288,223548
100.63536066697493,101.55452771444007,99.83161335790766,100.38691017334882,442801
100.1489790372174,101.25300819126,99.2488006161735,99.8338350322382,565695
100.65380937086519,101.63786077368039,99.62300178158353,100.4772397427997,658498
101.7430514024342,101.84786993564131,101.11458547256834,101.4693493597293,75016
102.51972214634874,102.59563055728132,101.61231338324374,102.1124723357292,220929
100.57519375043947,100.71880222373657,99.78263797434644,100.53165253901084,596939
99.4994226362618,100.3525889792137,98.63211535293557,99.81328161638571,299256
99.51525604472027,99.91765414914359,99.30672880363694,99.57648779783761,385532
99.58995672246309,99.91199033846213,99.2347091016224,99.5123479181531,679892
100.15692650955577,101.08050336239202,99.94115277583975,100.14192773543094,401897
100.07993635214157,101.1274264880411,99.61671389577968,100.3300716549157,595510
98.68614442925296,99.35295616729906,98.46587876378221,99.00912558794369,302611
99.24887425500857,99.7639711694293,98.55489471409477,99.39621177815596,113321
100.17654056434391,100.84789620272082,99.46316278506123,100.0149684718934,183854
100.90439244607822,101.69203258487377,99.81521698814532,100.58647084551045,144907
101.87606528849567,102.22250383365018,100.89047297925266,101.68965440073575,636437
102.76834876307582,103.20993427971638,101.82978618381485,102.55146732331329,278425
103.0170954157962,103.3739633104378,102.6057864404475,103.03374887873787,942802
102.61300588451952,103.07536116677623,102.06784016000275,102.9717765356025,607431
101.19349450738441,101.72536702798386,100.82743935786722,101.28570918612607,815658
101.6793105763887,102.15030373099874,101.58721006103785,101.73195979788015,372458
101.85230632715474,102.0778454206112,101.05160831960087,101.95365896661744,723417
102.25232758295542,102.9617790599115,101.75572232539031,102.24114345180173,248414
101.04330010202598,101.69502555166386,100.90448774689294,100.95417376773648,39816
100.04906344942576,100.75812708015148,99.21838464894091,99.8786674088632,913940
100.89004469695284,101.21832461638539,100.45337712239446,100.9461949810657,38912
100.53212362972421,101.01230850227313,100.41355484498727,100.91636458625328,464524
101.5184834936301,102.26716922868225,101.42926781357622,101.6166202973326,859275
101.66445240749333,101.97022470312174,101.36095084004202,101.65556559723592,556298
101.94469727980726,102.18202408654479,101.12328332526825,101.69598796035307,209658
102.54835358143389,102.79110036562224,101.79318135735812,102.66494149923517,404500
102.25143259326774,102.67823338746773,101.40500459329283,102.14672328890053,603479
102.31450570312627,103.31022861983121,101.55896624447537,102.25517972250118,981178
101.80268666787087,102.15733174346329,101.2952739467488,101.79374906816543,132808
101.55119676208864,101.72694033578871,100.33203192414554,101.36255429388403,500857
100.92619004917049,101.7627104451223,100.20965308437898,101.0597589532709,30594
101.17809868813193,101.85361327166642,100.60479159778619,101.29462527989735,634181
100.81851952889033,100.9578243726392,100.14305920923864,100.8209192327383,63238
101.97445228792414,102.81858968059444,101.58665415415602,102.10517683212626,263054
101.3087579594465,102.46219902719456,100.71728077090876,101.20593024646087,614186
100.8829803870484,101.31012212891454,100.75729410336719,101.02708386453789,651645
100.63940023293031,100.76951509472956,100.20761458049002,100.59387060054976,376731
102.04978073190424,102.43212834247964,101.0007432698796,102.07023004701325,231409
102.32524467833181,102.81375427189047,101.7243444395424,102.28127887325095,148316
103.25743032050508,104.17630000054899,102.70807814353253,103.35246112983114,925167
101.76956481203395,102.38005468855225,100.9558344754252,101.83862938634508,604169
102.14077393818378,103.07801636164625,101.50093431302479,102.12116478162841,85201
103.08566830396771,103.85795014070375,102.77193041399269,103.04402316378032,139420
103.13829342638641,104.1815301277871,102.6152819729524,103.13916019043567,39801
104.60997091262425,105.49712961129997,104.08817068082259,104.25438789538804,595443
103.5213245581892,104.12010284016195,102.94669461007541,103.72685661080783,851669
105.19608912374298,105.75670762001448,104.93449273409375,105.20959883476426,109223
107.32818608289429,107.92479363535796,106.4926486218995,107.66704204707582,389024
107.36766024086718,107.83020350255707,106.91560932879777,107.28782061898934,834375
106.58333057463369,107.37551825377129,106.31411298988097,106.82159540320102,435561
108.33596433371905,108.9106705182243,107.8309557988347,108.3962999376625,765176
110.05115144152326,111.12724980747043,109.38026031304803,110.13310464007236,62363
109.63127621229098,110.07084235518094,109.41873437096852,109.56972188704654,579379
109.0005594276669,109.36167668646677,108.62601168268624,109.12120184625134,142638
108.69546155119261,109.08524868067009,108.11769224737125,108.82502987186149,951785
107.69083189978244,108.44093093896775,106.41439607586457,107.38246030027922,582658
106.47170925296435,106.55588416534601,106.13595219577074,106.41114709576485,211841
105.24028854600623,105.82171404259391,104.51986724410067,105.35851151130866,951936
104.51066888828164,105.50236313879049,104.10837562493602,104.56312479333758,625779
104.88131867263941,105.49778959849519,104.16974582118354,104.53731668921603,177016
104.74363697561262,105.29343447650645,104.43394993587484,104.79292420613764,23208
106.2943096736861,106.9617825198833,105.8788782148848,106.44104432087471,433222
105.24982242773065,105.59565229892964,104.52755061512379,105.394211686232,285839
106.33049112339003,106.70591500206048,105.97006897509209,106.44739729276178,969196
106.10417024411359,106.69942746019844,105.04569880405877,106.2304777983204,338627
105.91679564818199,106.80592468012348,105.18897775783032,106.18856358199598,340995
106.67786422636956,107.75697420387057,106.08111717477473,106.9182592612233,717536
105.55977417700063,106.29318729318062,105.08456184500793,105.73515080670097,249391
106.2764725625811,107.23915912811275,105.2412143720897,106.15088099302363,565213
106.25727162658862,107.38212601011467,105.30009984819263,106.33835191622383,533787
106.829714460431,107.66334498122046,106.6677762576407,106.87399485501979,569717
107.46649924216977,108.39876512906214,106.88395428174451,107.19420708458014,619629
110.15427422569353,110.37765161007972,109.11118164446897,109.86971010539722,44793
109.12056820162358,109.35166898723219,108.26833188997136,109.18217423101675,798988
108.47777541606025,109.32667050622844,108.03312736262343,108.61481766643082,363441
107.76426162535057,108.05629375009734,107.46546738353717,107.95089367511241,788135
107.5124072176336,107.95631352590662,106.80151068603628,107.36364934800208,466390
106.64849089683158,107.47247349545965,105.64278706462845,106.69217221565708,394570
107.89566222879404,108.97686896903329,107.34290166166289,107.97912899202788,689674
109.35662670621412,109.99901394372303,109.22450446951665,109.5348760029054,671333
108.75471432124021,109.25461358657792,108.17518767180528,108.92238211865268,71672
108.09947778500164,108.74390037573326,107.23649258710613,108.03032580359539,984149
108.26606846918541,108.74480799094343,107.75766529563494,108.55165446941429,707010
108.179476555719,108.66413835808561,107.01731932996856,107.964655244642,195569
108.54501435731152,109.20172784804706,107.72033849755043,108.66103057563994,58906
108.86005290688296,109.42796286775184,108.33592188145171,108.89264141332286,491320
106.97845694427866,107.83008602065783,106.42971821761473,107.26527957320498,584219
108.9463255035789,109.22100639025818,108.889098274076,108.94902001728511,188116
110.86153450450011,111.24710500959222,109.90472405651127,110.93437866405966,65831
110.25664561186228,110.57188025341057,109.81435681640887,110.26769015577733,327944
110.17533322257245,110.19072658766686,109.43454108173646,109.85199291163077,15944
110.21664486490857,110.88075426279403,109.80834524289675,110.17748821621637,369400
110.38194512301588,111.40717841285175,109.67880190155901,110.5576564371467,492985
111.14092076892058,112.12164199294845,110.96154810318656,111.2992595275827,47459
113.705776620656,114.18476327562176,113.33806409598408,113.57059781153495,296088
113.6756477131723,113.96745131405365,112.83211333229055,113.38115302764808,47443
112.55431252342059,113.36841155465446,112.13986279643963,112.49088610749267,252621
111.11386556388995,111.8824145121508,110.2946263118639,110.96102501973006,553062
110.29829251807813,110.92172735752524,109.8080841339066,110.16395028559629,874734
110.45106282722455,111.58130123655557,109.06075867807601,110.13847564456725,832472
111.70675963720586,112.69585918645464,110.91583416593289,112.14402943262938,112577
111.72510755878524,112.1976299133248,110.7904228282422,111.57621602976326,773975
112.05740984710614,112.48328941274507,111.48115807261566,111.83737293747798,923560
111.53077051717467,111.86568116846635,110.16819474146558,111.83018996992344,452454
112.97794079728638,113.9688581665113,112.56184677444007,113.17841784488918,65957
115.8888801162939,116.63010453548864,115.55760373666439,116.08640874411329,772530
115.31499667063578,116.2374051748745,114.49392762663788,115.48332289778176,597233
114.82024702098924,116.14069682557896,114.17889735853532,114.93097544209145,145670
116.20529732093584,116.65010153073918,115.85335990823442,116.1489412011983,242688
117.15784293650948,117.3938018959051,115.60012737116739,116.95535236878148,354464
119.40482736443964,120.17417787452659,118.20270019030218,119.14715568461631,516136
119.65607208665291,120.51619215470485,119.0563539503679,119.85690985288302,17810
119.23720850775383,119.77373374782337,117.7821174571649,119.4389894528596,920031
120.47477895691569,121.22073457361334,119.2655050734613,120.1585644302311,661610
121.6675017554802,122.56276639047644,120.90711624213519,121.51032961793796,671518
122.54395897169253,122.80867478855352,121.07244467530752,122.52365316540299,620823
123.2756696500809,123.78060733732708,122.29980298457437,123.15907823277068,203560
124.48484433889055,125.66625959472046,123.63265398506553,124.49226501950822,610002
126.10125065635636,126.45876452719193,125.4852458841152,125.96908774841576,356440
127.64918666386399,128.3992650510232,126.99201795676531,127.73504165081522,944986
128.64834775721826,129.01798449947358,128.09474594492087,128.5792222983779,192035
127.9895198881005,128.4485402752227,126.79675902795525,128.37735971545058,552437
128.40183350869157,129.28235603078872,128.37977952181697,128.5787023329188,771134
129.97619732148723,131.2826655294004,128.79372440010894,130.15242661649876,578007
129.0097339874836,129.22439804990108,128.70424249627587,129.1064062909606,744248
129.35607937220033,130.27319539780913,128.73177635460058,129.5962246119451,884725
128.96262159477803,129.60036890462365,128.4320241247388,129.10038296762542,131900
128.7592379723645,130.16543958155157,128.31636509587435,129.15041237369095,122345
130.96878736126675,131.14514863164516,129.90037005432808,130.82521964058424,272091
131.06693949065112,131.91315030789417,130.41364519612597,131.0885726494879,7303
130.7152565524129,131.5611690101732,130.32351551384863,131.16257539525188,336623
129.18790477075027,130.137571213809,128.4822821672333,129.40396537242276,639243
130.47407368086718,131.15342519486492,130.00664627959233,130.38629725328715,586945
131.10122953151298,131.80085155048783,130.65723247124845,131.24376602206559,125324
133.94028888764598,134.99014556055644,133.87221899526776,134.12724656577768,304886
133.70848856977892,134.41459392478419,133.2205765316547,133.7284388942774,824841
134.1273377705995,134.74453559224236,133.1663308233488,134.0352294216868,399996
133.99730252208306,134.911573612777,133.31239209288444,134.38334622114283,867262
136.68386345696956,137.3991021173797,135.1075214044951,136.53364136744833,629232
136.19888633178005,137.19019179295154,134.45030340979397,136.41723392338875,7183
136.80717388842956,137.09016005629556,136.31366323959037,136.8120794136614,598757
137.65030170374695,138.20402916057137,137.30616951751747,137.6600535806778,584705
137.78557455885655,138.18399843402347,136.62962942010375,137.93097204289592,938877
137.0491476087288,138.00054220308283,136.2260818591592,137.33030662235498,708980
137.53224309013802,138.054390539789,136.37592386312855,137.6108702391352,182272
139.5623740799188,140.58290292841758,138.24817900738012,139.11017411533803,148654
137.32824658821332,138.66968717102412,136.72167782215618,137.70326077182617,107866
138.36701634017982,138.67581752516296,137.28883326012138,137.90027547712364,341058
136.88073469489865,137.6356846773858,136.01861461127925,136.95187329672615,599414
138.62199675756546,139.58064407088793,138.006918862503,138.61219093832696,476595
136.23378054919286,137.14136671808703,135.05419985221104,136.53051893120588,380436
135.57367551692053,136.1654029370538,135.42549507830114,135.78312626209416,687304
136.17281074306356,136.54474716216006,134.99594663464353,136.30991388524103,220924
138.18491226275876,139.52177191865607,138.09920967012124,138.47451647370136,490560
138.3395107064668,139.46412406557783,137.58759301504165,138.3973380848233,286991
137.5328023159672,138.24720509846884,136.98172600767433,137.64484959839098,995478
140.79192810727815,141.81948571097743,140.2094463976142,140.27269997146666,579901
137.94755467445756,138.8086421130696,137.78476852449165,138.26999315981467,628260
135.30419587142302,136.5195879942489,135.04543414091998,135.2764126619827,788725
135.95390583644857,136.56966358779627,135.18849148942903,135.88654788514097,863919
134.93009817974936,135.95316537957297,134.49920597970623,135.21955471573298,77119
134.0429368447044,134.584262117955,133.60778670091008,133.85906067792624,391978
134.71669979192103,136.06275354874793,133.49659175891438,134.82410796029754,520755
134.49295080587234,135.41243387933812,134.31764651166017,135.1667271096452,870550
134.59726195824328,135.8656232365165,133.4739082351771,134.41986816251094,615869
132.42663860161295,133.54452495226442,132.11768606524572,132.7231263738386,55159
133.61894118904675,134.8191553612281,133.4009309029498,133.89953434381704,808750
134.97190496955986,135.51346439329612,134.35670068551778,134.78646518926107,548601
134.57281985230125,134.81113417860115,133.6496842014079,134.66632177209772,437140
137.44175947200196,138.5126413798307,137.06844547062462,137.18994125715872,997346
136.07183684721448,136.87931775051823,134.94751614965662,135.74329298552584,475134
133.52912372312912,134.91624115078696,133.24634642630537,133.70157963091717,290305
133.003638617163,133.59133794324924,132.44003550178755,132.7929592685338,904397
132.54514358768236,133.24248700771176,131.723108578904,132.74571195154712,322217
133.67681256422384,134.90186226014086,131.54926621027016,133.08243555397127,40041
132.59104168800937,134.20048734849254,132.29046455466312,132.7750564988652,239741
133.53011298625552,134.20150793973542,132.30257718858755,133.25664704234634,28250
131.83454761672792,132.19600202262177,131.0778493991303,131.61244108658636,271501
133.62417208289335,134.61721244968422,133.06224411588084,133.53975150445734,860384
133.26447658422106,134.00896079822869,132.1698251118072,133.44343575077832,44689
134.91538488380843,135.87365299300214,134.58222057344568,134.95624895903688,821891
134.8497800833893,136.00493628761018,134.64242692744617,135.43311437381834,503334
136.12780255783196,137.44715894502755,135.19855285681965,136.0667303561338,841976
136.95358720440677,137.35096234964323,135.51882626454167,136.8578919699969,308442
137.522446545353,138.40830962256268,136.48896859629136,137.48573801304508,200023
137.56314553369873,138.87511559709392,137.45599101617435,138.3860738686077,459705
139.89672322168735,140.8345519847108,139.45548883520274,140.25173864552133,941730
140.3314115382713,141.070662922722,139.2173492686373,140.54168747650232,403034
141.63840102335416,142.6604388248642,140.1766037315138,141.55582897922062,527593
141.52485337092415,142.6223912533256,140.63873957574862,141.44300344326987,844618
143.46017922789386,144.4667034012494,142.99214291839533,143.5090365326553,220342
142.73699873589868,143.40444402170922,141.13915433956797,142.55588275941955,624723
144.86306152203124,145.94785329828522,144.17116377976754,145.16100226556398,447323
145.29434251160953,146.41211581931097,144.6553849151857,145.11723128269335,785639
143.20586209203432,144.32114000348903,142.68727811066344,143.07001936776604,100948
143.37592470928135,143.81620735483943,143.06502591209383,143.2677418812608,986334
142.25774768128437,142.90488821552492,140.33716263357317,142.30955986853652,868553
144.05078631435816,144.67412628019565,142.19581387293937,143.5252703097047,488601
142.74656494796554,143.74689828654024,142.17364411602932,142.60589971817708,579702
141.71025223738943,142.66671576505252,140.26544850948144,141.98523101988724,462969
139.41068225979117,140.40852120851426,138.42184298580824,139.3414837529651,628788
138.93530737378617,139.18039171332956,137.83558184602532,138.72652856038437,592909
135.25865009715662,136.20066878476422,134.8736703117966,135.41793099649178,275823
133.5936764730156,134.6224302038594,132.84235752382494,133.30326936951678,931383
134.4368639079053,134.51441399999283,133.67964938718845,134.33422350548474,401019
134.77314208753228,137.10565674465636,134.65229815624687,135.40752045437497,883107
136.07995827582175,137.24652519136808,135.5170765382688,135.9984484279112,487169
134.5937964564155,135.37724609456438,133.91901464459625,134.70318329563597,223114
134.79705957221108,135.13604393912743,133.45014293414818,134.65239447562706,922720
134.9153069318461,135.51901846614015,134.2367787841634,134.66100908548248,378168
133.17541616076832,133.87477448392167,132.13349370092806,133.12345486881873,361089
135.60359452023556,136.4608787728593,134.99378398666673,135.15346530020253,142995
136.30936676807093,137.65377534696322,135.1505885015768,136.35810303162648,912494
136.24077835621756,136.72739016984536,135.757918445076,136.07073950973395,51411
136.34007868031895,137.25193878430704,135.38713626654905,136.12093960142153,845834
136.3919695676791,136.57168794504895,135.54374390480532,136.41852915547022,319475
133.88303807952343,134.38633090936386,132.92217171150372,133.67483302835203,282976
133.19955324906843,134.17566785324007,132.57622453126933,133.3581622424748,312022
132.3530695764204,133.4020500487733,132.1842597024331,132.46502064511967,101720
130.81367554687577,131.51737473200575,130.50869952035376,131.1579622310273,678675
130.86602816370072,131.34730432900537,129.75785129420166,130.80287415116572,327696
133.27552068514888,134.52586762686727,132.76162857295688,133.18888087173147,631837
134.37473887914493,135.5150060756325,133.42980842524162,134.05855824149205,288872
133.51928788189937,134.2703834988329,133.23853765148925,133.30835673404488,529664
134.01088001805167,134.31653547875231,132.9956511027474,134.08725492686412,604471
135.66995823015392,137.69482225012354,135.52865106582678,135.99040048520217,242912
137.3862032485832,138.0649193000834,136.20383850192738,137.2673707751974,827364
137.66813657738828,138.2273856869754,137.11410069326567,137.36298383724917,327521
136.69700057308367,137.16627047069758,135.39298146548643,136.4908488967865,84726
137.75908666078075,138.603426031966,136.7694319772342,137.4609400606976,476722
137.95820672039446,138.86684333691775,137.4996711920093,138.01669530612634,562508
139.14171092460543,140.3652296025966,137.77795445472302,139.27168454408152,67022
139.96654345321917,140.48456954852105,139.29562292198588,140.17313099276944,745834
141.65039806964944,142.24175661154638,141.09589864539979,141.66623535363888,330388
140.90195439837225,142.4871841154867,139.81315514804893,140.9241050735501,358751
142.86622373894423,143.67681410461765,142.72741744271136,142.80719363470675,538644
143.06696279105955,143.7454218257221,142.6976358827048,143.10396874956157,440730
146.08033904883362,146.4372213636018,144.84246303210756,146.1193902536109,787089
144.9048840282918,146.07625862687777,144.54391237530942,145.1303277532355,562062
147.96462957024733,149.16211540379314,146.56498905090217,147.68650073597158,415227
148.01652472876796,149.14496762412224,147.23341169287212,147.99387631948815,777948
146.99635167130123,147.66872490806577,146.77467652677643,147.04765481416763,544702
146.13368908423692,147.24283812532477,145.13678737790676,146.3524653119555,38070
145.51031894929565,147.3601434514704,144.9618193401612,145.89896844702992,639865
146.91711107316922,148.1236894265308,146.27472051394682,146.5337891746911,688219
147.48007209279874,147.87052732000924,147.0446941682,147.31665705209141,392846
146.012798406307,146.875008280149,145.983812491288,146.48856920884862,125770
146.69109403649492,147.55515115790982,145.55811497414186,146.46754288118765,447748
149.93019508595103,151.03903448647924,149.3257781217205,149.65408892778248,944891
152.3149947201767,152.5788540255913,151.53159202502562,152.27711544590804,804753
153.4471718294581,154.210361506671,152.27687969760134,152.95828323140293,256822
153.0980561155196,153.74243095294327,152.69883165547765,153.03172615366864,334919
152.796642635569,154.04493863531653,152.73074131256436,153.23084476771785,164339
154.30186170834043,154.82122806337753,152.246292252992,154.18925143850007,756695
152.7102755575532,154.0650498055144,151.89456128960302,152.6355155057674,937759
152.07468367237706,153.08727819793538,150.4824390967513,152.2583976954364,812890
149.92567658151285,150.27994336026595,148.4817603406635,149.75389124615083,891635
149.86644752814888,151.5336850734011,149.26151099891916,150.36797442433877,797632
151.65930430004522,151.8424233876069,150.5204716933185,151.35944101746085,791068
150.38035132519266,151.97865273602997,149.5599141225745,150.64492047360423,580169
152.74862252942629,154.27041061406692,151.13978207207242,153.0501147643981,470501
151.16622862596535,152.587057413323,150.03406899417803,151.20064938494332,590063
149.1465800280096,149.82150721239512,148.63334460668992,149.01753890770814,956193
149.41629291229103,149.94099184168888,148.46292540644995,149.3673231151448,594687
150.7304418938344,151.74748133055203,149.61308571605377,150.9546576140206,310100
153.37809724342262,154.26227644103741,153.15201135533053,153.53350056437228,893988
152.4994956998116,153.31078253302945,151.51092564366292,152.84585735782687,170088
154.4495171097063,155.03491059159455,153.0538391654708,154.51895171544908,420928
154.80703461004265,155.410918500952,154.0999064950916,154.47490700576108,461769
154.22257790587088,154.45368469420728,153.78427050782685,154.2238927995473,684085
155.87577070005372,156.97218370437193,154.28852768802986,155.6083067061692,414411
157.09831170804807,157.8591558905296,156.02561016610713,156.64235671702698,246829
154.0264858126897,154.8362160108681,153.7101192984986,154.20783994402527,71316
156.45892099805755,156.77854252658486,155.2625079280509,156.51732489098643,875888
159.39742379607677,159.63952952520884,157.64005551308153,158.7082513514249,831063
158.18994826137376,159.89962443324737,156.9009642698849,157.73430325786626,868712
157.84595869053166,158.86954661481553,156.5241964277364,158.37569514922413,729520
159.29922100239764,160.3874872002018,157.80914252128167,159.17597158368568,825471
159.60758156026313,160.48349255132177,158.8490232365144,159.60740280241725,813603
159.00975579687938,159.53855313636834,157.01336717615243,158.74736129571247,248014
157.46555147836077,159.33703241989647,155.93023560430393,157.70051855424938,413113
157.41121944590503,158.78796242831038,157.26122302690885,157.6759916111581,387045
159.3362063713266,159.98225308534435,159.0319303465705,159.55194316400934,710039
160.25415463567896,161.2262075993381,159.97116575681676,160.43767240514723,710542
160.1208287911972,160.369408355488,159.2165792997505,159.86015309893452,562425
160.7340570705398,162.80294088524906,160.5144388302184,161.11467475620685,612675
156.41065416703435,156.96225919884458,156.01070511654055,156.60566389333906,325915
157.86404163171477,158.97444789248567,156.55823693757833,158.43091135863284,860393
156.0277193824674,156.466362725859,155.6728901664726,155.71407454281098,842060
155.56068227946858,156.37599731387917,154.33001733234858,155.16624035565337,345296
153.35354398861523,154.85203635722084,152.52987760638533,153.4539253923304,985227
151.4048644921954,153.06586055448312,150.68526258648674,151.49514025381723,399639
153.4182494076215,154.00170078475867,152.45277677623818,153.279310326408,104284
153.02930318101951,153.96810382238283,152.32044863125353,152.57935216209864,73535
153.24941068063038,154.0533136026729,152.7305402041894,153.12427423230187,71434
152.85420794722683,153.38233088512612,151.3823743821283,153.06775029897452,399021
153.3170725196429,155.70202316759597,153.10098947008595,153.81507113778196,575288
153.6053298616882,155.34780273662003,152.069302301074,153.94867428127475,387653
152.0235995378331,152.86996775213044,151.88285060332495,152.00134062861792,707162
153.33736504192123,155.0349313182314,153.27313537736978,153.53860118438098,555055
152.8572229698439,154.17734688284057,152.46994222592352,152.79764175845497,467857
150.286303396778,151.24189337900935,149.02581476319781,150.45268119826133,320433
149.50785557827382,150.72056607327886,149.0052643628098,149.82492900616745,846647
151.7475419794591,153.55614484453403,150.8315602851273,152.1056082038137,137997
153.89908956771785,154.23174849137516,152.6187071035922,153.41969765480252,949377
153.17287159328424,154.7078279820537,152.16149421357724,152.90101733079464,770310
152.91057138323242,153.5718579693089,151.03878947644253,152.3831677684729,77029
152.07307441533175,153.52902662673156,150.79788082433151,151.90902758277943,34459
154.97889803603982,155.88542127302563,154.7353811800339,155.1122919418509,637347
156.13356999728003,157.07237284157043,155.07155462966983,155.72142492904592,245924
156.3978297235702,157.17411648245587,154.79782996263293,156.40817393498756,691210
158.11356020332542,158.65185293831968,157.10202186848667,158.04375487810418,448265
158.42387015681462,159.10126690717308,158.34838718572558,158.4374401268061,714865
157.11187778913495,159.48745000345335,157.00364604141464,158.04335504878105,526991
158.25540679592885,158.56281664936014,156.539111252963,157.7491157375636,530515
157.80678569898998,158.00926792746444,156.5314884879309,157.65197022005785,307483
157.7130258736941,158.1583419876567,157.25666105611495,157.609059668733,664691
158.75631184848476,159.05616300814367,157.60645725972057,158.77592895183273,577872
158.92624354314157,160.44080092278747,157.31763601597737,158.87431457724816,896130
159.86737162202277,161.46276964098956,158.36884258123524,160.05857084776082,460410
160.14266100270459,161.2278029557822,158.37590501041143,159.94542291217718,784577
159.66875412036896,160.58137705266344,158.60432774784073,160.08725368888125,267805
156.99423154815364,158.40798903160723,156.23479436418728,156.93582994040267,424438
158.5742263482653,158.61158805694083,157.79559647715683,158.3963240014749,342214
158.8988346377973,160.77828781334279,158.112628733624,158.9619963220374,364885
160.6915547617864,161.1649698559612,160.1915858287622,160.57245245983555,64396
155.69486018047596,156.66154983428032,155.08420877360462,156.00416476820897,315044
159.00456771622405,159.90366613779716,157.60129528454948,159.3123038922886,157049
159.18131160423292,159.46476222524873,159.0784939407683,159.10598538263724,523972
161.11341570326235,162.84946743481663,160.8342482634555,160.89506512152548,885523
158.64936961834013,160.41961984547342,157.46083329972925,159.24650121009537,860482
160.40864002535665,161.79559915542114,159.608471282001,160.24134145168543,761191
158.40577129223055,158.7887999529043,158.2827012430757,158.57805096264988,526139
157.54695346213433,158.48131916579598,156.78820772324747,157.60772892121975,626300
160.2390720359844,161.72399924854014,159.53600143580363,160.66951141661036,135940
160.1063081434555,161.31164071489798,159.51283463482514,160.37947199009312,667730
161.0552416735563,161.29986520214408,159.61024880857624,160.744642732981,124662
162.17620636888697,163.51034894086126,162.0033151850599,162.16554775480182,631101
162.86289014219665,163.86203828447668,162.04223116490448,162.98766645912784,337214
163.2113060262223,163.5978942723527,162.4985487852351,163.24933931943318,803115
164.02293677515715,164.11573301713472,163.02470225227418,163.8626097225639,592610
168.01329079125864,169.15914135724782,167.83240785126745,167.86540321883038,865831
167.76030987875598,169.85786692055365,167.18454754765867,167.78548676231975,763637
168.50759484703173,168.83689865398765,167.28938218745918,168.14005443822188,266892
170.26275773897623,171.20113388222646,168.80738343720247,169.9329306190845,892382
171.9812561937798,173.41411662592256,170.02814338423298,171.83918916516117,89629
173.9275117753724,174.13466695586038,172.61849041582758,173.90851686703368,493858
175.27049684901957,175.89448254911392,173.92301712518946,175.04038137866365,122471
173.1771374086935,173.59614359040864,171.5428599625491,173.06835791541863,956578
176.3093842685715,177.71175441521873,175.21679760968772,175.93611817498493,627388
174.26114659500408,175.8254135762987,172.26754249607504,173.94819244405187,577310
174.13751107878608,175.44858358157526,172.68210138975326,174.49286716430532,162194
172.82280448524284,173.62761236527106,172.18986401352618,173.19897991203183,738971
172.86245828650175,173.74081612412556,171.00040713113836,173.10523822538076,561934
174.03174433091192,174.57272278386924,172.5912967272798,173.692648102925,660276
173.71974178618015,174.62956813091466,171.7082570644496,174.2691458310464,427642
175.16166194938813,175.98385071662202,173.98916889694607,175.02347832671444,320671
178.01753611086806,179.21461137478792,177.29899148864143,177.88855158014823,785857
179.13060547301455,180.28971883895403,178.23297590971876,178.71504008419075,227979
178.36136423412273,179.24876604796688,177.59585526864973,178.2970565186791,678163
179.5586425735276,180.97333949298178,178.96859219355989,180.04231162087078,957205
181.8652520863636,183.08136460975606,180.26226162469874,182.21486956440452,388168
179.5841184972958,180.2091761960224,178.70180784730937,180.00965972067218,739983
180.9115156911185,182.09890202159556,180.8829439768222,181.10636584465982,447799
182.33221360511402,182.99157232921078,181.30403989182747,182.39893570758878,864412
181.4512466029948,182.04940739425646,180.47566687556792,181.8751763692538,219552
184.95539400840005,186.08586296112296,183.750162799573,184.4129757005084,34170
183.66676175574912,184.73769098106413,182.6009846665218,184.15487580867602,844748
184.90117142059185,185.952013178204,183.50709416553903,184.40471578201075,868789
184.5406358020652,185.93260984504388,182.8336907691175,184.1042487030776,516883
184.48219408861326,184.87869868650182,182.9129406677352,184.15134683982347,599251
181.9090267495346,183.1229341150885,180.80034424538988,182.16178227294074,296517
179.69830553032517,179.77580377509437,179.37716488214383,179.57531408195348,746694
182.01365949505657,184.23121693771935,179.94652122992002,182.47984847685464,161659
181.28860981483993,181.45590303631343,180.89885015044925,180.9589362786231,516883
179.1651901240372,179.8109093282673,178.33854478582137,179.19170504233853,840594
175.24821384257112,176.97297820934963,174.9473652433391,175.39179665826092,427606
173.86553312816008,175.04094534271331,172.78947682519106,174.29211127412918,979182
171.16610599096472,172.2606283445045,170.23920435412353,172.01845956313434,969489
174.52058562067776,176.1323677433442,173.73634216033685,174.88383363360484,93221
177.06966452225848,178.32182989911428,174.98860763297492,176.6764540437242,583884
175.3409951270887,176.0264482094575,173.8811958198168,175.48237546097639,25814
179.43701520354026,180.11262306451894,178.71591992989744,179.49780351938946,465597
181.52454451084603,182.19505498819808,179.943086315538,181.28685773147345,530996
181.3696374655315,182.16384207077022,178.96512927645782,180.71700731382572,810517
176.74088957267702,176.86088130102516,174.80997894709608,176.27376246106562,941787
180.0259698578492,181.18045288016432,179.19940865744428,180.3767431002306,76301
177.214213792199,179.74703230800077,177.17361449505756,177.905401386666,357958
175.8455576661345,176.25212843884262,173.97404293729025,175.01960017773175,839016
177.63864286865325,178.21588305279695,175.59727905015785,176.83616332620284,710550
181.29001345001,181.5527293310184,180.73401500712083,181.22170968412794,40274
183.299186175356,185.02244614096196,182.37029265716768,183.76613159561253,813172
185.1798687543694,186.77419188474047,183.9456542014009,184.82381435021418,865827
185.90477293771772,187.53307798808717,184.20130298107125,185.94493097580198,927672
187.51497852032452,187.79292548788376,185.53454872668368,187.55735940254894,173991
189.34321504262934,190.57382763715452,187.39371038610787,189.0051004756046,285099
189.68303486670516,191.44732421422864,188.657140709935,189.55626920763606,65566
189.32279722169793,191.01189324576762,187.7243166847226,189.77286821536964,831570
189.54989735881887,190.89367672868437,188.23321465855656,189.6730869694097,167174
188.51616927025273,189.19201336003684,187.36818971282662,188.26722241930582,357342
187.9499272174582,189.0137857296311,185.64093637307747,187.75831901834994,872776
184.7216184101094,186.33035058723556,184.11051418749207,184.6248688587499,711541
184.8062057957754,185.91220198724469,183.20534024757202,184.46184395702656,929980
182.5333739787547,182.89479775069628,181.16096359698273,182.66552042240522,311869
180.74335660328353,181.39979387741565,179.93123378990006,180.67879292464613,196460
179.80010772590845,182.5840478303911,178.59950786803577,181.0222173530379,83806
183.41293558113244,184.67476472363768,181.97562162448594,183.57802737231893,403101
185.573234701869,186.56738508034803,184.22771155675244,185.29014733690687,533660
182.27870474527916,183.03005040556766,181.10893358370072,182.42113715053674,288908
180.4743718120595,182.19016283127633,179.5149171059482,180.642813067197,741447
181.98864713866362,184.18986118257996,180.64328508448244,182.36850357137396,913386
180.96601152352585,182.5566244733209,179.82463372706366,180.6035885617911,117200
180.4140532094531,182.09691488015324,179.48386043776992,180.21636908997974,127156
181.52768355921717,182.2399766381197,180.3111854608552,181.22850625001632,683378
178.8802977773292,180.1281675906578,177.3506911663835,179.50000861943002,828121
179.64955911489923,180.52147424271234,179.60606785265662,179.70722717965148,595217
177.24418836006205,178.2507799619766,176.84150869764161,177.3435401155415,810654
176.19895429223152,177.93622937326333,174.11499461261795,176.29788268786243,428173
176.6623147829059,178.38330917090568,175.633156940865,176.88024098367674,176767
173.98176822277475,175.25404097673126,173.32430993520381,174.10228331073574,365424
175.18552520781964,175.30928321812266,173.59686662894228,174.88833927777245,6004
174.2024783911506,174.882687938517,173.74172694631235,174.8714847035047,645437
176.48299347374407,177.49272119617734,175.6278042403161,175.85789085507687,110969
176.44030189124123,177.7884451179173,175.20075868773247,176.2697288034565,555761
178.6935109240208,179.55952632289555,178.19180235649668,178.70864107511596,332758
179.2750191898442,181.20127791142357,178.00127885510759,178.9504624101986,240755
177.684067659394,178.5138355927234,176.6200595044109,178.20150593531045,88283
178.20020306992592,178.68275958099213,177.23322666374784,178.43741809656913,367557
179.38399667742397,179.96701169997235,179.36121737882698,179.4274451884418,700694
180.02341393501192,180.54424117893976,178.62126711694324,179.5330873963523,880341
179.60723540320848,180.80565951997377,178.46963804956235,179.62393920133115,542906
178.54581346595666,179.21265787637952,178.24257075564037,178.38524723837634,917818
177.01538663789034,177.28753885626048,176.93706098936872,177.2243621608868,928348
174.94360597114567,176.2862518516627,174.46007598036846,174.7734318528181,820209
178.472600865115,178.52254745372042,176.58804580117928,177.87591979448288,474984
176.04447622239485,176.3589524505374,175.5198518618604,175.6946587775995,661408
174.4704903908247,174.52193132191397,173.16382478670266,174.49891835434613,414171
173.50120426387642,174.4765176581972,172.19699681860112,173.26712355169406,652334
175.0441243991355,176.01704469774108,174.10303148246635,174.84217575737492,925790
174.52131441697924,176.39730737043575,174.24736901150115,174.3446726933541,135774
176.94396059577423,178.31376872226224,176.0904224842391,176.55132691312338,311154
175.77121790114802,177.4102737069396,174.09548396836732,175.38380290131056,49564
175.84665273772325,176.9231337196748,174.30444671356875,175.89138494114624,851046
174.66959098540883,175.03101809550432,174.11316700257362,174.44564497166226,634091
178.1094431928327,179.20574755323693,176.608765954812,178.24601347779335,160971
175.83408631881696,177.35317981944132,174.59311515260706,176.15930189668705,343460
176.6283459014571,177.98035382023045,175.7488271007452,176.7235977135958,647741
177.8378389703321,178.50222153983,177.3423054606657,177.86497339319138,116465
178.02677868269976,179.77538654951232,177.4471537672265,178.62036308185353,407742
178.61434544206932,179.00746062840682,176.4408776615026,178.30753788121203,235884
177.10832828972016,178.4270820799045,176.1279760540348,178.09401648860472,752548
179.1573830847494,179.45346679323976,176.5880206736495,178.18987729012497,474327
178.48042727298713,179.386015180231,176.92723836541435,177.94592074237286,562531
179.593564980746,179.95087481223035,178.93950205879133,179.68736492048157,167219
183.7254569960936,184.40997520966735,182.48145273319167,183.72199333658824,492256
182.82959636799163,184.23898395577856,180.6224529943892,182.71887900576732,305029
180.03868528936164,180.5958290705568,179.4863896130955,180.25107888049897,774688
180.17941513985727,180.80771227382215,178.71568884325424,180.11002985901067,159112
184.78204457052914,185.79917346838835,183.75252642990802,184.83527712209727,500876
183.33951838164475,184.4267811780016,183.22008259475817,183.3740927296275,675641
186.4908755400853,187.14399049950097,186.31427671370398,186.42321842913805,168107
189.0981046594433,190.99172229862006,188.40902194579493,189.59618437672464,39874
188.58328111034874,189.8602458125639,187.4289400698535,188.5683579145427,922838
189.7253035948536,191.32270903377926,188.21520164067368,189.66330351570227,879870
192.84601981356303,193.76304009367246,192.74095350653735,192.79633634368963,5089
192.00306731819018,192.75089744521208,190.66709220389578,192.085983444021,19501
192.15079005335673,192.71803915658748,190.82401550220868,191.71450237876115,404206
190.48680634003048,191.75032042721415,189.5324786133472,190.6216339957871,922618
188.8017401684166,189.5321258649306,187.43911910967878,188.71594012397526,756949
187.99989073597095,188.6188786216082,185.5935483489333,187.51336947238175,464758
185.2214209075122,185.9279472854298,184.12659090582025,185.2508298991381,610652
185.41200692552815,185.95877368526743,185.16019275151817,185.33251289296214,327895
183.89391796856856,184.9588382556816,183.07766390440113,183.92937390019054,377149
184.83460312106033,184.9754933809026,182.9850781268383,184.37831480640114,762247
181.45635692352462,182.62272412872872,180.06728488733592,181.54993667919794,131382
182.6374375722597,183.92131415609907,180.89513182086444,182.16986052356594,733474
183.67495449638943,184.31143528813527,183.0376195716534,183.71301538535548,379949
179.7949592108712,182.0435698988822,179.63376869559494,180.10454441474008,181421
181.0432357654888,181.95802260178928,179.57384510678693,180.79757771827562,557024
182.93761971015172,183.1069963258964,182.6893204141785,183.04915809108454,86253
181.09079990689105,181.84346239779555,179.58598561834683,180.86634444819728,601907
182.93123027870516,184.88954841547508,181.6361013013362,183.93529789594405,369088
184.72803353954234,185.90048438823067,184.0616651830084,184.72611044397493,345195
183.27806713176145,184.22225240749202,182.42351295933736,183.4466932763001,367966
182.97282655336394,183.72311145666748,181.94890446783575,183.36275062814724,75821
184.2037734410969,184.72408750166565,183.62250812226952,184.40781737235724,657126
184.35471351260531,185.12742112043637,184.19709762560564,184.56648625960167,996000
185.5642793492833,186.19946105475492,184.65829104318232,185.5820899574766,995025
183.3968130770868,184.1930492686698,182.4440486911771,183.89971497008952,92580
184.34638914204308,184.8628467072576,182.55646904635833,184.22985499669008,167258
182.15823787976345,183.42940647746227,181.17972474631975,181.66185964265986,383391
181.58002825688126,183.38588482181817,179.98894737041027,181.478063537644,39756
180.15406070669422,181.46312949661456,179.58267739592839,179.86304639518437,517325
178.95370494093186,180.54953950417047,178.3902824412943,178.56280864865744,647285
181.24890756774695,182.68482583021245,180.06096899876204,180.80178853712638,850414
183.48771947398063,184.8637656232978,182.4059677063603,182.80398187456979,989597
183.7556562517656,184.6725964694006,183.58583798834331,183.93930198599136,956857
181.69776841568716,182.94595431085554,179.7294381352692,181.95923801261554,384929
181.68679817042678,182.36596921654075,180.741330171583,181.4025528331005,406052
183.89503219710795,184.69362920207763,181.44342479648634,183.6349073937941,766255
184.19903872622385,185.15770286294685,183.54299103210718,183.91372406019622,622467
188.95927131174489,190.3085724884089,188.22431274254853,188.24796416027223,159932
189.01303293700656,190.19813901045157,187.3314961297443,189.0087349128504,879774
189.55243189870788,190.40816866713118,188.85692310138663,189.39101145496878,388426
188.45511383535262,189.8009463195246,187.43432835675367,188.82535816079863,96982
189.90415831430042,191.10062876849454,188.92014846307532,189.09659440927234,335793
188.70028282850924,190.14958455421436,187.77835729635174,188.82738062037527,480796
190.07100873159024,190.27250297865015,189.90277274003313,190.18824682563152,737475
191.90253966470678,192.3752034895789,190.98557601834548,192.03571639216412,748090
190.30553485737698,192.13706129214629,189.6245831393311,190.55130635403097,154259
187.77589692823864,188.95615013163876,186.7073012547768,188.05023855032513,851914
184.4538215129966,185.33554501316945,183.18531891196545,184.64722259559053,261123
185.09916038097703,186.38747008464622,184.03979346276287,185.6061606578724,75541
183.29950903371727,184.36055872086706,182.13498165935965,183.58785870448406,536728
180.3960641431316,181.5999938033185,178.85592382334,179.69562385875304,368994
180.678725350353,180.98153400790954,179.74682685250687,180.41328143341758,365994
185.32857264763499,186.26899158404817,183.80018778791535,184.98601400163435,624078
185.4288338438823,186.4928899837826,184.13016728834037,184.99328240855343,993922
187.25399893481915,188.41287718557263,185.6777954647378,186.5696113890027,651488
186.07942126093278,187.799574379958,184.9269876956887,186.7410157541055,224184
186.11616494570822,187.79673731025727,185.7624784949778,186.57509606647847,718006
188.01388981406203,188.93463724664164,186.26746013682563,188.31659882649416,288987
187.6131136169249,188.1978998783555,186.81539574227736,187.7895342963807,680913
188.19797003905867,190.64077119588214,187.1868680047382,188.31117118698683,927374
188.76793124320326,189.7107564649595,187.84930311924506,188.93683228906625,429245
187.7798668259905,188.61485565231553,186.39149679116994,187.6975393392904,993339
189.601186128186,190.93474991842461,188.44694983869942,189.58780297701279,859138
189.00168763694953,191.1279947144908,188.08498632940027,189.27531720724113,749578
187.0516191825748,188.5015011009595,185.30338567699945,187.86905577161028,948701
188.52348634743478,189.27705790432225,187.6543861325029,188.89858934313273,290582
187.02205402112236,187.46616140206547,185.38972120567368,187.2277194220787,106267
187.20666321006075,189.130877527116,185.75381852768956,187.29921878104264,840748
186.87769350731887,187.65405822348973,186.782862440734,187.3008689007143,101545
189.17889639664006,190.2959488381213,187.70559959395385,189.3647793130671,388368
189.85443550365446,190.6783918136272,188.3022991080091,190.2848550462086,277017
190.20838732852167,190.3808681296171,188.9367890094681,190.25626316784124,230932
191.42595787587766,192.6285991278187,191.36417750845519,191.83767657023918,962811
194.2123995463502,194.96809078811123,192.8435986816135,194.54269594725517,805471
195.13838214612798,196.22277155545515,193.5730619404487,195.65047148062243,18350
195.6302183368257,197.84647290556705,194.98788988966476,195.69029552978586,238859
192.82451442576277,194.37125323060596,191.60520758890212,193.15923920988098,121519
191.4785346462268,192.97099657547338,190.37877221307068,191.13190383970365,882242
190.72315187934512,192.14861265190402,189.10945020764808,190.56846735274837,390445
189.40293996563508,190.31923290732652,188.63406252944995,189.42940396114628,714879
188.79286455077698,189.79049213757034,188.17746634078298,189.09446473728892,362123
189.36454257907647,190.4527834586934,188.29674251376105,189.22053806524306,440428
190.50731236209197,191.5561222342379,190.05901156244627,190.24450825999423,970939
190.1837060038125,190.8100919671369,189.25784577624182,190.1294474658691,63454
191.68864785866177,192.72176216310382,189.91285023709304,191.07579065863365,236411
191.39392823004158,191.94533621962125,189.76299951066903,191.2181462382332,556775
187.83910739093741,188.68168341395207,186.41899294439693,187.49651105939205,116048
185.8117340853482,186.55389394434425,185.63167005594772,185.76211129817543,904591
185.76388368636063,185.98557100267553,183.83303595716407,185.51319434430343,386633
183.00879779964757,183.67730298046888,181.30526488554545,183.30089923252729,588622
184.25324275837633,184.8248794697583,183.2697538991483,184.42232053812552,670819
187.41667363729195,189.36811489086926,186.77186689510282,187.285811963723,810137
189.731030407517,190.5034168287418,188.95568522817558,189.60130539096332,517425
189.4080636804812,190.7960278793829,188.38541638262916,189.21596715644472,24490
192.49971535138832,192.7640820306067,190.956032656998,192.07699503118317,326360
191.83372301366055,192.76198235363947,191.04978603405686,192.38200062338956,190665
191.38006416163793,191.93335745109414,190.91599862477042,191.7537740689487,431242
190.6877236928921,191.52543392607686,189.06225175509223,190.600210505462,84775
189.76825574482822,192.37462619043905,188.67294038348135,190.0435770561829,457612
190.60523384895288,191.82143187239868,188.97732729707005,189.32623357095508,894740
189.86374826175216,191.77887305656427,188.55401962064508,189.66811712348886,165332
189.96215320647377,190.79685448573835,188.92009444691283,189.99191766287458,609037
189.82081011734695,191.74483313819294,189.28061022311743,190.0167056636314,745301
190.68456840967278,193.0093570597969,189.0475129247059,190.86786350793307,624062
193.1849686613669,194.08750812567263,192.12928630921607,193.17332391790424,379212
195.07952919210575,195.73932832013784,194.18741592574366,195.03584820967984,830594
192.00484061841598,192.3815075246248,191.0929031145252,192.180377846795,874207
187.25076986834088,188.116177116392,186.06514473365527,187.35312172052184,880808
189.63920542881863,190.63399391719975,188.22601715476642,189.1307144246104,740912
187.09841896207968,189.17387568926412,185.69394726587046,186.5817721830244,299242
186.27533720216735,186.48304874709987,184.65519274222746,186.1814890788019,274637
183.54037886507268,184.98716352409815,183.40368037369993,184.0340537946625,670795
180.96025795326617,181.04040966045994,180.54045758782559,180.76557229068575,505033
182.33020960593018,183.00842538585738,180.43268018763325,181.76518074806424,866309
183.67042928643122,184.76036378978435,180.9252606317814,183.16862743775795,417478
182.4014194998973,183.59391428138315,180.74430378062985,182.1338918222431,37061
177.99802772444804,179.20255270245158,175.61296928141968,177.49308724105558,329719
176.56268716669464,177.65600077434027,175.89117554401713,176.54383783800736,971524
177.47729339210875,178.67371500393034,176.70712871008837,177.25462507925067,469933
174.43211916370686,175.56725867903805,173.3210564212548,174.66994122001495,396981
175.11030720881956,175.43538217259714,173.63228095021088,175.00800961729618,748977
175.46405077699728,175.5614282176025,174.81228279245153,174.9987172026536,722507
175.8254983271879,176.62447404284958,175.0588385155179,176.0330142868184,273919
175.95758814870356,177.07139023999557,175.09206183493183,176.26126636826754,125678
174.60593446925122,176.13579594121708,174.0545723109106,174.57189681124424,243096
176.61089170892765,177.52111876877743,176.02572074475643,176.69099004729225,384934
176.6578031144506,177.43691576878769,175.1003777647142,176.42874647703684,492108
176.23831059011124,177.48422892655822,175.10878983878717,176.39821893629718,40469
175.37777365378412,176.11260021839595,173.4845474492426,174.777085917105,586967
173.57258343461865,175.31470833593391,172.52930388654033,174.02144603358292,955343
172.93829397769588,174.82989318511238,172.09513774604295,172.5057410808645,636695
171.96142653081841,174.21792636328544,170.8833471850729,172.22487866189843,255053
174.58639330192048,176.14285022341656,174.21212873315423,175.215762269647,583296
172.9279039558827,173.9673177471187,172.14309985692893,172.84567257310758,805406
170.00947497996694,171.7522428404335,169.68794387433013,170.09609062609323,500105
172.25114113765872,173.41975983481782,171.70556378984423,172.63425430926375,150824
171.71112555761383,173.5030036087027,170.80596125567055,172.29049607513963,965251
171.15584808424134,171.43162604725313,170.53497542102903,171.1587101273714,687888
173.30275156685235,174.00765748561435,172.5586230954623,172.96517995971027,218500
172.13918593297328,173.59691974950175,170.49145227067,171.9380344253103,845703
175.14385256920633,175.6422091814525,174.31120136054247,175.123991179864,373676
176.50174087359483,177.31644581006267,175.7304766024581,176.33286774200127,95241
175.4826116280275,175.5408398098914,175.17502523819687,175.49216336195755,117538
178.82432982236455,181.31294701645973,178.7141767791765,179.3371351218833,401109
177.76536171280884,179.8388202424104,176.99495170738427,178.27197286075236,378276
179.5448173669391,180.6172498424484,179.38944935634999,179.61780273646195,816283
180.1163161318192,181.3494005135512,178.83098639912518,180.1742072888579,199462
182.8638949485894,183.99540083284765,181.62427861951053,182.55319573363863,838273
185.72557640510584,187.4255105818994,183.65050755108905,185.444700295485,444084
185.74714283990056,186.38678167737297,184.47084210501123,185.5226111255768,432371
184.045289548854,185.47379741329652,183.52627693520847,184.14851684067247,680445
184.50511495536168,186.5390983168682,184.38702747376263,185.01600044038793,239536
183.93620018624307,185.5265085101656,182.42112038756537,183.7847354164462,87327
187.73827082514376,188.07209061966776,187.334401813689,187.54128896527536,562157
186.9190943566431,188.4177256317008,186.21336889850326,187.8163046623477,593419
186.8378440624202,187.51367399532631,184.96530572583842,187.1501370743909,534117
187.2556705203216,188.53656066816984,185.97616187761136,187.51483641738668,816561
185.06801003582837,185.26197808834203,183.88269000740078,185.02421472977645,944844
182.95908590095854,183.46185834997027,181.5259733584867,183.25352316030234,678562
185.47098108158426,187.62011455288535,184.03893191676949,185.48512787233383,986658
184.21150926249805,185.5520536733178,182.41676613130525,184.28910785515805,266695
182.33001301105085,183.36621920053406,181.74774905241352,182.38806693998743,158763
183.12507046018032,184.504844986478,182.41638604429414,183.38782644497905,418587
185.35658098503396,186.60321297807977,184.94270826369686,185.59376426802444,50271
186.5476838268815,188.44572603162146,185.63324441274924,186.95159913552035,489780
188.9854594897686,189.57181851850092,187.97261783804586,188.84191416379002,370487
187.65099624191535,188.6943065972036,187.38726090151516,187.4369048238355,575314
184.5244084180909,185.85937793063002,183.9637683271015,184.80924305819033,675738
188.1941562414275,188.54408937204457,185.87538636382538,187.6235404841936,520153
186.9201110077568,188.68951699859065,185.84856795972198,187.03779573028302,933185
187.15891715488814,187.84447461253936,185.25449534598383,186.58788894441355,61660
188.85872413160752,190.6242746811869,187.98272824746292,189.10157865614664,479787
189.40455538644076,191.1918032640386,189.279305833603,190.1753657261152,711297
191.21712719828585,193.11032103034114,190.18185228192348,191.0634366010434,502576
195.36165695165295,195.72812860366614,193.67805050749504,195.264592834149,493840
194.0448131633707,194.38356177228826,193.75148876869164,194.03146620630685,666290
195.6081558962047,196.30686162716344,194.19173439619468,195.85973085695596,227948
195.9774748788575,197.04935589898693,195.95680023360123,195.9910265707851,234396
196.33684010193147,198.42936318156458,195.34326304968496,196.53780372389696,616333
199.46416584986437,201.53665098616912,198.14100926527,199.58485463835694,921179
200.95875528288548,201.34658675053103,199.80580072606713,200.62105697740975,213959
201.79839760755502,202.9585611106103,199.21918402223628,201.7240755069162,750148
204.16837753061358,205.11548622018046,203.20173096160593,203.91961542594706,413261
203.10285026554666,204.69771009168014,202.4397699737559,203.19708027265375,63823
201.38127090376875,203.20271009499362,200.2508219474145,201.5191169707993,43331
198.9844195707691,200.41767429005074,198.44018114659352,199.4445311358621,547228
195.43586027144337,196.60778276421175,195.30374812785274,195.5806042399974,385471
198.33753008948847,200.70617017469624,197.9989697750769,199.6637424117828,572319
197.25975998755266,198.0155886137868,195.82490032882842,197.4928892704258,148730
197.04384787178046,198.3167360575799,196.23888802456892,197.07611876191567,568925
196.7725755630429,197.61983419538447,194.5646376263849,196.55099432859564,610344
197.06989791529102,198.71202393106788,196.34541157103348,197.1758514938481,721964
198.94898902570864,199.8759160795911,197.392921537791,198.81074655272795,872126
199.67458706413916,201.0336082594222,198.37020764490623,200.54889548098674,38172
199.38021505244257,199.48112880147048,198.65615631527604,199.40288191670086,642170
198.42107887118073,199.20772259076716,197.952096124365,199.08982269770357,140841
199.19064097582893,201.4577571456671,199.15171691420795,199.67317256862395,687587
199.12257309233138,199.91955348167855,197.7965437282275,199.19713877555506,693399
202.9617855990293,204.18274739355456,200.7050685638613,202.44503897349824,605737
203.61283537816453,205.72016503822294,203.41494407160496,203.46178259854804,339120
204.99045681593665,205.6693005491041,204.185872537092,204.9829827275941,114681
206.35886489441293,207.01028857773312,205.73994409872844,206.36692574727888,872759
208.52568822804784,209.7850566636816,207.1381358922929,208.82373352771225,670478
208.99538541441362,210.2876021724293,208.15646917290002,209.22301311207127,241766
206.72446073106028,208.92869213966705,204.69539727364733,206.54791347014205,171696
206.821215101726,209.4070644897952,206.02561102671515,207.39585114946934,606675
206.31438120168025,207.73023968939705,205.8039546231113,206.06995995289682,131098
204.84472222654065,206.92044022709695,204.10859550527132,205.00401324240545,891494
206.57074581731644,207.49315504336812,205.4209564965528,206.23023615629475,141438
209.2221002869436,210.45598630561415,207.4470226265,208.82070785483592,624776
208.18705187456854,209.74150373699456,207.37940210806224,208.8860195942066,949411
209.3093359422938,209.78964341603935,207.9864403356713,209.55308002272628,705741
212.80722332280138,215.00772929356785,212.2478494952582,213.1719723721159,991138
212.93239265549647,215.11659801552332,212.05596932368434,213.70717861351568,121417
218.9090579730271,220.47075939502972,218.330066025137,219.36205521612376,961409
221.70536423785717,222.81224965275453,220.08538290776002,220.62814474189477,971640
217.06336839691332,217.16785301867242,214.88594233983414,216.7990860200752,157852
219.29803886605418,219.75145378958345,217.8367167769981,218.46033611794118,763701
219.68020549135164,221.00014511127003,218.44865924859664,219.31653549645097,398004
221.85606002274767,222.94395866990732,220.05152423333422,222.1857139274494,276925
223.53803104547677,224.68127344427026,221.9173793840377,223.70884223028642,465687
223.6845981026375,224.73279124378334,221.20450731146946,223.4216593270428,503865
220.91819674045564,221.5704784148091,219.30173486601322,220.72505957480377,403835
220.0318412704856,220.74797608933292,219.32800301376406,220.2862022305426,157125
217.7827181199982,218.47800140836168,215.34977286975135,218.4424112182069,822154
218.62789585449337,219.62493638463226,215.73441265261556,217.1996944041441,198664
218.44202028255208,220.00172703004725,217.4511860681477,218.50370373492783,112341
222.06060055121927,222.22071626016546,220.91201504503067,222.20536240883985,790072
223.15695739718808,224.25664286573016,221.87085758543807,223.10638611186042,495434
220.36919960274676,221.76456874332902,219.4239117346443,220.4762313719818,53683
221.53516807350607,221.98516333068645,221.28757667403735,221.48080387923042,755177
224.74643792521337,226.82903403394926,221.95461866136168,224.16944939615217,529715
222.77343743106914,223.68524251609978,221.67416240052154,222.82894344334113,213569
222.03523973398873,223.59792555957347,220.80283545875395,222.55276858866742,852581
222.53575331951976,223.6130587233223,220.03569049163065,222.60771963248303,747911
220.6842395083495,220.95839127222732,220.03318917684905,220.88940237226197,984572
222.9814734744913,224.77117991180742,220.79929110458454,222.34827054224377,814060
222.6219311596865,223.09688251503047,221.51912016320892,222.1017160517283,605443
223.1057353577107,224.0629567839489,221.7276591600235,223.05776678477147,103230
220.5435348558894,222.61100468651088,219.3074948128938,221.10901490625818,996631
219.62608394672003,222.2316359483805,218.0070436581997,220.16588325262566,233287
221.79096443763686,222.18136159283736,219.87147655243913,221.78425623499209,544940
221.12964951199237,221.93910548316626,220.260291960946,220.98100753475697,887013
224.68442701536785,226.90968405492632,222.6060905557256,224.8528970678342,369377
223.76339809909345,225.40997169447547,221.64604974033765,223.97849341920636,552749
224.2385815252582,226.07932126999964,223.2855577218291,224.50475401731106,55866
226.62031643720337,227.04941776975846,225.49169009505903,226.63092002666966,967379
222.39658742559925,224.32459002210024,221.6144298274818,223.46149871816618,162959
219.09949970404185,220.57051959827086,218.20476825694806,219.58316527834302,650221
216.0088964211903,216.80489759262386,215.70873628356534,216.2801337025736,554101
219.57907510503307,219.58428107832125,217.44385966173212,219.0500677916075,832862
217.5117319279829,218.62200745481786,217.26140166104955,217.8663371225177,522340
223.61472790317293,225.64131790444648,222.88384942148647,223.53404635520943,803114
222.3992615585657,223.5507382714921,221.21783387570017,222.29854131241197,712050
223.30962063957588,225.34684589044923,220.74927254119174,222.73144699680216,96398
226.78668084048863,228.0424129215085,225.45440278412937,226.21545180338236,563856
230.79590412224601,231.447027189703,229.34568536184779,230.82245007453363,268287
235.42971396664277,237.73530999769815,234.30976359751213,235.65381355173668,289426
238.22579688613465,239.8871606390966,236.35921279205246,238.54250170425894,429140
240.90577482637266,242.92256067863022,239.42980362464186,241.02197789572588,994489
242.26809649535022,242.91383689535635,240.4533562684746,242.4785840817515,523846
244.6683564609404,246.6541506256754,243.57947894593497,244.39774587913226,682161
243.2830094297285,245.2795522759818,242.6027428371158,243.07867272459367,600449
241.40742364470103,242.8243165822525,239.65085270135333,241.12203103434618,712452
241.74532953581863,242.3688472468663,240.2851464581295,241.13800720645213,658409
241.64902952531858,242.8239207065212,239.52638854910273,240.75205040409543,862981
239.7470915698265,241.3854928516339,238.26075409126673,239.68733109772361,863950
241.91723772667086,243.29706350913384,239.28017525224757,241.3864464211788,446181
243.5564262437242,245.38598602756733,241.76392110782868,243.7278450012815,444502
244.54601514786617,246.51136733280424,243.24640230645971,243.96780803528367,467505
248.14973918955258,248.90775228176258,247.23651375592183,247.62402884124904,449587
245.3312879440625,245.70781581449398,242.35921168896004,244.83749187037677,408763
244.4342164575522,245.62886023733944,244.32664636813305,244.38823733220235,953248
242.3425602978912,243.6402185535906,241.45982959235636,242.6669371550477,344669
237.53893680164407,239.9558894734719,235.8914298118476,238.20329935152222,764112
238.0111743280604,238.45309632129477,235.65098798993043,238.03023445984715,912546
238.4933817529467,240.41591163326757,236.71085248822598,237.76439016848968,620794
241.2647411602992,243.60175901781443,240.03862675319178,241.4143431669921,392477
243.34784044280588,244.56480228220386,242.38929677884968,242.9663218055639,593837
240.92060803901813,242.16910883212816,239.220710399504,240.5146426999143,890719
244.9010776471745,245.7010681545287,244.52159410591156,245.04010665083723,918142
248.72838180269432,249.56709820989954,247.39328164234198,248.07527658340075,341178
248.09677795665732,250.49052471427294,246.2877377112942,249.54848170179878,875272
248.39988201673881,251.33179189183002,247.4809838971162,249.00883325728606,181430
246.20414142391184,247.83593064027397,244.29562926681402,246.6558335184212,783218
245.36113244909234,246.0180379126803,244.24732083414779,245.76404540929767,845889
248.64637260360857,250.0800832593108,248.25725267901237,248.47926386245877,867961
253.37868981244398,255.27367618905146,251.07803553139428,253.23179622476312,660520
257.39847384483727,258.6658436710164,256.92471842268054,257.1958083974142,417159
256.27232635182656,258.6832442219043,255.149449444559,255.96717176343935,706534
252.66159135795667,254.9987900774028,251.54965226467252,253.14261526878136,211819
252.90718512992743,253.99454462455498,250.87950534875569,253.52486096586597,713277
249.3031986143258,250.1372927155435,248.25367004107397,249.10574759298106,915723
249.62203488292488,251.35638396165595,249.0679117800804,249.937071600757,396740
248.80942786350516,249.59374572803708,247.4439569425964,249.59338823894134,443339
248.94041874621112,250.4363192011643,247.37493833770594,248.45774272951036,48098
245.23380692243745,245.30363658235524,243.67160437594097,244.55145851042585,338336
246.60089853452416,248.5910418563943,244.44645268008512,245.83528834189656,910681
244.64512453525913,246.53423040874569,244.2139209727708,244.55365769065304,978568
242.0360438514808,243.61274992155577,241.6934143218842,241.7334264309355,442062
235.5560627271892,236.25622130165718,232.23065908290448,234.91246448644594,87447
234.57002304345812,236.16560729931487,233.32385612527895,234.87132339435578,781526
239.62596103265227,240.45503511636085,237.7744349263653,239.0948464120878,38156
243.25822978252037,243.72225803255716,242.47905905152174,243.12431873890174,990420
242.48205443246147,243.44804740036685,240.17771023585206,242.0397453611285,482924
240.70014468620522,242.40786325662538,239.7926264322163,240.6105927820741,652964
242.3921163387725,243.63593756524483,240.95338134244264,241.76533645963195,957117
239.494550968552,241.73433508899336,238.59781783556357,239.3875333642258,156972
239.42237821859618,241.88743688573012,238.42739609263865,240.1350891059493,893772
242.70873045040537,244.40188413626456,240.91943443898037,242.0059805935988,630157
244.5536988268528,245.06046515282256,243.47693744742014,245.01802304470695,562581
245.41071920617333,246.42782992228464,244.04686264024735,244.79722885125926,873801
244.27948276523983,244.76504375904403,243.60150049418525,244.32357969291044,584310
242.7817586996593,243.86237821027103,241.2175323248247,242.21207058814102,403927
240.7867842708581,241.48992300673874,240.22627456259977,240.24154713550533,562444
239.92826691406992,240.85611394274423,239.512810684817,239.7220374137058,986882
240.87311077571295,242.8442930347499,239.35444804864983,240.62837472177443,880215
243.06635605028544,244.62823963590668,241.5631766839824,242.8610759688722,501992
239.97194104131142,242.87505395230278,238.13898694365963,240.94237247034718,956804
244.64821085897321,244.69663913694927,243.55490078305107,244.59032600534005,136548
243.40794285058888,245.21466768185783,243.0625181697549,243.95247608904293,410824
244.00826043048727,245.9359537352199,243.72498702818413,243.92474686907647,157550
241.57962882896524,244.43795527525515,241.01689039766438,242.13311731229447,572164
235.7972975602211,236.44152255427494,234.3194240309762,236.35744197961506,251526
239.24554900104812,240.18950405955857,236.2563884949731,238.48005925090393,39181
240.78170807131366,242.73268520696956,239.02747657572283,240.26780052786393,703983
239.6147861186257,240.67663591563678,239.2890944340584,239.61677138428468,304710
239.88994062498918,240.43419020271259,239.23533684457186,239.8013250906593,573068
240.94632854461898,241.15023036686387,240.35507463114797,241.06585672290115,46498
237.6226249311158,238.13443920894287,236.45442845250642,237.35210221942796,491190
235.80404718062624,236.13906217913333,233.832091911683,236.12331157229107,259229
238.50310524154438,239.73744976921833,235.9837457359987,238.03002520191515,913883
234.96759851116806,236.8941576473718,233.91418418038614,235.08659315762213,943521
235.6033004505514,236.0882894259859,234.2958881818288,235.80130138655187,429639
232.65742999930225,234.00060536697242,232.0407395484664,232.64732704787696,432385
233.4820022016443,235.51993265287078,233.45171367114492,233.7583732442681,46999
233.85206692221516,235.01942721333205,231.27615394733965,233.69844181635543,409688
229.73005662779107,230.01583604666806,229.27807166597952,229.9772189354916,308466
232.91282872200216,234.34725374265685,232.57668524819647,232.69478272608225,471550
231.57662081477568,232.69653905443033,228.6147269124186,231.01478982475135,692105
228.8437668981823,230.21173297688046,227.6881410683114,229.17346578614422,100104
229.59656792443445,230.42807140113075,229.22410368013942,229.65654294066505,249272
232.54726875108918,233.77055163167051,230.69539606987908,232.33290414242992,493512
229.80726094570772,231.50958713440252,228.12526485249683,230.00776209533186,915817
230.3864382423682,233.19068915986122,229.94207048615175,230.17269041696542,572899
231.44174521929352,232.6769489352449,230.3985782690507,231.1849455086229,598308
233.32054930778637,235.54489291093256,231.04005434317614,232.8161476405003,246259
232.967923472228,234.66721145485022,232.37402236108025,233.25061857843136,419716
231.9810953909052,233.51203352345283,230.624819954461,232.41933377737755,738001
230.38503329616827,231.78220977806433,228.24834192069707,230.52684298534788,68561
230.30197205336353,231.05658813529325,229.80049998919532,230.74858702324138,161618
228.56844807272543,229.92102033532774,227.40286461129435,228.31068612815704,486478
221.24432832689178,221.97606794810042,219.96445024294974,221.7595873046473,71313
223.79145946563855,224.3312446731754,222.66830310647865,222.75209089512168,12218
225.37987324310131,226.5810418765382,224.03041061897355,224.79723125273122,495776
219.57516874709398,221.45955116817228,217.78377740801312,219.5696462325295,523161
217.7625950884298,219.78601750773353,216.75787342519342,217.38547715694247,912425
218.04135332872337,219.69602701953087,217.92208019666617,218.75747862641867,805998
224.45443442403575,225.68156092481163,221.45308398744564,223.32735782621458,327780
223.13243585824756,225.1728282113163,221.71922544209465,223.39613918956528,283680
221.74444078831178,222.02224577904963,220.68152408393357,221.79789293332536,325909
220.59288160542212,222.79066850451468,219.55503080739956,221.41474359123262,321277
224.72074022239647,225.28620982957057,222.68732728671884,224.50239489335536,710514
222.58556580251533,224.07957456323942,221.27596471190162,223.07917047615913,427677
221.37057424865665,222.1725843982337,219.79027688676578,221.32557620864958,436859
220.04195571310538,221.670856211926,219.39892692646342,220.28174315478378,221932
217.74317617676732,219.66485159021002,217.57941914922313,218.21353279975662,471851
218.1517183398849,220.17985636538305,216.65394512110672,218.50322951154467,90101
222.20470542749632,223.5478432089612,220.2603235158992,222.10440839203116,610154
222.27427674089355,224.07440944321183,221.3126484040328,222.84542554325114,294489
221.97307510219287,224.6540176713411,220.2720355501413,222.30600576550455,505273
221.97447373416605,222.06923969567012,220.7949326125185,221.6804043115105,575463
219.39994059626338,221.61299040700507,217.23195548046328,218.26388585556145,731553
220.4323038733362,221.3428070594484,217.9630731547468,220.22195278839249,435202
219.6688827195485,221.54988691012352,218.76265195941485,220.07261104876616,296683
219.53644275778052,220.58159972992414,218.6696488161344,219.69775107288427,153959
226.8631550882195,227.5193284316779,226.71045938371236,226.84882323047398,910250
227.3912844295128,229.01885654777223,225.78357814077,227.55030793975078,597287
226.2765501696371,228.11536051600746,225.22025480398636,225.8686051925798,316610
225.0279718220729,226.47243174346934,223.70614241814684,224.93013914048538,838461
227.96414931514894,228.73322116930024,226.6282913516927,227.55098390828948,706705
227.68837939864008,231.4391578373917,226.85444296446113,227.8316599000176,452996
225.19613541355787,227.1318585666882,223.5570415993928,224.60071880929533,363063
226.62201680785302,228.4657471447503,225.51668084256056,226.697500539518,691594
224.77295921234833,226.09798170301497,222.85604210478093,225.21040333663836,389882
230.4913318100168,231.2115025836325,227.29788753830934,229.4919766937349,659547
231.1604173187208,232.97249549250824,229.5533565082192,232.00723339488013,122437
230.65354065445302,232.89920242262278,228.62040633043426,230.9948303074397,854966
233.70290024268445,234.47093303511042,231.93553551802566,233.99634469338295,769068
235.35337795487857,235.7759287044216,232.66021759948902,234.17859467878185,81554
237.06135514564636,238.63037952964677,233.99557991655777,236.20776694124194,696902
238.08851488536078,239.50694848217216,237.12417769068026,237.37925977158133,176048
235.24652613354422,236.035212187816,234.5533455682173,235.40220168780527,986548
235.05056722972853,235.45635600566834,233.3220130305083,233.91552582271223,362450
236.5349767836751,238.7379904634246,235.39275346649424,236.36084879910567,787580
236.0549279314427,237.48802053275583,233.93169705562764,235.59445227453364,838485
234.75319913713844,234.966681914379,234.2805571817448,234.6688613162025,711366
232.43840281928826,232.7215539477187,230.92560127845502,232.46140095622886,535720
233.35397350295523,234.38568924079811,232.59818262943423,233.47153981234223,438480
238.2608461629071,240.07663224804722,237.31761725704771,238.36078607015335,871092
236.14035384489344,237.74257238132995,234.5322515657841,235.8533242886083,791689
236.10731569347496,238.08944501674017,233.56438456959208,235.9340458251724,908196
239.2984601198466,239.44010819512326,238.61335847727332,239.3135231688114,64011
239.86891594778228,241.22934211596905,238.00864758645577,239.14691992098076,53175
238.8296722374694,242.48425148501062,238.4080604079646,240.25522810801027,793009
237.98249685160656,240.1239597867451,237.06626299891363,237.74005560625912,261837
239.1271437078213,240.58025478247075,238.36937269345987,238.78437413210136,407056
238.90853990632874,241.78596762658697,236.99490475149497,238.3617557402364,736384
240.71581586667398,242.39083712349242,239.20510114501238,240.74705108294017,721312
243.74836835794008,245.72961357082724,241.92662224521604,243.64705013577583,360499
250.55695345702304,251.84314842965586,249.37891573874253,250.0638533531451,206179
252.29285224640765,252.9632130551427,249.90164688057558,251.54266829400166,782050
252.23705527586398,252.98802398763405,250.89028590741842,252.38875908458303,622333
253.04016868754078,254.4432373647419,251.68442165789668,252.9051295974783,547491
252.8848631893086,253.98883053705538,251.71719812872976,252.0387318826173,860573
251.84416649675066,252.9959099416245,250.46915766487146,252.9185783134116,9056
251.84973492251922,252.6826545005054,250.45074242081623,252.19777420621418,961277
253.38893245046694,254.41383728756531,251.30790486501047,252.6482506589729,870052
256.5841997717545,258.4269459606693,254.43737374841538,256.0247662847409,43109
253.75090639535884,255.00742463778687,251.69040014080105,253.486041258774,24279
256.18758923742683,257.6442981676035,255.75055112458486,256.4176455454302,402089
259.38501432754236,260.37317212112606,258.25671240835345,259.84328355609614,81812
259.25571146757125,260.8784787032815,257.558285820747,259.5626264253998,170159
254.92533366480262,257.2087771418044,253.07245244059342,254.13851663883545,71880
252.3062339136683,254.00477768670456,250.31849711086898,252.6237530150469,509484
255.99912088343618,256.1215036325883,254.5982242182106,255.94720303539478,901287
255.5285006258243,256.23299343160085,255.3075277749761,255.91426970884186,485873
253.82209576407377,255.5395491232322,251.48989016617722,253.39498633639056,275370
251.87267439279796,253.23539006829304,250.7017963296182,252.14434796617837,711410
254.24865029528604,255.51288077027272,254.17005377455735,254.29828621330836,35037
254.85705625690028,256.52652699824876,253.77566452896426,255.71799847636544,621509
254.30999973623648,256.79422530627295,254.0061229719281,255.13324749124084,370051
254.22839350368506,255.270029990758,252.37897636031295,254.22449207633554,568044
252.58461200791314,254.3803159750467,251.34884758806618,253.25581953060606,39411
252.01216387882013,252.62866875158235,250.39627655158054,250.95559732881395,339475
254.01624150053846,257.04851931317177,252.1282545654626,255.0678982352783,351828
253.86558653673367,255.37519029020243,252.24704694262914,254.27251170272126,259396
257.4206607404416,259.17720691515217,256.30706847923165,257.4120627310561,41025
261.19331030657645,261.75515331904637,260.8633689106693,261.3841902611433,972740
263.4500257873054,266.72666064985134,262.7986248862659,264.03308765559314,551684
262.4184929889905,265.24437510681383,261.7814389614452,262.92221400582633,231861
263.48916604447425,264.2048243732488,261.5816384376239,264.0122556796719,321803
263.8234056062938,264.6595802938858,263.81214249520616,263.97478019903065,184586
262.6474945739615,264.3370804751947,260.3550860874966,261.6261432149226,603480
262.54329603042885,262.8165547768275,261.3869674297775,262.50237857897577,555247
260.06529970926374,261.26295704455674,257.3482152561233,259.45148912235345,510199
262.84381020253244,264.4944418260841,261.0813469262842,262.577568969707,639762
261.9688525612897,263.13351951849734,259.65993215626605,261.3865552508257,982060
260.4722411977156,263.6722055039618,259.5804050845486,261.93908135219624,724087
262.54847719531836,263.47555594211946,262.2053249080209,262.70844458167085,195615
262.74044700624154,263.1956565558676,261.0009646685954,262.0553633098237,190992
263.32225963448417,265.7185510311064,261.3917158696165,263.6237058672246,630836
263.32590341020574,265.4134047529192,260.47895323649294,262.400954130025,472559
265.50934859574136,268.83111214076325,263.74204847160064,264.7237067917869,321821
260.9654876952324,261.6341399979387,260.3345335370385,261.21057150016827,367681
261.3038304105276,263.4640664947624,260.82565416703426,261.5670524076396,175455
266.1741212852461,266.9564646578658,264.95235007659466,266.7148086618503,369516
263.7539497501111,266.7985152336377,262.32713226870857,264.0864844046999,978672
261.6822471404334,264.02452412639735,259.2173117079801,262.32893469266793,69581
263.93306400059777,264.49899282816745,262.2907990320639,263.7069030638155,528553
263.4379212308261,266.14677555592726,261.6356639120798,264.20731750717164,186926
265.4820226730062,266.3689622645375,264.4568905075054,265.1618487475603,826117
266.8235637208541,268.39815582230256,265.12302921659483,266.48881182950936,163128
267.32136136361123,269.71925890969004,265.8724166664977,268.2124728464468,376289
272.07324610429396,274.8572367944752,269.99071041137194,271.23252368061077,56403
272.6533891995763,275.5011932471678,271.02956255554324,272.3736019725234,361958
272.1518974815141,273.0250162550125,270.2828252091468,271.7444449360996,199976
273.1904956945959,275.84218510181006,271.43029915987313,273.60564585951437,723395
279.22855066908863,280.92193792951133,276.50886781447196,278.8814107359439,744709
279.1671080352536,279.37982047377113,278.0391812749982,278.53961763367226,958230
275.8115309476629,276.6690689438476,273.5109283463793,275.8659363443086,893254
280.08178992252874,283.44513481543055,278.9279161541238,278.9648578938114,427839
278.68166096657484,280.37425164805984,277.005700744164,278.6571031195451,84870
273.31754348592807,275.50390309946107,269.40478529164244,272.69536947523505,463779
275.20475167287134,276.4057086242499,273.70345473741355,275.0435712953325,148817
273.9228787244298,274.8487857871802,272.08670499896385,273.60247843929136,645431
272.46840101136763,274.7714981088544,271.35966691076123,273.38222608306853,289392
274.52231394529866,275.6757710120359,272.39801855869564,274.3187399574512,457925
274.46525572060784,275.0122982399893,272.79468845293144,274.8692999036663,358067
276.3853254506664,277.40492890232025,275.56394743671797,276.8539829348742,81309
276.6401330167119,278.61082148047785,274.3946909761558,275.6785094841516,124886
277.0058962718565,278.1935040453425,276.5503073089531,277.12437816598583,710180
275.8789928001437,277.8371711601121,274.59803815461834,276.43368564604765,130471
278.3113749737158,280.10026284703497,277.2699662487468,278.51141949277445,684983
279.5296720820822,281.92309468099984,278.0175219794,280.25859679480044,375624
278.4732528287297,280.8234938953628,276.87993498442364,277.67693952720106,708845
280.34636056833483,281.2153184157712,279.1249741972117,280.7369671728105,54548
279.5598987878277,281.4359576627989,277.8605985525387,279.2642696688506,475688
282.3218286637203,284.3729202891141,280.08415443200323,281.558182779504,530356
282.3397637607924,284.871456500296,280.69574134350097,282.6224725356128,806412
288.2007551170198,288.4201471353964,286.6053761207751,287.8944225351899,301002
286.68867402838197,288.9365377465687,285.93183914407706,287.2805213461507,210899
287.70786599692127,290.6275909721868,284.80535076848787,286.3073822311741,125761
286.8165490603756,288.1653435899408,285.00262287924767,286.28041447428853,958673
285.3323712679071,287.2835685237631,283.0286156992522,285.44232732818364,110768
287.31884538079265,289.8761588378869,284.8903619957687,287.76363226386593,524664
283.1136187260961,283.7229002492804,282.8634146042452,283.17818139913385,972365
280.0475171422375,283.1809827638786,278.128781759594,280.2380699065404,587861
278.3723882179675,280.1813918483644,275.2226250382442,277.28932685643457,840650
279.2787704033833,281.8011367325581,279.0099628798044,279.964984021228,594816
284.9005689498967,284.90453415782963,282.90451783443086,284.82377964812974,765465
284.54445644161757,286.6559421085387,282.35691714419346,284.55489281478833,898531
284.036603214698,285.95545168130013,283.42562341445637,284.1033165261426,796514
284.26907230331875,287.1379156705715,283.049280783656,284.33083843245146,515886
287.6156668130459,288.85222551424863,286.0168228812362,287.68244988307663,768976
285.55319823821014,286.13487724505086,283.1423399385683,285.05545375082465,90966
286.11237507900125,286.9573458968971,285.1828835646473,285.7643230228345,526983
288.8353707674373,289.84198089406107,286.1488983457711,288.59358036387323,96090
288.3121882448234,290.5490634576132,287.99849178577824,290.0723410387517,108311
290.82612208054576,293.40588940067414,288.0443436807625,290.65185021082726,139450
292.63317075269117,296.2428646063721,290.68692535734345,293.60537999966147,493018
286.17287993001776,287.43565350472295,284.9075349933831,285.80343887953495,756344
288.6248379061316,289.7278812891195,285.59104025377974,287.7761874444589,438436
285.3989705721506,286.0562987914368,284.8690980245214,285.92864716497803,614560
280.623037944244,282.7601037076262,279.12316164026277,280.7700383111266,796960
281.8989182737937,285.0484125840853,280.2877208846357,282.2372392728669,767405
286.87666729559754,287.7626617413582,284.53600959852633,286.1695813075927,849856
285.85941365009984,287.18855885016484,285.09605593678526,285.8050947425931,132320
289.56781992910163,291.39292952374825,287.5569385743571,288.5703307670527,797320
293.5326233346015,296.51880558662305,291.71195486401217,293.2899234575761,902778
297.3457333133325,299.0106698014396,296.36358029316375,297.20162014035594,540406
302.1872365178959,303.8753419792563,300.3892344596418,302.14601970213556,644746
304.92514852445623,306.6138104288765,303.4658448111566,304.42711058194465,198296
303.6284030223058,304.90817345392543,301.19937577437395,304.6873048712164,765133
299.92637743717046,300.1242172852169,296.96998505469276,299.8751923670123,787655
299.12622307649536,299.938795854245,297.8975299663103,299.1681344042789,297671
297.11612570456316,299.50454470244796,294.38317173257855,296.6856829442513,545487
303.11347043731456,304.43837119536056,301.7909601842887,303.22730294072824,607261
302.0958076888269,303.75735969693153,301.43400446655653,302.72470884712965,473099
303.13267779406124,304.15074167410654,301.9997214775708,303.1282214000322,891420
304.174853839376,306.2333165187372,302.5758950800163,304.8350292880397,214691
303.82406805535715,308.0808854403758,303.7144261544871,304.9984721219036,902705
310.69460931992535,312.10715372848694,308.10990444754435,310.2434393609399,676115
308.70565095198964,309.5209758496453,306.7272294270101,308.3485453647556,267528
309.26873896437166,310.83850571080484,306.5077503766056,308.980095355542,854419
307.52445733318524,310.6812730201597,304.6319562647962,306.72517543558257,197918
302.33055701335377,303.7902123246691,300.7101121036641,302.7332114931479,118193
300.05563405879667,301.3553584401237,298.8756667199424,300.9169269988513,375315
300.79344480035803,301.8876095986911,297.9152771066793,300.8355796973623,965658
299.36860422514684,301.1904182275542,295.92298593120796,299.5768102878668,129508
297.03816274885816,299.64142842875236,295.85519288364287,297.53939506492526,280650
293.3668139944754,295.76704024265786,290.982656977621,293.4136716610832,755005
292.84060396525445,293.7454339890322,291.9972959363791,293.1992483035059,996890
287.7886721563357,289.46962348460534,286.85711687632534,288.8493299480932,337854
290.8253802689032,292.25534105017147,289.70824287224815,291.08221764796485,684732
290.68924870377595,293.40645886377774,288.63871277207477,291.35141773557325,911720
287.29737625706,287.6478722491693,286.65454273918897,287.16433412858737,82548
285.93074263321853,287.21628377341017,283.1715416526057,286.30639652847714,255408
284.8212484291806,285.7388766442975,281.96887339660697,284.18942062002236,399639
286.0410503718431,288.279392119027,283.1349624898013,285.12644112424306,375654
289.39573591844385,291.30134383280404,287.8127740980519,289.0030493415113,797273
282.7826668682389,285.84996944073,280.66505939551627,283.66260311680634,253654
284.872481084222,287.4409010373208,282.9518184101829,284.01747714380485,89915
284.48511520818056,285.64668207667705,281.7983292260884,283.59139369100274,248470
285.54094350302165,285.9514889992021,283.9654028564515,285.53021298562993,674326
286.9253773772922,287.3434589690199,285.97973478064915,286.1682185321865,670961
283.739385982018,284.19889051205587,281.97487913648655,284.05279571259257,220161
282.119321384986,284.202420254883,280.2086188599126,283.17627452735104,604054
280.5319429925191,282.04010396165893,280.3745089613901,280.959160748129,213907
285.0093621178876,287.10778921079884,283.6181160938981,284.0270257546523,925288
283.26869397652,285.55096988776523,280.0980200499251,284.1159732238228,206164
289.59791492738356,290.6201884669575,288.3118281479184,289.598192199158,752422
289.4712825582889,290.81790407096986,287.157069644561,289.4515165548721,608376
287.1421149218764,287.97827724419795,284.7357474843513,287.4370104881634,533624
282.8959498033453,285.43387182462254,281.1471406668555,283.1471135249049,367758
278.15532742965695,278.8902842646892,275.8758339088503,278.11514027345146,657426
273.4636988635446,274.2041223548232,273.09762256073395,273.77150692652225,903091
273.7504539761821,276.5775117264707,272.5710242996085,274.53125297825386,10768
276.0776951688403,277.9336254385651,274.7884532656615,275.959015162434,401398
272.2402324699099,272.28680083205205,271.5923265420739,271.6570572556229,144488
274.6035632779065,276.68094058079566,273.2052145478901,274.12681698455515,54305
272.3912469848163,273.5902646702597,271.5730254410796,272.8330922477576,308253
272.577386902413,274.32083229955555,271.180637442685,273.26121101323236,452807
277.57240652255666,279.27473641101153,276.2017405265486,277.73026167230654,570034
281.1390625387154,283.0395273600913,278.74653366413486,280.2602831537925,468076
279.8975968861819,281.6711505219864,277.9924636683183,279.53666022450244,274981
277.4743411214287,278.82024290140413,275.42206206904797,277.0842261060776,395482
271.6953776010879,272.70773360030654,270.63694839050913,271.21269659413434,66745
269.52280794521675,271.2037306214115,268.53525677495037,269.2961862840126,611545
268.8199228765746,270.06854746304424,267.44105257951037,268.75509455333895,73062
266.49419945843357,269.27001992969616,264.8279969611767,266.14166453861503,143545
265.5287819928758,267.61587675500937,265.06298664944705,265.8191448063667,679102
265.2974779340187,266.64334009809625,263.11018561629265,266.0501140249348,454875
265.86298424106394,266.81137071723253,263.5744492687846,265.4791030855886,489518
264.4384500695154,265.7988739138432,263.146870444581,263.7854554496106,75541
263.6661401569271,266.60857935382245,262.51262664323934,264.2571417090511,843841
265.890494856678,268.3455455584641,262.5265375040832,265.45412995266975,872872
263.4843466071416,264.48864244628555,261.1620916877333,262.60160306571436,352387
266.3584339630775,266.94538131578673,264.7104589191573,266.3596305580179,37217
265.6883923690547,266.60692161420855,264.8453117301186,266.12377202290764,658491
266.26605408279084,267.79902398056737,265.11960786427625,266.2005588035187,846224
267.8241142164755,271.31299580385246,265.27068501508876,268.1193318158673,596951
268.4407150828745,270.5507766993436,267.00727299622815,268.7722349428936,376446
271.60849425977483,271.6677761870104,270.07426217395397,271.37338500644216,969351
271.3078909145311,272.94899112746435,269.94513219922925,272.18089997820147,491425
269.76481104260034,271.39244761642954,266.35602286654364,270.5461097480663,379341
271.56354436196295,272.25168433026215,270.16287248090305,271.5530673664875,76686
268.4798058252242,269.5218051533089,267.80598328917284,268.4917851440973,760889
268.99499900641615,270.6380701122673,267.99474071717856,268.81029699064294,368392
269.7557852551579,271.65646927901327,266.77464082437666,268.7478596361772,999585
268.2720165594526,270.4920454221924,268.0242964120744,268.2159518961074,158784
268.21870223323833,269.9815985459546,266.1965816111937,267.89820374402956,744583
262.41720150676326,263.15695997478525,261.67494200925137,262.93019563798816,782295
261.9191921090519,262.39800297945897,261.3668189594238,261.5175337813306,89625
261.5110254015107,262.97140201506375,260.97236934574096,261.7866295823513,513178
262.269126371064,263.69635288023187,260.8988497084472,262.23166876283966,952500
259.5200263910195,261.54523014683076,257.13620462272695,259.5765354889959,142826
263.45234278029085,264.80373541137834,260.87427194352773,262.909185949874,136283
259.98489477342497,262.01082468212417,258.91403536719884,260.6678322709343,364866
262.031456628938,264.7374626860899,259.95706856373255,263.2335064526537,363896
264.27401027531386,265.50652902301283,263.2355031327123,264.3868678798863,660754
262.95628187949626,264.3396042688923,262.5523577986671,262.7101060870829,906884
267.5238623316252,269.7650425618827,266.0882844887938,267.44241575220315,621272
264.9468615507751,266.2049000706808,264.16808662859376,264.2955294082424,243173
266.99603586610846,268.30681601058666,264.79551839624435,266.7626864470231,618579
269.1683280020242,270.7924209699834,267.1717341736298,269.4722109152385,676627
266.45287010704124,270.07861363256626,265.8240173044933,267.69789024543604,318491
271.34986020259527,271.9336655290508,269.8745873122133,271.4787106413127,690135
271.38461677992956,274.18735245083747,269.36314015857226,270.82781699484616,391496
271.42498163949983,272.0375116844249,269.35783879664285,271.6379717685399,255491
272.38868927097275,273.2160261188949,272.02876550115076,272.3732619057809,42171
272.2641378688327,274.2337551270027,270.1854694819245,272.0348884892444,661588
273.7200197192206,276.49612354791867,273.4326979366772,274.2769623358045,861065
276.83426064883514,277.0528221140029,274.462522144691,276.48962413122166,637879
272.61399848770975,273.0834110078641,269.4994032411144,271.7243069202452,398286
275.224104365836,276.9253447969565,274.4008469188237,275.31926205486906,529181
270.19550108340627,274.0657089850212,267.8563141730479,270.8070182223209,777961
273.60862474585963,276.0364012219656,273.532588605079,273.64507483190624,903513
275.54205793035896,277.9512252821166,273.25540318462873,276.7733584508075,519875
273.9821302128755,274.60061402534126,271.2471175702544,273.7976435732976,634360
272.9490925050256,274.38069089836034,271.0559938503929,272.7024198705651,75991
270.63465815750686,272.28198166311375,268.5402813418969,269.7307169995679,474811
269.07410951057153,270.2154007564578,267.47654670835817,269.1785479837305,872825
268.59675446589495,269.25423312980314,267.52171591136266,268.37749791991746,403420
270.0391929414493,271.986849556538,266.56274076610094,270.5051586910786,31491
273.9049499110453,274.69602287015323,273.0173866326731,274.10034350338503,345859
277.1325916514746,280.9319509004577,274.6516442920418,277.9805353799487,444571
276.3421465008103,279.0900064457667,275.574932895035,276.44984562227546,905463
275.7311759272068,277.8236971131281,273.0316505736572,275.8996453015329,153480
271.48341046775874,272.9138923138761,268.3264854929601,271.3210520771258,898108
268.8345516830724,269.9830208317686,267.1790759247545,269.17025915084196,531180
271.8524093029715,273.1947182114163,270.2143196345272,271.807101586413,246230
276.0774590575609,279.0015924488443,275.48934148192393,276.26165931224847,102676
272.7189425004146,274.97554090878043,272.23541258680274,272.8998747835301,427404
271.35855783933926,272.8811715573271,269.7158900247484,271.31495083830345,396473
271.29242857092726,273.4008924369425,268.72739744304647,271.27044321788156,950555
272.472875796012,274.28123249454103,271.1458439887608,272.0587077451449,793511
269.8268696810389,271.56230721517727,266.69045944468957,269.8919908583679,316396
270.8763489721449,273.2187553828294,270.0177895406855,271.06603303935566,316887
269.71406566548944,271.5791919579319,268.17988463825026,269.8116335697306,446546
269.41398887649495,271.84352978178725,267.879393487016,269.79962109235896,367421
271.10936503002347,272.79253459571134,269.83639896486983,271.3046561409863,764606
272.4515208235919,273.60606752668383,271.0421872817219,271.3492141822482,131521
269.7014806520484,271.10132387563834,268.85386804424235,270.1946825480776,812738
269.77524315651164,270.73493254657734,268.2647937248553,269.92567615518624,139626
269.5052148448782,269.76399648503656,268.23529422239596,269.7142372634022,9370
268.6121297588665,269.3534690761154,266.75639385617086,268.7449820198434,399825
267.8995907516035,268.6609079857324,265.9518247045793,268.07718615533986,64291
272.5766184215464,273.52463019997293,271.2585621180648,272.4244747457402,614441
273.0471252628921,276.63825948816475,272.47025617585695,273.984247338837,408224
273.7699087619444,275.0093511391652,270.5681596741437,273.2031916487788,419320
275.4895564047679,277.0668169465345,274.88458125523766,275.14145689856286,395626
273.57021635671225,275.84807124097824,272.6909402526678,274.2519362346499,736618
276.256538791281,280.22526587353764,275.57967705744954,277.51594905705537,175631
278.0271501725264,279.48335156940635,276.01440796572115,278.57151911660065,42295
278.16552644368585,279.5063137773251,275.67564847885956,278.3005948848334,585267
281.0201258396759,282.33569398641407,278.32513901042716,279.57734353053723,475942
275.5464282353164,277.86366473671404,273.6813949493543,275.24736813565534,906973
271.20657755492294,274.64910712431293,269.50168745278097,272.1905953604792,518170
268.61604714204134,270.7149700054496,265.8192135563582,268.98706396085686,220442
269.3701051328149,271.74220257088376,269.28371266470975,269.39877586320017,835819
274.27331479403136,275.790864379235,272.15150687527023,274.1342281033513,636600
279.61059709767204,281.60434296973483,277.8967031834034,280.34777092229336,967866
282.09428685138295,284.5791230788435,280.9976505513576,282.1704673628184,273003
283.2085403520515,285.4485736604379,281.5153270573498,283.6156076722571,575894
277.9661358063367,279.3592990712452,275.95852902419057,278.58110837383043,464782
277.24499353119245,279.4608083834629,275.2308342833521,277.10112503968105,279099
275.3797990234402,276.5844540420727,271.79899955613325,274.9542374072985,283672
273.73948456526807,274.8365036063166,271.8088919149478,273.2798053723118,329120
273.1614121035984,275.25902216681277,271.46170886863973,272.84797180172353,228573
271.31991432264925,272.87564817520956,270.1108846640202,271.59007558084363,941008
266.6745325624436,268.3190812326099,264.5207373213827,266.29397197413704,583182
268.485759910842,270.3613527671292,267.00411505787577,268.3199089934297,452011
265.5545753779436,266.25860590394944,264.1455189579624,265.48345666978565,225400
265.8203918461737,267.7840004514786,264.4770712658226,266.1459911905332,403062
271.48084316250873,274.2098122868622,270.2330698905224,271.75089622834776,144606
269.3306322487174,269.90446770831545,268.43611393537503,269.29083809881035,204112
263.87011261122944,265.54561570176764,260.9464315191915,262.58874546049583,132739
262.0227584131985,262.6808539337761,260.77959568460386,261.8649886959108,957431
264.46674940332036,266.92574421785815,262.6575221864447,264.7904231275635,634221
269.6044717040988,272.2241298583032,268.16685900134115,270.0540519889925,834883
266.5182224944961,267.83093414853033,265.4947191287244,266.78061008838716,764856
269.3034365864661,272.4351355382432,265.53637556507346,268.1358158765437,349440
266.7046032211754,269.1384630693654,265.452941917668,266.91774058487414,791054
267.14541561566335,269.04770120637653,264.83020218427316,266.6617602295444,644216
273.62877004263214,275.7383071066786,272.8352325772714,273.83465440499157,572437
269.9176743186289,272.06400047931936,269.4863047799323,269.7767512845645,871862
270.9175157548025,271.46289243092434,269.5968541235749,270.48919866537506,680795
271.4735296309338,273.3019940925907,271.09011504489416,271.7843981746337,325404
274.4266234554035,276.4687241455965,273.249494768416,274.7789514315608,821593
275.98845657223507,277.03710005150697,272.4884796590087,275.0758266671643,352538
276.4955005277551,278.2635194323974,275.321784984403,275.9520995746096,401785
275.33565261088484,277.72971893602056,274.53858387669806,274.90093948442006,466389
276.1033898301206,277.13455115469804,273.05026276105974,275.6693339673736,543227
275.0048924370756,276.3350160526523,273.770406295246,274.75235354298735,233790
277.60890562510434,278.31354479536765,275.1236925771023,276.4931034318752,728172
275.52478483742755,275.62424020054533,273.47157356176734,275.50059131116626,287207
276.8884278863924,278.9199019465077,274.7521960875137,276.5691219942782,594213
275.7134512807659,277.8770839844267,273.71410491604126,276.5158521304003,210163
279.2136806716618,281.11341858519455,277.06337599124015,279.67512263404313,728632
278.8879782169453,280.12959007840357,278.82150696917637,279.55937864386055,777861
275.3737532082428,276.59737356521185,274.4659330783317,274.6738493107408,405434
276.7696164514519,280.4959303102045,274.41333583421857,278.18979770851894,236743
275.4872476156511,277.08831346854765,274.7558888722241,275.70908867512713,501623
272.299676126712,275.3335504266379,271.4876614832731,273.93986730568196,29673
271.8874102153686,273.87145229090464,271.5580261128751,272.3401964328642,526259
275.86565987259416,276.49325019842024,274.8214652233578,276.13679801452923,32356
271.07771724978636,272.9413118746499,269.2606215639624,270.3289756813144,729304
279.1948911423432,279.53953089488687,278.36330606170065,278.97359369921094,255068
281.4936884954479,282.57852517655033,280.97552849140857,281.9635195278131,195434
283.2244651816667,283.74909763213674,280.9386425034358,282.6219357219068,922351
282.5051589533796,283.7691788769948,281.767096277327,282.49508390490035,147980
283.35253241127975,284.4696899750282,282.4299500775052,283.33124468160713,771484
284.15494570717357,286.2632374123443,283.71199502092435,284.8400838133209,326942
286.1448293424726,287.3674458056874,283.0502872628685,286.71252801183164,774335
287.862966520576,290.65024541579885,285.6103029107783,288.338781620946,510488
288.6528742222422,290.8183719580337,287.6113658390961,288.6260543543406,761820
288.130728576018,289.42113917658054,287.4224612535669,288.0858530238268,824512
288.5675585632745,289.5962730095797,286.2313588270875,287.6791520270868,79394
287.36883636651197,288.30621268223604,285.7262051960383,287.14770095408426,887331
288.8780351869443,291.632873459184,288.53944115770645,290.4508647813028,97600
292.3626942535238,292.5963693217114,291.4343769855432,292.20920144244127,44085
282.94763826901345,284.37251017438507,281.9794558844146,283.7705822403087,446558
285.1146271699614,287.83197365590775,285.02627687362485,285.666518271532,783179
285.78700991330675,287.9424233183919,284.2111403761406,286.2519801523086,666214
285.8473215040397,289.0615082173219,284.26537248000193,286.22705225000647,602294
284.3614421200057,286.3154637091762,283.7698674085757,285.145677931306,203049
288.5153263299935,289.64499664156943,287.41848798211635,288.3979587411211,896572
290.3511345490786,292.27226523457955,287.36367540976374,291.1727087949266,782315
289.16599383839286,290.33494926262176,286.8431261343372,288.95986858855144,222852
291.46569140835754,292.3459580071808,289.1103484755955,290.1674988037031,499864
286.6263674958399,289.0610482823874,283.22242772937705,287.39045771266296,876868
283.3198316753471,284.92329533888085,282.92058083522755,283.481138285203,940798
280.3163322964043,282.7159451355702,279.5981854485339,281.73824117438994,884586
284.0358038268138,286.69464918408727,282.7097947516135,284.20685957591496,142621
287.3262159192718,290.39766098175346,286.8405655365145,286.95735109602555,563939
288.8780703787227,291.33345644689786,285.47069409311945,288.46231585557535,306044
290.63556542323,292.57537531470246,288.9779832776151,290.5906030771509,282679
292.64320726586703,294.775203509872,291.3553274580809,292.12365749762813,381971
291.7629242905364,294.84663857252707,288.4433816176202,290.2847626173822,73595
292.56895001892605,294.69913224069325,289.9848262955861,291.5704351731955,197066
293.63576762491016,294.8966312956698,292.43595815162075,293.9429503120911,261024
295.33850932227415,298.02769978516426,294.93257997925,296.1981379197128,141271
299.5271654264369,301.83271233056735,299.3200830603209,299.77066999096513,472769
301.35983807962145,302.5403347258832,297.87599690571784,301.93168628623516,780462
303.2985267932858,304.5557621346548,302.73960010041304,303.0249876230751,522907
305.59221728765846,308.8586355561235,302.5076010574104,306.31585390296846,323767
306.2206448857012,306.4093419723882,305.46558973414085,306.2652508468703,729976
304.11546182491105,304.4952151706734,301.3689982461202,303.6066086147725,517289
303.0811923372862,304.4975246065434,301.14259432791505,303.1422426827156,133107
300.3530739413473,302.7465119903257,298.2517269153643,300.9226083891392,319393
299.6299478245643,299.9077355477522,296.7764835212438,298.92757918012256,638644
297.40388777243453,299.9048152282848,297.3547259780231,298.5257361117798,778604
296.0049398688978,298.70535640733783,295.12552043405196,296.19912508641494,25399
295.29327328189885,296.85529058542676,295.0287329951414,295.3178791814021,575589
289.81651124404254,292.0820842444358,288.19367141939034,289.80729035367466,212291
290.55998683793916,291.4966527582239,290.15597562042774,290.455134825332,303151
290.8423340258663,291.58987136900924,290.213712528845,290.48768352748755,730527
288.1322206327038,290.3272049267617,286.896834146525,288.1526261257944,124611
289.8740042997109,291.85933825208076,289.402310548932,290.0875425448716,349461
292.61066544482065,293.27203377379965,290.9204834515967,292.84939002675065,119343
287.85563033319767,288.9567320001546,287.5023993990643,288.2081179700265,97604
286.4973970343741,289.27462937858127,285.3379497836182,286.0468484624714,611424
283.5164896542714,284.51558701131194,282.99446550755914,283.88356727647067,362233
281.7322800548505,283.9306331595325,278.45737815169866,281.25596121047175,474075
283.63774964750104,284.6490429995943,283.45360384199586,283.6269723431437,514323
282.81092995422955,284.51890379547314,281.70570588739935,283.1060707546916,544274
282.7356995842237,284.3992536344691,282.28048411243236,282.3864399600246,46263
276.4090673220228,277.1724731628336,275.7199804639294,276.811802987008,7617
278.9597756700277,279.1304566490994,275.7469587418356,278.604174194725,480445
275.3174572305782,276.76535147835364,273.5787736267017,275.20037261494434,264502
275.06444761935836,276.17145178788587,274.2862608621028,275.39289478407886,633908
276.47745120298816,278.6864352283054,274.83283612548865,276.18544871562835,764029
280.3031578419091,280.35407136676923,279.067950125323,279.9970707976673,228579
277.0237662721778,278.8786523573056,275.07863769957805,276.3839266445342,568867
268.70825729209463,268.9423925612054,266.25059057891775,268.1900352893891,263356
268.97444557662396,270.0351960677528,267.6337809961969,268.71042467514155,74278
273.00270259083874,274.1141593765717,271.45751427709905,273.6197649328591,349657
278.4153626152429,281.39643654338346,275.47669655351064,277.05855865188835,555775
276.8883346722613,277.9403502453193,275.77481077432265,277.6678127588236,194216
276.8583062815428,278.1412180913752,275.56209452216495,276.33367950999724,954216
278.8412270105043,278.8915602065319,277.6468599950847,278.60091487859063,553827
275.28139716161274,278.6331097226085,273.32757209705255,275.9293578633705,434664
277.20569950667266,278.9947999539874,275.16899989911406,277.27463050046947,465968
278.66369048823657,280.2156528034716,278.221557937899,278.7075885422685,780028
282.4419446513214,285.10337781537254,280.5183979897138,281.7063627350799,642229
289.2045495151405,291.19390155314227,288.4117720574863,289.6177244747048,987779
290.63320096450104,292.431012834621,288.4825567538754,290.78554060510487,885369
287.9864117450836,290.8992709730328,286.95357990424696,289.33824028247204,80866
290.2968914451626,292.2392397801522,285.93657868450117,289.29318135054007,328520
283.64023348589615,285.25010845081425,282.03661891882757,284.2487920960073,285723
282.4937312143296,283.7245954073744,279.8965403525427,282.3091513570241,157650
281.1271593233534,283.2736686724838,280.57722750541046,281.18418787984336,654633
279.68753185480034,281.373852601913,278.27925857868877,279.742361898633,257626
280.6507477849556,281.95781360411246,278.2779722217045,280.19690613983346,272585
278.85873962220506,279.0813895939896,277.4016583772077,277.9297524983013,240191
281.2324525001924,283.9025158291598,279.6684574520292,281.09106725201013,344101
281.4880706140527,282.33693664349363,278.82706598908635,281.11975986403564,154618
281.30664391992514,283.54632632240225,279.99227810743014,281.1217268064517,15081
280.79975924533574,282.35181279080393,279.5443857500029,280.2294746525946,533165
280.43289563147874,281.0070474132979,277.5139037309084,280.6927701933305,554270
283.65541693086544,286.1393381835935,282.6263880561481,283.0466455526922,126518
281.2542161426609,282.87525911331284,279.09653703871095,280.63093491162914,651680
279.4216624666172,281.9381440375899,278.01635143122905,278.818000857387,810482
277.6331988571476,279.2381136085347,277.0253217224606,278.000241390093,708215
274.2188583917167,276.262155692705,272.2376350241471,274.3112121927272,762587
272.23060333593776,272.3088917760103,270.9075629782869,272.10028526402084,459836
270.09210650895085,271.7823954420064,268.41276578506006,270.8346495585737,917413
274.11209838296776,274.43583025430627,272.7581158358195,273.24050477749324,121346
273.9795413956787,275.04814305607493,272.1961101073132,273.9862685988899,785386
274.7005469689762,276.46287053254724,273.7654292274505,274.5446452066428,268010
276.5988313049501,277.8007315353595,276.4227606998187,276.91839759465864,112858
275.8319680248954,278.66546355960895,272.893193922937,276.5659062141786,734588
277.34022727779916,278.350472987075,275.453470457305,277.67567609145647,528402
277.53856448649975,279.6633192058822,275.8407060477304,277.41694257543367,844461
278.55656851055585,281.0438757382326,275.74829049797745,278.18189710116707,135744
276.68264127625434,278.9073297468141,275.0047468185311,276.5931404156384,652496
270.1433260549364,271.2151015594521,269.2531171151609,269.95612551084395,423395
269.4390960263457,269.9919302373242,268.2333298906207,269.6208346912548,400140
273.7830877604805,275.6301656331599,272.70069325503454,273.51162825373575,100677
276.90308415489267,278.1835659394233,275.1183075744534,276.0843103762538,43423
279.18338300372835,279.7598467659518,278.4483610511954,278.7904059342169,551438
282.743279957459,283.68514385512685,281.69627408807753,282.28623489421085,333691
282.73102652825594,285.36135128748685,280.39370944003286,282.564869117479,629544
282.3000375653777,283.6009165199541,280.6073026510047,283.1512781237283,319626
280.8479076191245,283.2384976709024,279.86747857095463,281.435920993483,817426
280.83109326127436,282.41887702582915,280.03828245628415,280.57583894250257,356289
282.3309296002663,283.44608073630167,281.2626432699169,282.33710660082505,406524
286.0366398352334,288.0199029268386,285.7705065665717,285.7852386266956,292849
286.37249420011585,289.206647108928,283.8800348906196,285.41553961127397,257044
284.5745557773188,285.7447506784819,281.9351215221234,284.16193219255405,872004
284.90738061876215,286.1240653810569,280.752867948581,284.19185021871243,720874
285.98831443742944,287.9519658905631,285.4508764013991,285.9341691485651,838674
281.4084921406409,284.0493167079919,279.23843662941374,281.8635414798285,290971
275.46084905850705,276.76464891114097,274.667972009102,275.49273247114616,394512
273.5665939246398,275.12662403508074,273.1248847860029,274.0076101671495,130400
271.5538601132184,272.0027222318566,270.2734293026847,270.71016753558297,526418
269.7908119442124,270.51006703543186,267.9044516908234,269.3650045523542,642960
269.27415775675706,269.70016697278555,268.4002915634544,268.99412814631745,796340
268.4664366956154,270.3601653787913,266.95298023519376,267.8044545054705,525040
270.6518871920396,272.90969420473596,269.6562141099372,271.7497869927597,221589
272.987163639497,274.1203156616602,271.90839369545307,272.6664326852582,381815
272.79734683364484,274.8744480668911,272.0983728296396,273.5143075820034,407139
275.24496785483586,275.90666140154656,274.6153506918641,275.24896210177985,667736
271.9896635940604,274.7883206631324,270.5587640877123,272.15933185425996,875872
275.39361174576266,277.84312273475695,273.59863433255356,275.0296174112586,422934
274.9742396145713,277.6839238594953,274.13200941770543,274.8488056069201,344707
277.46993278602537,279.42616564960554,275.04266649589067,276.7254764046498,272643
273.4729908005649,275.1473922181613,270.9595764045646,273.80259280709805,169266
269.99056633928853,272.64840420799544,268.2410872805657,269.60820023059523,971987
271.9377242867901,272.7418711932052,269.40538622901266,271.8495236783031,272197
272.0094602776135,273.55325427660415,268.82303380910906,272.9020082752445,877170
269.9814757899582,271.3427120318669,266.5819840407336,270.47840762379485,834820
268.082786951152,269.92463079098525,267.6980099412788,268.1631704884638,835289
271.8287037715396,272.56636108982894,270.8318432742979,271.2253399757908,508319
268.2938635481726,269.51027600801336,267.0624217475837,268.04526600753917,770272
271.8756701552884,272.564971719602,270.4113082097069,272.5119860918476,612019
270.0199160988005,271.8360195428765,267.3845335986792,270.0957137223229,851631
272.9497745788604,273.0722443854983,269.981867350263,271.85268238757374,383008
271.04816829690213,271.64542749894974,270.61117721756585,270.987887943705,445852
272.476162913221,275.01352874230577,271.6137682896905,272.65465659775504,501809
271.46897389620557,273.78757817283594,269.8804124926315,271.20225210016554,908259
271.20162636825665,272.86217745606575,270.64399056155185,270.78819070662075,416862
270.67893310002853,272.50479286020345,269.31443914401547,270.9261089308289,771618
268.5209382172239,269.43582156048194,267.86644720736984,268.25130553851216,149770
270.0952018787462,270.99766174400594,270.08228144279354,270.2729817686214,239515
269.3032256069248,270.3570831619933,268.33574543348493,268.91634770395154,566027
268.4202060862956,268.5434210203694,266.65662637703633,268.3291388484018,350516
265.9569183642133,267.4881242751973,264.0501742874541,265.70079988987504,431579
258.61177674556245,260.338009207196,257.24373033846274,259.00504147729043,698050
258.111929413246,259.1053068891726,256.05352782071554,258.5365945830773,885455
265.3773066946078,267.9530709761288,262.84833429726183,264.8764267993945,391401
266.9471345272598,268.8105970048559,265.448721813774,266.98953053244395,339715
267.11699592288215,269.0069890155187,265.57681854221823,266.9648074328097,873929
266.1273504668808,267.23266150023824,264.69328595028054,266.29053086875,727484
266.8557987836269,268.18901296044254,265.1631013496679,266.37699850255564,640301
267.539555038585,269.70865705577165,267.1320847570278,267.86517729470927,876582
264.6754654283674,266.19234801275906,262.45048316185694,264.74726554330346,745627
268.1615572048563,270.7910696176753,266.08267026113657,267.7406727160102,449315
270.32254957910715,271.5088972009909,269.3255187718885,269.68987455581583,586958
271.37631550068613,272.60798167004907,268.8570070831363,271.6608853260823,340801
273.95147933214014,275.8425002701409,272.0005293476066,272.8819545415802,610443
273.13379167521157,273.46320691975365,271.68622188120855,272.96278502501843,928079
274.2598582457107,276.96936853804186,272.0463818612492,274.8331207034361,340153
276.69617216962826,276.99994710151736,274.92703138705696,276.4920922235202,459173
275.3314162166391,277.4480653413341,272.85174637034737,275.5424813244473,414673
274.23175129029505,275.06957847051865,272.9133386059453,273.99388706618254,213851
274.2770269661094,276.06422250312085,271.5140919498548,274.3005379496849,927250
278.65183434842686,280.803591849078,277.86750730078194,278.6104474963047,814478
274.7052319834318,276.7096883970151,272.245832580596,275.20698571416636,372844
271.76192351484775,272.1426992405022,270.7379275659889,271.2248650674287,409281
271.0710364099346,272.3268111655131,270.6103718267003,271.6992743433414,22169
271.2618879655149,272.62978972307525,269.66309795385814,271.8647561613741,841463
272.5637659494776,272.7504777659879,271.3290368005648,272.3636547348806,754106
273.93154310745473,276.22775607197775,271.7521606316494,273.05620995688355,789019
272.28252273708057,273.9270460354954,270.88708767054817,272.4746681112825,755116
276.9799846366454,277.4213372476954,276.1974397500375,276.59221765813805,80430
272.8111023353815,275.3665306345738,271.7769425655893,272.22671858683157,233450
270.44758696172806,271.2308074194842,268.4695825014753,270.00764490921216,526400
269.58806671033074,271.30752740547143,268.77903261358017,269.7559672964842,738161
264.80702672828926,266.0560086135463,262.4176460278474,265.38612404715025,821274
263.77657100729397,265.2257944941726,262.6095816396815,264.9463342778311,808583
269.27042600486675,269.65632086739043,267.3434585145737,269.4120508008541,196580
270.13025353441856,271.11745230069755,267.78975989848885,269.49527557433595,140743
269.5373594137773,272.22346863814363,268.6757787085066,270.14473445665476,61548
267.1621189689506,268.77567115318703,266.5374587521614,266.7885030948071,889054
264.6717805192692,266.6131106863378,262.4075599919353,265.1756952347403,986973
264.26510001561246,264.53731496781086,263.66391400939466,264.20904934647467,680594
263.77014859458194,266.09403177325936,262.39934770275113,263.3972878115735,692922
266.46957416597854,268.3346645108136,265.25781105865985,266.82150930164806,413043
268.43203467793734,269.67802826701006,267.03990149692214,268.34053877579487,87174
265.18076723279006,267.62974313201926,263.08958458809116,265.40109862638445,347576
266.4579947457725,268.78750114574314,264.74767623395036,266.08273897266616,403581
267.5643371944206,269.8289404033908,266.2034572590901,267.43847146672175,89634
270.56274372729234,271.7150002444708,268.35293329437775,270.53216943978566,634845
275.72618143132087,276.2747580576949,272.99984517386935,274.8694956959967,180507
272.48109015338673,274.6518839877753,271.36052432951664,272.1206358162542,448022
269.57731952517776,270.19430124966584,269.15717414277077,269.95004055369196,834009
266.55734155035714,269.49357453593126,265.8832445095441,266.6031247188636,609104
265.96617009992855,267.35892618118277,264.6756116147814,266.00654924775085,679869
267.31965169737214,267.8054643266845,266.9394564962843,267.2767165940731,917476
271.31870785368653,271.6726144398769,268.53242014449904,269.9556965333436,344344
269.9778118380031,270.2929260328161,268.53339257593836,269.7777166843158,96543
267.8480268405543,270.40107524568094,267.1442408567303,268.9431107814582,998337
269.0860630556932,270.72022643932416,268.8757791749326,269.37849980108257,728582
266.1323635805953,267.51012693561097,265.15905079933344,267.1648875234137,487074
272.65345606776356,273.90582396836186,271.57148786186275,272.8334160379099,139474
267.4418770707238,268.74973502929424,265.24295900943747,268.50909882847674,293677
268.56353214348434,270.8532910227363,268.383064468447,269.0325044781059,788787
273.7245178554695,275.88740573372064,273.4417222328359,274.5595751697251,460946
274.8166897790285,275.8787992556827,273.3675661604264,274.60570462630824,559554
274.1120476441487,274.4233478729358,273.6159548122665,274.11175195287836,982584
273.32653080169297,274.44704198897267,272.67096995514726,273.1610158183509,233265
272.63894699875823,273.7201644617155,270.8327733233411,272.69596848308214,260436
275.7221070294733,278.13914796768205,274.7528573385367,276.4931345403465,583660
270.74945890084877,272.2388662769587,270.32566547098213,270.47167293319023,919019
275.734593908279,277.7684619896138,274.3316463418831,274.6786059830765,447950
271.04374474795526,272.00493914878916,267.6737297740577,270.8220971305344,826998
269.8978088561025,270.28492477243304,267.63473538720507,270.127917105818,714601
268.2294977021212,271.14258587790306,267.2517743702898,268.9977915351937,743832
270.12124594234734,271.2058715545274,268.6994427659056,270.6127148788457,328670
266.59032797200723,267.03799947126384,265.40760895632764,266.348994657871,783647
268.18394893374574,269.4901791824155,265.86173823573284,267.60959557144133,854639
273.25184470936586,274.86589185871094,272.4436897547406,273.10935472407056,33527
269.8696428068189,270.7892211272557,268.53046426798966,269.43860178097736,932775
270.3593389564223,271.2742138594172,268.2584952495674,269.9772249394772,426214
268.49447529680793,269.5219824552448,265.7117592196316,268.22274720478543,937659
269.03966937396143,271.8862441893163,267.09606081128135,269.3944476349166,301311
269.5667169484519,270.91238476338197,267.1280973111085,269.47298157377645,415458
267.32230509997805,268.3379463682661,266.23624194292825,267.7766566437667,331722
269.12254741982156,269.6948768662626,268.27058177572985,269.113166698376,540958
274.2217195204372,275.38643444466277,273.81699737366995,274.0403795851483,525981
274.46352438815666,276.03169199072846,272.11810438470735,273.54507829210235,695480
274.82680713713603,277.32641989967334,273.1401562453028,275.54859675245365,112940
272.29712190900153,273.76003161001006,270.919808206821,272.03514790976874,441269
270.2709591389767,270.93971218059386,268.75318966310124,269.4726536289824,7861
271.1867023443927,272.1977341270682,268.41181798026844,270.7757472027764,243413
275.30969903947556,277.2924034089095,272.95660908081186,274.8518258878247,139730
276.18280144738145,276.6141227895556,273.3928048926518,275.8585601085567,811811
275.73795991727934,276.73137204557054,274.4354659192903,275.02381411054074,910470
274.4511485076906,276.9176110656372,273.66201977348254,275.04936887530056,733691
270.90570962315417,273.73033471962344,268.5733383203819,271.658707717291,605620
273.32976928386523,274.54170756014787,272.0019445366037,273.33323194603514,810983
274.5911650230881,276.82189354821406,273.68702208110835,275.7831893784618,203805
275.2424582379736,275.52696155231297,273.60528677963305,274.56666959815743,234864
273.9737068603846,275.7756099489966,271.9490010884826,273.30644819171556,369883
273.8239527999848,276.516069747392,271.63093634394494,274.0614821908542,758409
272.69213688845946,276.3590211963277,271.4599879819219,272.8944994011962,694963
272.7018952707616,274.4212659385486,270.69164639121806,272.7413595682294,775887
278.5855515387418,279.93595628898953,276.77321384861193,278.5565701508149,842039
277.96778387948245,278.59058964570073,277.2398794655097,277.897101352459,325800
277.2399415060923,277.4164243411552,276.27647832108477,276.93075822484576,73847
275.0758215128121,276.6927611778976,274.07201476327407,275.17082498475503,745261
277.7769951080005,281.1244904983842,276.97964767466567,277.25398690038656,364397
277.0265257991621,279.4678045189327,275.8226784524944,276.77966724443985,402698
274.6818090827967,277.3119542470658,272.0612621508803,275.0156579856765,203344
279.4456281507266,281.04875419194525,277.3341709565942,278.7014325245293,588250
281.9463752453333,284.4328717474009,281.1849390221081,282.71437278916954,435306
280.99827211926123,281.688411265781,277.97831794771514,281.0500785360007,350460
276.41391566117625,278.4282908455683,275.27122374234966,275.8804085259372,84334
278.29881579436113,279.61097884725444,277.71039438717344,278.7018594320498,192821
276.9993688697633,277.801231617735,274.4227735134447,276.8279815400256,123781
279.3564746496136,280.48234525443274,277.10433831209895,279.05323330696103,931069
273.1658159919447,274.71187305103996,271.90656980971704,273.6367579146298,945269
276.07775119249106,276.9039090149759,274.0083478216105,276.1177759659738,170910
272.7355715103434,274.19642517203215,271.12594071339794,272.8209665628003,987968
274.54614051367236,275.76335049535095,274.1504034600471,274.8494301820443,318506
276.1816878581877,277.6457183872336,274.31332914144565,274.91615266815,506220
271.9176815245344,272.47996248323057,271.020906651741,272.333320098178,357036
271.7993847180817,272.9838393306164,269.01505932056034,271.25420158894184,999258
272.93499908693525,273.61697582774207,271.92115754101553,273.14958595718457,639010
272.87201785624035,274.30742197905295,271.13101481418846,273.4663346876672,957137
275.153262530913,276.6473988220791,273.56895732857413,275.0966948139695,140656
280.98025615371074,281.0330824524879,280.5933743887106,280.6159642218509,880100
276.7968848840215,277.4979499080379,275.24363883569754,276.28823295619316,457879
281.69824022145565,283.5875602204341,279.1143607375064,280.82080712282766,512976
282.7981916857612,283.0132502295599,280.4003153632385,281.1421260782086,503885
278.7940649093942,281.6750116546627,277.5642474714024,278.6544511135069,248844
274.6348197407024,277.3681522272051,272.9388834659328,274.99951979947195,278827
274.75601516776055,275.72217237024944,273.0750311626787,274.50738047749263,737147
276.92925625918093,277.80781043412514,274.6748501701107,277.0767791128945,484924
277.26379375406185,278.8180845939595,275.04896856859057,276.75126915080733,44441
280.2642777403767,281.1780514956558,279.6666281799657,280.99326660629845,273879
278.28462928250866,278.5647027739481,275.9846399548947,276.97270125115847,448355
277.44110949696534,278.445999705106,275.5652167211163,276.9669154963124,819886
272.6258748290456,274.8049138746286,270.1680857115433,273.5471839426782,438229
274.1817974166638,276.0217919383482,273.2003847548815,274.57115518620185,364645
277.4970077526014,278.3727267468143,276.9900521542491,277.04482569136826,951262
276.5582936356666,278.9980467049039,274.16495025501655,275.9091654220916,470296
268.1594709115617,268.9818784203856,267.42653603649677,268.8435366378593,849127
269.79005420641073,270.21772906816847,269.09764132430826,269.40586751082367,469359
269.5581522640281,272.36022896000145,268.195155986525,270.61209972767705,128562
271.68700560630015,272.14725215562294,269.53562408890616,271.7355570686401,680408
275.75390590536153,276.1396962757938,274.2399504351187,275.1419644000792,568917
271.9377069774591,273.69992960336754,270.1729069498958,272.2379940495591,188848
273.29735845782085,274.6277557807827,271.3717760571144,274.12352416037197,673773
277.520910880555,278.79771429997606,275.39355284918196,277.4397792788864,145935
272.2464854608577,273.36673746939795,271.4833287216353,272.57614934106044,591672
273.8205227095667,274.4818017061424,273.02857107913405,273.4761842701127,839581
271.6462096442343,272.4837025176086,271.09049194120536,272.12805396247643,950964
271.51327859862477,273.40701342812906,269.51143182608234,271.9334902908865,498004
271.8047790750139,273.25130943066017,269.90155323275445,272.90787396836487,155256
271.7008992853429,272.9222691077787,271.0304504426283,271.60858240123235,764186
269.719640807174,270.7409918886729,266.64539466087325,269.80646719307464,307333
269.28406863619017,271.108022224064,268.80719129777714,269.92561957327194,81799
267.1369640719853,268.35269741731446,264.89762421006384,267.0334625888203,452377
264.7187021954696,266.1960667643213,261.65078958573196,264.17604745051364,744651
265.8888146291332,266.7527562143692,264.4718205967252,266.00349828326756,100526
263.1325006091885,265.4291446085028,262.28378450040793,262.99144937956976,402147
264.9208541914939,265.06449432700225,264.04630172877677,264.7761216061809,372662
265.38961528231005,267.179703541789,264.2713352582292,266.03039195424327,151966
262.5803751230174,264.5520105290588,259.3492787855862,261.50476115533826,294304
259.52024126181027,261.4352323215192,259.15681623668945,259.7648617438579,283061
263.2566232180995,263.8030105679806,262.77588129809106,262.91162206830677,970772
260.7712355967177,261.4427902470854,258.78601452518797,260.3706733972785,219547
259.1178586175057,259.70332075060406,257.3701505724655,259.1902220014806,753326
260.7326892005171,262.5050673412788,257.577090861521,260.4166501450157,111766
262.6200397161245,263.35018351779615,262.2670729345449,262.4909890547979,772616
261.11529645202023,263.3674428721916,259.91532017509877,261.8577363275312,914791
260.1508088538728,261.8318367214228,257.94329596643485,260.3238058422066,455497
263.75591444804434,267.2761678908848,262.3415005411894,264.07943864491455,247167
268.49036847859463,270.33478665398087,267.3053372558605,268.738545860534,393738
270.7013343481648,272.1057612732972,268.7063422603406,271.40917119162054,277671
272.280028689094,272.448719566802,270.7981611205209,271.66799670659174,34876
270.37149661407614,271.4996059632415,267.4720708745774,269.5079969511256,36671
267.8287314833149,269.0721913103867,266.9746046290075,267.3058795918296,913996
269.41598441415823,269.85569786033494,268.614417122395,268.73311785469707,781751
269.70081042748586,270.6582898941943,268.5736671066202,269.88683523843196,344355
273.37525296011455,275.33636499305067,272.6399092432063,273.7235699446627,767672
275.10830087374524,276.4749956872105,273.6628546499544,275.53736051336205,384004
271.8035946960359,273.95243895010486,271.40026468545005,271.45392679114553,389369
274.47657639918765,274.5657622559141,272.74777817791914,274.351986000033,487585
271.6126147817749,273.56447782815263,270.1034323390973,271.65457004349946,591895
271.3415966800798,273.4422335684458,269.3425345807037,270.6405572326796,324850
271.56543966558354,273.7025210219129,269.63370026099824,271.34568149035425,130410
276.37856461213687,276.9266433041389,274.82736437925723,276.84291746639025,949905
285.22738382865157,287.3139471676305,284.0519622961535,285.6163412055962,53369
287.7752327925328,288.63675634008,284.3677274790858,287.3832458964942,649207
287.48365563028614,287.70834499976314,285.113003000303,286.88593861584457,815376
288.77057624893354,289.85589066588375,286.3420718167679,288.45230937487213,753628
292.1574649232964,292.8250640201376,288.6610370793315,291.0532735639867,978344
291.0992645475722,293.3588502226531,288.1181244501868,290.15046835776167,520722
295.69645587959843,297.630071195509,292.130376521618,295.4358602770342,356754
295.64928286714934,296.6028219198826,294.0237970034684,296.14596742848727,714050
296.8736073375942,298.4950182849738,295.39543922045704,297.65345194734397,892166
299.44000359900014,300.82828627447844,298.526327185937,299.672178662005,344532
301.4217054013079,302.8633404793613,299.69486804645584,300.9683186322298,332035
304.6431365851918,307.08611097080006,302.68242062188153,303.53423673119937,155599
301.9484853077807,304.0839697657942,299.5751800061988,301.69660060535165,250394
300.74826294905836,302.2983723999998,299.36789804163226,300.04691960050644,350722
296.64809868662815,298.04560185754474,295.0991872725003,296.79371012452214,852464
298.50213770064966,298.5976769228376,296.1396958254184,298.13080438015527,427360
300.9869942729324,303.6585526905834,298.8541954115665,300.4921697126577,552333
300.7057999235215,303.00565181057664,300.0104913218688,301.9010832360169,812939
306.77578214930327,309.99695259031034,304.5986451205364,307.0296580975791,494371
307.6263779755849,309.3454950391404,305.5865729504877,307.0431799236581,452323
309.30399365771655,312.72979910806066,308.0158083699304,309.1342985049189,726736
305.0766018680645,307.89370732461106,304.45121163533736,305.8084105983285,11458
303.1766701927189,304.87184047588937,300.38641502395853,304.6573796230237,431136
306.5899993645184,307.78299061963276,303.69181467035565,306.8144530030962,808598
309.4173512028733,310.8519431877879,307.3819006356894,309.461657257191,562265
308.0386057635107,309.3181490269203,305.77384219123917,308.58413496120096,334529
308.48236107936054,309.6758230512928,307.57220127071986,308.3941079763214,848093
304.0864572709501,304.3598864991904,302.4969832418317,303.77879815599704,572866
303.13249355708047,304.6533589434836,300.0908576385908,302.726424099314,958507
304.0251307652676,307.20931449147565,302.11653829949665,305.46442962656937,473882
306.4496162663172,307.86799014314016,304.8576579630277,307.25726355167575,736289
308.64218079228675,312.17211403778515,307.2719408765327,308.83033422089204,19735
309.3686088279026,310.9743988998955,306.3811253807755,309.0149886806808,151501
309.37013378025375,310.15895875610624,306.48203053124826,309.0677208971472,831778
307.35409837677247,307.3883321217254,304.93051496688656,307.0643095373002,403507
309.0114580008416,310.8504556937584,307.4049614464396,309.24860092508857,568598
310.3807392381202,311.8944651755847,309.1610265672705,310.58425481207706,28534
311.6926744588682,314.4413758894973,309.4861891873982,312.1473665851577,285270
311.0178375151048,312.4391545733537,310.01458640907776,310.5407263900038,297559
303.39602132912086,304.386862236035,302.69326802015155,303.9555967667098,904901
307.86204718608843,310.94440968681636,307.14078313289394,307.33954758383373,949941
306.02916262953715,307.9592501939734,303.23890943403615,305.9019971882005,242223
303.2771061658812,304.58973580417955,302.41640569988067,303.30443054565535,893792
305.0444572357875,307.12372842932024,303.1495139415225,305.4456358870942,715203
303.45608953189145,306.23515187022775,302.05311266696947,304.2810208545436,179168
307.15573644593013,307.77353136346704,302.94997059652536,307.55411298394904,558057
309.28428706541837,311.1824101994542,307.3278423901859,309.4885537624231,615222
310.16595499148116,312.7799122682391,309.98406676567885,311.64253246333794,17060
307.323966400475,309.4504458453096,304.703627831574,307.44531823755034,645135
311.8005412104773,312.6671765424704,310.0305221494486,311.22517464388284,320146
312.42454454182507,313.4198961595473,310.6982788961903,312.07052056777684,456727
310.6427424650402,314.0573068545984,309.71626191388344,310.9513342232627,835247
311.4578983169924,314.1653196870947,309.688762345258,311.4286636996035,15276
305.63604616461004,307.4716024233459,303.94051815247093,305.9763926219218,523227
307.3514730274732,309.95482789036834,306.31874434431734,307.2600565647945,609312
305.0806735933162,306.5386675319361,303.086772822932,304.1438449629741,803303
300.66875736151087,301.53331648580576,298.49586706769543,300.0874886146988,228011
295.89111015018585,296.4765235489455,294.98373374234507,295.58323401991424,465907
298.62574390053976,299.5638807809238,298.4240199444168,298.92041062133734,75185
297.5206016707272,298.4013198249346,294.101311772497,297.0750257359583,467243
300.6787857826384,302.1849628392491,298.8796854432482,301.6966359857406,399002
299.9630039558554,300.39544129632657,298.9355487654747,300.1144738207845,475697
295.4079090078762,295.9629389781133,295.0374062979475,295.06344520280123,271876
292.2486276002929,293.9934049692463,290.4067128462569,291.8164933557137,798787
295.87058497352785,297.3943985030727,293.1240454636098,295.474717113038,150276
295.21791522536506,297.186301149867,291.23267421692435,295.04393920947655,642362
293.3451470894056,294.8688914293315,290.21334464308313,293.4600220027425,37210
294.27566807401723,294.5934746154353,293.271756253901,293.9593819068753,721490
294.90459229977495,297.3832838487536,293.868710014272,295.46767156575044,61150
298.312809849696,299.41105026660125,298.13814701063825,298.8176187465493,652519
303.2452459086244,305.34972027721153,302.4573591576059,303.2078090366422,324468
302.25379875811353,302.70785650207864,300.83132117674387,302.14913572200646,852444
297.1099680737946,299.07474020909893,295.95165841746456,298.19876044037284,107424
297.26841135242813,298.43246245258723,293.68245840175564,296.998056171597,581705
298.26210972040985,300.3568684653183,297.4880077305746,297.8018698088124,800789
294.9294653629138,296.6056794969017,293.4947170814687,294.975059798,161787
293.5820016322412,295.06752772497947,291.84656802714926,292.19439017696135,312249
292.8294552360265,296.35492296309826,291.0746242588678,293.2299693165665,878626
292.9049696193775,293.26641874089006,292.6194212574271,293.1166509394359,720087
293.0104223898044,293.79484532784954,290.57612727678327,293.2421229062899,345439
291.0110635827008,291.56663300443336,289.81008352875676,291.0554132160733,628747
290.2236984190545,290.50522826661427,289.99324710535836,290.41463140984024,993768
286.9619840184679,288.5893507811662,286.5866075375599,287.7716644424201,941889
290.05646865769125,292.4248753204544,289.45776671652925,290.373875351381,943466
293.3676354162344,294.3712364482433,291.6901174215101,293.4249241067319,714515
288.79412471840755,289.9495874365293,286.2815271168017,288.0862552575372,50334
286.70667055735726,286.7547410832326,284.44900188471854,285.44941246039895,126243
281.9886773012865,282.7247871076646,279.0502125135956,281.23750660295684,719210
279.00991825524846,280.45342769711306,278.5655192590891,279.4432671539172,588860
278.84953188503556,281.1724637207915,277.79515174381174,279.23812502712974,59814
275.15917609816324,275.2536976261198,273.5501385284469,275.2468854876205,369209
273.7218995417694,274.7168714649175,270.3290713204639,272.7484282775623,471686
269.961507933773,272.2815964262137,267.5593901605548,270.050853746817,977631
269.91967533656987,271.63004534509446,269.62260922456613,270.6382238754106,413899
270.58155448546665,271.21779872087166,269.67079850106865,270.8530451929162,303128
269.33931977584257,271.7196133759559,267.0034904150734,268.9321264150734,118547
269.80680550644206,271.75068012330246,268.59473531390506,269.4350173654688,530331
267.8855732774085,270.03182777055656,266.4614521596249,267.99288656219045,232198
267.6579294156519,267.71985232928387,266.5306203519605,267.292586064751,114479
270.5945829355664,274.4229641369097,270.12595811032844,271.8304176339106,311104
275.5834963453505,276.32210744555175,274.88957307010264,275.5262809793795,724888
272.46416378531654,273.41007303643323,269.85611791675575,271.9959578740897,70933
273.83272142134706,275.08276754613877,272.45223529839757,274.28961291204865,292765
276.0893147659483,278.7202880885188,273.6554094020862,276.55189678319016,669371
272.40120048008185,274.64148279776214,270.6139048115007,273.4218559158806,618098
276.5739913677907,278.3565724451949,272.990150233194,275.69733142233184,319055
279.5948557797967,281.4618864591635,277.5106985256127,279.99813932698663,591912
277.0337888658308,278.3399682710066,274.88501235094583,276.9002989544288,297404
274.73021694515097,275.32353745617706,273.12597999244105,274.39878873579113,246392
278.0716095082538,280.97368210509876,273.34429641313096,277.23321857975026,699739
277.9291448220629,278.1842552023146,276.4455327383178,278.0147165140764,376323
279.27846602268824,281.3237681697397,279.0214543987733,279.58009368725277,244281
280.6591039635251,282.3795357882711,278.9335815264026,280.5619915552117,989636
282.41186849376277,284.80193958327106,281.11010622886243,281.6884473350573,84273
277.9097829445228,280.5521077828059,275.6723133388456,278.0044003696257,543728
280.422825517243,282.2483794488281,278.41010463124616,280.95938437588586,81033
283.417123178205,286.1670053751298,282.16287230545373,284.29317704296443,723323
282.9772565914246,286.59042450863484,282.31613089573995,283.670147810648,999110
284.0654395742036,285.4302233712373,282.03275547940166,283.57519959139915,853610
279.11525939361275,279.7972818364461,278.2566175184806,279.29435660725807,409192
280.4212773005188,281.842394865654,278.3564199082595,280.7624153766411,677667
281.9969988744425,282.7080845447325,280.1166295918269,282.4013791369305,300872
282.3020385135936,284.0284426372538,278.35669408983676,282.25402944013615,188697
285.337299576967,287.81300983721326,284.29163642046547,285.4740159915008,419439
284.3949174995166,285.86978178420907,283.23182103175947,284.55035719763157,673657
286.9624332686266,287.0017815149024,284.89204221548613,286.1901069502054,791301
284.1865723843078,286.4785235931952,281.9928421528933,283.31508595411884,629832
282.36453003661467,283.36986208972013,280.0826754015476,283.276693267797,359293
282.9967923315954,283.09927556352756,281.6319020353901,282.81149834930966,344888
283.0373135301569,284.74348368412745,279.94735409592636,283.4777597849149,114129
282.3201685956172,284.0860709647211,280.4154037311987,282.4604108188321,767472
282.29201282927824,284.0610641824345,281.11802352850884,282.1175071352327,969981
284.3649980716166,285.8520125739427,283.5755260645989,284.486029760854,534385
283.4050989137305,286.3185405403508,280.97360167297126,283.2745320840326,519645
279.1629802574202,280.61337292365295,277.36995661064407,278.78774856024467,559048
283.90382987403575,286.20458773361435,282.31027006055615,283.7366653958592,792023
287.34012084687646,289.83013761986365,286.4193223843976,287.71232640262394,643534
283.68920651247663,284.36517448745633,282.3230549093061,284.046650594307,437546
285.217486937804,287.325672648906,284.33812279355305,286.04111675950236,600248
284.14836594728314,287.8707593085856,281.5668398620118,284.63447626058934,580592
286.53398408284,287.5331130245889,283.372933719927,285.41398060008214,624918
285.8301256530889,287.13562054906913,284.5508376227162,286.28360092336123,834319
284.9601205672607,287.21625847980596,283.6972925077954,285.6418784987548,553227
283.62156942384763,284.64103019803764,281.9446299447257,283.4402085840614,975482
281.4556910167312,282.25509349005785,280.053090556928,281.51783031188864,293193
278.86913002781085,279.9686771783474,278.2753642571201,278.9782625505765,161769
277.4747042719453,280.0541171735378,276.5006233995976,276.69495245856865,693140
276.840495692597,278.11123341225147,275.8158850378355,276.53678823820735,448962
274.30090955775364,274.87089680207794,273.0351624037154,274.59197316751624,209722
276.2641491506754,276.62738911284896,275.4943389866696,276.49888338515143,626312
280.38777774369385,283.9314002100899,278.2966417462848,280.6698995564465,754147
279.56271839365417,280.77322409533326,277.87096333984834,279.07448337768915,355367
279.5989546062555,281.5349811370707,276.6294121943565,279.7713763790956,608998
280.1924965374596,281.9562383202517,279.2635134887863,281.2009695443234,574849
282.53232999371016,284.24452759356996,281.0003972087224,282.55963637541606,871006
281.93326573270787,285.45473548591514,280.767918618831,282.8026156796812,385110
286.18399827165325,287.054916405464,283.1386258493131,284.93925220304715,219814
285.7922915502746,288.1709896650167,283.44957972038816,286.3453205269009,678787
282.7598895659906,283.07286207343213,280.83009774784665,282.8514569354065,884919
285.4964816377406,288.65652752478303,285.03741359699677,285.3491257884943,973501
287.7548374259638,289.5926156955312,285.88455044946267,287.9210589525599,521283
285.5945796758172,286.8352594116683,285.0327107318828,285.76033804695095,268341
286.13855682067015,287.3135497895195,284.7335579854576,285.8973582072039,446957
288.7652088095684,289.76719101372277,285.8516771228466,287.8864550056665,783218
287.75425999038174,288.7968755426093,286.8418291872386,287.3132289652675,690197
291.30052189698887,291.98288912442433,287.9822629687408,290.4416777939199,375547
296.79631162358356,298.81856401574987,295.62698096016544,297.4188801898124,826251
295.3072027532514,296.6598172213342,291.7222229449325,295.11988270704757,675416
291.1916535716995,293.07449432277326,289.5857859748616,291.10126892619957,238071
292.2212824675199,293.2237676703575,289.06218929044337,292.0162337541213,924898
294.97001398697347,295.7625662798084,291.6326172810364,294.16034823550353,96685
293.38175564999557,294.9720746148177,292.45270811732496,293.5113638989747,169391
297.5962279383691,297.8862928572934,297.27038155013554,297.8377763803876,66276
294.2207386777701,295.8184365996988,292.33713557237326,293.9068574415632,608148
294.9274363039551,296.15334523821224,293.96831144611303,295.9800614089602,481505
294.08230213901095,296.6820919581277,291.2181886215752,294.2216761527968,72651
299.2737874192838,301.46542046577565,297.99905391998436,299.35413268505255,41495
304.8469974094541,306.0876181995983,303.59749415669995,305.4091693304389,844376
303.7477954585025,305.86899207793067,302.8607762960679,303.1069915049515,376555
300.8354803932265,303.0841966072365,298.95295693670374,301.4759602325641,852119
304.026349897101,304.70898803202533,303.5772016906599,304.1089903282025,757321
303.14189435916126,303.46584041843465,301.0473130057068,302.96426203430127,158651
303.6768022450021,305.4834687856046,300.8156581876608,302.85699769214125,335807
302.95779652281664,303.75709705478175,302.1243673002978,302.9641929663652,505684
297.78997273407634,300.25713547266,294.89431039854367,297.2334603895986,765610
297.638518348329,299.1392418793491,295.9810404028552,297.2220535429661,618883
295.28149490194454,296.1381809031665,295.0355318096292,295.20860343646376,831877
293.14565576903874,296.8392906655854,290.32094467801,293.7858229555803,736516
297.2323163261697,300.09351029921777,296.5696106379124,298.0875777941233,435836
294.45766708628406,296.2141834955609,292.475145959313,294.39495777997575,891665
296.5062591269579,297.87945230622256,294.6449756513531,296.8284348543196,155074
296.57540891465555,296.8268256828878,294.2053609760264,296.0311490801055,69479
295.67405498918436,296.44298676587704,293.4281243941555,295.23365110310976,917479
297.4962170997105,298.9649105805871,296.8746174694725,297.60609981578557,230681
297.9581980887718,300.46015726055987,294.9565526595222,298.6496993220444,124736
300.69558037927777,302.4348328517225,298.0250588133415,300.3887419608354,593765
302.72394414938725,305.8391153533854,300.7788912865038,303.3415168074351,933354
301.9097481686032,304.4577230749809,301.60751498649796,302.3684192434628,345512
299.96418532877567,302.57390803351814,299.34479037045026,300.5529178445826,343806
297.2564672005323,299.00525929291786,295.1838851619681,297.3388306643512,913234
295.61439263613187,298.23365338319286,294.6259729043492,294.92415666161656,554732
303.7785827099975,305.0123165584514,301.9510168608543,303.7816453576986,195782
307.3444595828102,308.8873218467835,307.0351267251011,307.6171429185156,221440
302.5932000232224,303.73684557219065,301.8682155629417,303.5193071964542,716554
299.89256204244117,302.3422320757592,299.33206808488916,299.56177120538575,691922
300.56897932252156,302.4745648185611,298.8442185633197,301.03884352261855,474664
302.7922601382246,306.9710407452937,300.1936659263252,302.72111000999007,346294
304.2020451071105,305.56944047861583,302.3634319541442,304.41770594403056,290495
304.18199315917064,305.7837347408354,301.73747053710133,303.6729296954112,727394
303.22714199691615,305.3364431137503,301.55821719876957,303.32252867697645,771529
304.31325838013714,304.8647854993341,302.1684340279324,304.3491267492203,213590
304.9370733593043,306.78976219769083,302.6910302228727,304.6411162528694,826617
299.24015317164856,300.7674702142206,297.04723323569465,297.98448221311713,990464
297.85855696954116,299.0764813765513,295.0351643612892,297.33023270444306,921572
294.78672343825286,297.35035540653774,292.6042829355339,294.8389725049598,151883
295.3874432392774,296.0635123861306,294.2296921175957,295.3855539588185,639336
304.0474532204976,306.13980109027096,303.76693290350636,304.3669529698503,399269
304.9375719665945,308.3789225204527,303.19106578483576,305.51805364321194,993392
304.2553945340798,305.4693879525465,302.4359526258853,304.5921216039814,592016
306.968795418819,308.7069707335468,305.83959549385565,307.4435799020615,811846
309.36578685627074,313.08928676564034,307.24419511421934,308.9620547794996,876797
309.62897513686914,312.28681573289526,307.0852118594274,310.29374526558394,562381
313.04620287203466,314.13604429249574,308.40702364477386,312.2137096418304,559573
319.2122744185388,321.5769588161394,316.99873717198653,318.73287061316864,822224
315.19310225662883,316.2318902612181,313.288548963921,315.18017877917407,785577
316.7083850186535,316.8050609586546,315.9073443229255,316.708183204937,976336
313.46941536980546,316.6803048474742,312.37358150752647,313.81918650428,780948
315.76937789035884,316.3032877669781,314.1497114114207,315.59890120345176,113563
313.4246758256472,317.29708090889767,310.07539336904745,312.74408685800074,608507
311.03463464381707,312.572785014589,308.71528879129323,311.47266267496894,545764
309.63345001511385,314.12656595694676,306.2931057684281,310.5859500927168,941920
314.1040468948966,314.38485176490076,313.4968714324493,313.66289994067745,653502
316.79405950651767,319.35264063262383,316.2629734391793,316.5886783163644,922227
312.000035559126,314.73290643086057,309.4084856363822,312.70060925451963,801969
312.44476277062114,315.2546449190393,309.524472447072,312.9037245536502,554851
310.18846644736647,313.17832288767903,308.6066962313575,310.72235224908667,622119
306.42241489025105,307.94319572387224,303.84944360528505,306.8670851011716,536199
306.0342306732742,306.56120592269457,305.1866956450423,306.23247501505364,641061
305.15702223893214,306.79974693221595,303.32410239612756,305.3197865710403,544876
312.44374521169414,314.62452845837817,311.72457437169084,312.8509480356216,732255
313.7633353298786,315.3662078776658,312.0202612518565,314.23982586310933,298771
309.8296476114316,311.779439704913,306.51581307629016,309.97148085519393,108676
308.3599849565019,310.2067148527874,305.39647334062016,308.25660091142703,137480
311.2553373282031,312.15933208011614,308.9437445554775,311.4523599335824,320318
318.79410955497167,320.7658236568854,316.52827540922925,318.0570650892524,686068
313.40197852393646,314.71775408582226,311.9830289872201,313.0838304282876,483097
306.30611435360254,308.1749372807028,304.0782721987476,307.28379666320546,572265
313.44637686467377,315.75400840192606,311.528952670409,313.1183992655591,741810
314.75290058131355,315.59298437139995,312.74399914844867,314.37216823178323,683395
311.4144799189967,312.81689850737615,311.3066205293844,311.68548107435595,492480
312.4504889933992,315.02231963300966,311.5580026504135,313.38764188547475,643554
305.2708919488963,308.05585841139936,303.0510848623333,305.265966934673,785099
305.3020935275678,307.0099094075761,304.784057094713,305.3068005350088,999673
305.6527255695503,308.35714276089226,303.8808196450295,306.3399356413742,718030
308.3179108930113,310.4853595129876,306.39477459873314,309.2153895234909,391088
306.07311324750464,307.585268484856,304.11036938199265,306.126718207191,797225
306.2769434392417,307.90695042221415,304.2307706869322,306.4197823641662,117963
303.3741536399527,305.4128454065048,301.28597529148556,303.62754015288033,218517
304.3836022787922,305.68625229187086,303.4313014326958,304.4343884708411,296056
301.0854583224376,304.47277982919576,300.9056993717022,301.75098603879877,396424
300.2907283033343,301.71839361388515,299.57621841736767,300.5521008006709,524106
297.9212074342402,297.95747141821437,295.4640676183118,297.6037683565009,140552
299.368166660062,303.54078585270696,298.9498115564355,299.5778532307953,203079
301.18036077481037,303.40504127096625,300.61469347091753,302.1908704079085,545851
301.22780373390503,304.2082262640103,300.6670476944484,301.5128493249257,360325
301.01268373726083,304.43792037443296,300.85076198174903,301.65832816320324,263677
297.50862881214647,299.8398001981209,296.8861985975861,297.3497629832722,7268
296.67872050666614,297.9858627227925,294.11738622797384,296.4896565222367,230556
295.38725429361523,298.1072250915276,294.5454874503682,296.3704779505131,921536
304.73272843530856,305.0912371569847,304.19573896560934,304.27083741097886,684500
300.26688530478657,304.2376841205557,299.22643999836424,300.93627972051235,896818
306.3578404668193,307.1067573308536,303.4106757322426,305.4054748512106,734553
308.4659146528134,309.80350696356595,308.31405123975355,308.4960092186995,821129
308.622661987972,311.0327621424395,306.19690918153043,309.3939151165497,271107
314.19533914811194,316.3876652465265,313.9826108203344,314.91459531071723,923018
316.3402830018975,317.2985979768557,314.91466318258966,316.1202030932263,247723
317.1361625712022,320.2990953944584,315.9389086492333,317.38454764830266,171760
317.1863923969423,319.73837926084576,316.13470392098384,317.2477188616332,293202
322.221428238571,324.143846910178,319.64193818599443,321.18542522889186,971005
324.30480523493287,325.99349636771416,321.92580861687804,324.75897680860993,29092
322.8043599714164,325.4490404462048,321.19133185632415,322.76565206968814,630976
319.4720268965739,320.6242328244267,317.55340124516556,318.5673945784758,626748
318.12523526319694,321.21460526050157,315.9272014825355,317.9532140052844,167680
314.4375482317218,317.1336677048279,312.6698459945669,315.4511576171208,98768
315.6010393848806,318.3434055661918,314.33919509579425,315.2823589053131,336184
318.49739024146317,320.72713591340477,316.86448461264376,319.23994417625437,884624
318.7093770634272,320.3713188364072,316.9434092610554,317.81516752259455,678382
317.1879989963663,320.467410054968,316.42586480612607,317.7108669567153,70434
319.81523092945343,323.5192591212995,315.56886279381695,317.9270560977497,100783
321.6090688116597,324.72259851326504,318.6346717182118,320.66798780061174,775850
313.0750358431421,315.96764547552385,310.78610076818285,313.5746308280102,572680
311.7215783968128,313.8312633743308,309.55662991618124,311.7091014264664,532939
312.8705029475497,313.95902758721707,311.6691293260704,312.399626563262,280504
316.6984648281025,318.5624535695821,313.67203440316104,316.20287344059784,354216
314.96114093405805,315.6732216005668,313.3902914755129,314.6827497528486,201035
309.63700139015765,311.5342545562589,306.45818694543067,308.8635089223852,620367
310.73815336106196,312.77898992277534,309.3010981072685,310.8145944476176,619299
308.6504006009803,309.14953670795313,306.8171748603932,308.8769418649755,991329
305.0428674896123,306.81637974242767,303.20355545721867,305.2546311670104,857633
303.9058973319162,305.8036756040403,301.12799824068077,303.38506209934366,511763
303.07723457527254,304.5165090921238,302.8268563039862,302.85604000776857,174688
301.23555341312436,303.06530230055563,300.9786364371886,301.06016559586817,749021
294.99065413714345,295.27822084111506,292.45611334851645,294.52222581487257,821271
295.98672056010645,298.0001454002276,294.1903512852736,297.2058902738555,584292
301.2359448833243,303.67740633417037,300.24452746565976,301.0492529077691,409484
303.1798350482972,304.69625417602725,301.2009162290529,303.04736159809596,208512
300.64925038829017,302.4590497230968,299.41657308789274,299.6491365869082,249216
298.16155529933656,300.0809084186216,293.7508906103158,299.0758829001086,403232
300.0177533243118,301.5353877501337,296.41403650470056,299.0862869882611,856052
300.95804443803974,301.53168146786766,298.8463217437158,300.91266131469547,314164
303.25710192917677,305.5430648247516,301.37726941939246,302.9608125980554,398067
301.78292287450216,304.92864725837427,299.82919417442554,300.7747746830416,367815
301.38923758069075,301.9332292870906,300.7296444146252,301.0516014251902,283850
302.70384054303963,303.3634332521187,301.0526211338465,302.4616484374138,460739
307.0765839596063,309.018118558666,306.18486632823004,306.9278521331081,530771
308.829811077417,312.0412239393015,308.02818942615727,309.1287250363245,107686
311.5909790092142,313.1648169716563,311.3573698793836,311.60873392925305,287711
311.45490445850277,312.31047185985057,309.6643535902522,311.9012431009193,786145
316.3350899118322,317.7471085113199,315.11118328595506,316.36328857355977,40613
316.2098324454419,318.30091541446717,314.1211986041487,317.69405503630435,942939
315.2719692270359,316.2157236095823,312.9947038457024,315.00167286401864,919527
319.4076367086178,320.7914402832871,317.5907202594688,319.4854232647221,13755
321.5387445630755,322.4668258052801,317.3657115948144,321.7550950935996,406531
320.50557192636035,321.3601304288981,317.9712839263486,320.36476643189434,139678
317.94997723117655,320.52982134458153,317.56261814817424,318.8642016628346,299206
321.07738935472133,322.88990571303134,317.8038737477831,319.84326133927465,483263
321.2942466180128,321.5942666382639,319.73984311889865,321.36029738198243,172891
321.9332116122844,324.0202160825735,321.61919528964967,322.02714334452986,604850
322.4397399873937,324.30865942220817,322.20271409608506,323.0635085609877,610321
328.6509976124763,331.00439660531106,326.5452666960728,328.6352583613102,426148
333.13040157912644,335.57607594451684,329.8526419318666,332.20888079342035,496183
333.5657425927218,334.6886504554926,332.25652072764274,332.8760791404942,371725
336.63215595594716,338.9355423226848,333.3994886772308,336.05787488620547,459064
333.0026187336927,333.8315061684071,330.6915948377719,332.6391114101766,96340
333.7593021699069,336.9952066140609,330.89311830591345,333.99880772335496,694873
339.1443901507743,341.0161024052165,336.3400522635486,340.1308807011033,303443
339.2875131871305,341.4803029269651,337.75234262226724,339.4239879504898,51308
336.4339465595139,338.0862518362001,333.1009630101466,336.59273180071636,899387
335.1399452682305,335.79323907903625,333.8940816441088,334.4384309346772,895639
331.05186627505435,333.6018751393165,326.82044233073105,330.8471443862779,144869
329.352394455111,330.3923590821026,327.51780153306737,328.2937707927349,795786
327.8958025964246,327.92866316446464,325.5239209364738,327.11237595340685,562455
322.2844983706232,323.755146177477,321.2214638676704,322.57901017434875,20178
321.5032213952913,323.42793830801594,320.259123837503,322.6616601287452,489205
326.5210348813345,329.50142917865554,321.13471179783033,325.61869647823744,844829
323.5858875892766,326.42477628231006,321.5429463445659,322.70851720986497,129153
326.7862111220771,328.6135693648108,324.31788862575905,327.6815758561968,10068
330.38683195395436,331.6676211947908,327.9782241374621,329.39256706505773,629138
333.09242390509496,334.29330895489403,330.23870846566916,332.8380576313997,564949
330.79506084622716,331.1257578473934,329.5751854792676,330.68878706128015,923665
334.6373230681961,335.3579660108516,331.6359619825022,333.5600686419389,388799
330.85803512180155,333.4861889038595,327.69841289882356,329.97062191601725,130630
333.3883128239931,335.55922536998804,332.01080394167974,332.9545855696126,111225
333.8762719066119,335.81918693610055,329.1331699296459,333.56057878988094,434766
335.85819625566126,336.19222743875173,333.0821864667411,335.4446639044221,943006
331.29215362156236,333.3153915440613,329.8602800659885,331.5574376569498,184089
328.59965416590336,329.2640697309246,327.6439889584029,328.6358707917327,290404
330.0408318506385,333.1266857602498,328.29981066233216,330.6375116480635,613693
327.33131798118166,329.4413276920403,326.8887640857056,327.5494919998997,446076
328.86182918143004,329.42050494760593,325.4591333936896,329.10314991009744,97417
324.2544121900573,327.8646719812241,322.21363231368304,324.6669374875061,839872
327.5546943774509,327.6819474035203,325.9142463871114,327.4651349535625,615439
323.27656213396034,325.618239771708,320.6457589488165,323.48616878226426,854622
325.63701912896926,327.8075576644784,324.3878521137209,325.3102549191554,850518
326.32236756413107,327.80398916111744,325.82240213346773,327.3846131769956,952069
325.07021766322094,326.7327297972646,323.57177373276096,325.143930909908,992941
327.16063309161854,327.1899193577745,325.3140569473101,327.07457869704257,292444
327.7565756329743,329.1210156733021,325.59608340035663,327.96032376510993,874964
326.11803080475346,326.81654145381384,325.93176319181197,326.23051032162243,99328
321.96509622556874,324.0065868786844,320.79602502070037,322.98913068743144,188676
316.9693605518699,319.1668357636188,315.3972519649024,316.7435369139462,160701
318.29648430165173,319.95233399262503,317.4228847148026,317.88475616193705,158762
313.2894348152143,314.94380240159217,310.7440084819516,312.9804997172763,437920
313.96126818353014,314.57560722649106,310.8405302578604,313.31038024360384,27926
312.64326909372744,313.7093720389397,312.0254081269913,312.5173061147244,858082
314.97969591856963,315.6758703957529,313.41148061032425,314.67843462934206,816581
313.8587213738452,314.27460865402674,312.1678645966378,313.760771072934,778431
313.1901452677383,314.19827356472643,310.18469870280444,312.7600684474965,111696
314.0950364858446,316.7348507660685,311.0837179797485,315.0889718145733,355960
315.6130281274137,317.21581276269,313.8900187244061,316.1780895740838,174488
318.21777086917206,319.50002682851397,315.8729631745431,317.21100679339696,195156
317.16649154057285,320.9931009240835,316.9543327930634,318.73494529488767,747545
313.8213103205303,315.0072887879104,312.1504604825418,313.90931663684836,567483
317.0672308935206,317.3836957306131,312.77490855686466,316.32558975760844,349761
318.2413889881652,320.4303057142813,315.4184040357617,318.30075886939443,136556
314.8573051743552,316.9394337712729,313.11785241264107,315.1125533200506,106740
314.45717308416073,316.33950695968906,312.51779608003244,314.3757989980478,735398
314.0617176606967,316.4451684900087,313.14011896573857,314.28367747822256,168206
313.912014723949,315.9116105831003,312.65949137117724,313.89264786601547,145323
314.54336255557376,316.57587252275056,312.8313667197997,314.9738568771526,284052
320.2552081182296,324.1541096695605,317.8045242883637,319.54666169861457,560120
323.9740637985232,324.34504447773526,320.4596253031668,323.0544795817595,557263
318.78980536900616,319.9082681795053,316.2757496495288,318.8748750135889,398754
320.00693061620836,323.4324978451903,317.907141030579,320.89677057127045,545098
324.8815265088466,326.9874854201272,324.23093128303896,325.22225742561926,788448
326.3951806339107,328.89032799539575,325.70460871300514,326.5153308703705,506822
330.4638501440341,332.2844644846286,329.3587716676007,330.1300629814908,588343
336.19500046680207,339.94717078437225,334.2764832332487,336.8741476575684,773065
339.8509020006473,341.04758799856796,339.48421539604516,340.37450849296556,399906
341.60681911082474,344.69063356419116,339.5584070860872,341.25827419586733,12615
345.52553036482385,348.46698556975724,341.6960936874346,344.8779125287267,614856
344.98308764645276,345.885415887623,342.568041095119,345.4125003531468,757089
344.6082935771622,347.91101443260453,343.24784303983165,345.52962555603546,456047
346.6137347577839,348.3020487366041,343.351526836869,344.3519497461632,881669
350.360897972864,351.4751345999901,347.2182650145842,349.8128781535722,873578
346.8109923285381,347.22734106535114,344.7585072712712,346.99629095854834,562552
353.00221161941084,353.6967642931893,350.8883083353203,352.38973621551617,824418
354.10287039308815,356.71440931556026,352.95808861603524,354.1910332376318,949274
349.9100632563367,352.5139273226411,347.4776960539118,349.3042600653213,911231
350.7376739099828,352.2696499680555,349.19152726122985,350.62589914340754,96823
343.4364553122233,345.995385033596,340.8488995662241,343.3737745598532,561890
345.4843917051396,348.27064593393874,342.47055609623163,345.56289106265586,680103
347.66104969426203,350.5754746095953,347.348762976817,348.6703676576208,717755
347.98943070385764,348.9752844577513,346.18731258639167,346.6457659221976,218161
346.45538279569195,349.30383925040593,343.32198191414767,347.10901261450636,434530
353.03129561437436,356.2813166000639,351.0905213078043,353.9941764661155,752094
352.0936477241084,354.71700061734003,351.5285204874567,352.2436047889425,692671
347.89792736060724,351.21600158125335,345.13222413571054,348.56820436777843,304214
353.7700488406182,354.12984608853253,351.63856473298773,353.80664149811946,799406
361.3514418439657,362.60540804903155,356.66564306567216,360.85507569270277,639319
361.62291919670633,361.8745595811533,359.3547424041293,360.9045006041756,19608
365.2040168633201,367.8484548090018,361.57411623799317,364.6098990909266,413691
369.3450568742877,371.18342471276566,369.103691104885,369.57096233950557,363700
366.91019138808525,369.21895256442247,363.5029366743241,366.8738035032115,261636
365.4320296313899,365.64140893944176,362.2742623395507,365.1341684752141,127473
368.39356876875684,373.0955188394763,364.77850709487217,369.6932530706846,569328
376.44211017525214,376.97552205994566,372.88017258673756,376.01301562772596,897875
377.0710808840577,380.9429282716286,375.2977700991607,378.173304257814,389670
376.4280074333706,378.443346713954,374.3408318269619,374.8981630495418,464904
382.15094609220927,384.15530684561287,380.93041661816324,382.4603680685319,216119
380.33236200305555,382.06704134260724,380.2245563532539,380.47304204518724,387591
378.65418499244794,380.4082460863534,377.8070208838253,379.237989337836,815595
380.09704135493166,383.95819157450376,377.7109502315723,380.576544991275,803493
388.3343930288935,390.2907589861556,384.6986717683383,386.57617225427856,245557
390.6639250033602,391.1297274341373,388.24246828552765,389.9305672311764,871525
390.37746524501705,393.0976600522358,389.35440643681005,391.5907720080013,431587
394.63217967688234,396.75728070539486,393.3237182981113,393.4485190008093,478558
394.5985894474669,397.63440048767467,391.475796341514,393.6591280203685,155588
395.6793612748356,397.16342605666904,393.25088688013096,395.9020264421971,693757
386.2884529144524,387.5966845577585,385.2697771855719,386.05165119267974,619646
384.93527708836854,386.8985767169959,383.6266206375434,384.9467824389479,758977
387.4379530164615,390.3903365546063,382.2004781996541,385.9154548742606,824577
380.92950278013143,381.8781249485887,377.6997943294426,381.5371313289583,38168
383.1641117381683,385.6608335717493,382.84282760597506,383.0522523522845,717459
381.9806830114666,383.6873455509855,380.1677679914154,382.30804982453327,293590
388.0022962916055,390.6843990715796,384.3687063728586,389.11753860152834,775805
397.05918451248937,401.4287125343554,393.6063987421982,395.32635976590024,688723
392.59858025147344,395.2642345557959,390.95234749202695,393.5285405944521,362666
393.14770450765775,396.0035613768163,389.72156593305925,392.9746941074235,231825
391.3562487013313,395.53409709756374,388.24058030788063,392.7234766893572,283512
390.68073348373576,391.56362233811836,387.6311148253078,390.99280089952606,743029
392.1259069278867,392.3361581635001,390.14421302784,391.7952561629142,520231
388.2330280562813,391.77661325837676,385.5197978505378,388.8744640247653,273556
384.9923019540019,385.6657926350592,380.893925374785,384.541003209268,351911
386.77352261056217,386.9846340497686,384.89752447563626,386.98175059600436,565893
390.36816602709274,393.5217500427933,387.9885625262522,389.4645440136736,34164
387.4355428179429,388.1878340821423,383.0254653070216,386.383219685666,537217
389.43970402177115,390.9431232692768,385.10277908735844,389.8972443524649,411343
387.54071143437915,391.7738649230318,383.08526592972225,387.4812463463926,612487
388.64485001721664,388.65293146552546,386.9962894542509,388.5023052374366,960917
392.22689089030615,392.70977784048796,390.10499179734103,391.741641071526,199625
391.6604171362965,393.0785825232636,390.9001176486588,391.6491517430376,226330
393.62322760237606,395.30763172214046,391.36682253593887,393.47354164271235,585918
391.29533179574577,392.3936757072748,390.5997483077853,391.48591220739047,125705
390.84666345120894,391.4423273318268,389.42017544618324,390.7566019735492,863827
391.00438994565974,394.7306551243258,387.22175215705033,389.9920173167931,96091
387.6302104761247,389.87418562842237,384.74140839469624,387.12997409925214,834227
387.02692880241847,389.64149163213796,386.31785458117747,386.4848793999409,555710
381.1342435733139,382.8830111495799,376.8880627062442,380.5838657749406,543994
378.64055829046583,380.9797552933442,377.98209791490956,378.75707061475595,46743
377.95824285412266,380.9058276861593,376.9176872281731,377.71738981671496,261961
375.97090741746877,377.5464305183793,375.4884489372369,376.7886697107994,249391
376.87135621819954,379.05514030283996,374.7835990830985,375.91742241080397,633737
373.6316382914804,378.3860536032307,372.76870580949645,375.7228821204145,312657
377.5005249287673,381.2039556046827,376.6010545501661,377.56633352670093,427383
381.78996767785003,385.92997321889476,380.0093122839705,380.920785693828,70190
377.45914088275765,380.4633477638973,375.42471833299857,378.4915659025249,108290
374.30127508137286,377.45136348895534,371.8718480477669,374.0022379136496,345626
369.6582301182715,371.27659291850443,365.3209487004959,370.16221815409267,520251
368.1282670085813,371.95758433886374,365.75051806760086,368.4000012552984,197149
367.8371044345729,368.8752691238945,365.853758402368,367.1425141495205,369250
364.5071508016618,366.0660413230817,363.8534952253644,364.3628216409397,953336
358.2431535976229,361.98123464778763,356.5554089773619,359.70669645492364,763075
357.4062173582524,359.73122619017147,355.1380572198415,358.10554415672055,404907
359.4915947912513,361.50092278137686,357.53954342430495,358.7917100388858,723912
361.2931947312782,364.82052869916305,359.0981657191219,360.96908584611145,558681
360.2536125611117,361.6396306458544,355.16002275878293,358.9984566161278,949693
358.7578887548441,359.381850717683,356.1788599223741,357.5546119398263,523590
354.04938300511503,357.99083844166415,353.8155947570104,354.29189235473285,797288
355.98931673464995,358.3318306193985,351.51665469880885,354.21594325402634,770128
351.27570804918025,355.0577941607051,349.17099386233,351.25851066443283,758005
352.63253423154146,355.99473878159637,352.58775835096515,353.31278042458007,911214
346.65393603161647,347.4510357500784,344.4759332596178,347.09380097062734,17447
344.32125414654814,348.28147047228356,343.6304047619341,345.8823770340078,109487
348.0752611001771,348.78817346585475,344.7659536814526,346.9601180904256,117615
348.7420835166715,350.4935692810561,343.9060473647632,347.63329877464804,92061
356.4326997407767,358.8627575712724,354.83976921490665,357.1580931416121,311423
358.282094459195,358.4981571982053,355.32633396472465,358.4454626375487,255390
354.9678325283879,355.8771069578216,354.4334407856162,354.89997029925604,83816
353.9157110728129,358.71562821915325,353.75937144023004,354.59678728671406,350922
347.165805292528,350.37980839700424,343.3288901321975,348.38872079560866,49616
347.99637704611513,349.70016265179936,345.93503963233053,348.1428460358435,729263
345.0674644225639,348.89355512633506,342.6830448536393,345.28919493798213,521772
348.2285755623161,349.82753095815207,345.2839314278969,348.4992976516853,281607
346.7784644404608,348.4172489244364,345.4398065588457,346.6240669456751,148456
347.2441424110482,350.01251458732185,343.66581714763566,346.2541880736517,562857
343.88634326335153,345.40172977379234,341.4720436300265,344.0949285988338,545681
350.2849324351,351.25187219703906,349.7749262558005,350.1655658968991,94165
349.58486334649433,350.20057641520236,345.7475613177983,349.0773952083291,492470
355.96303919769633,356.74277803617906,352.397085174335,355.5689671416383,82641
358.07094807515034,359.2865759083032,357.65957888130254,358.5115038786868,367472
360.3494126377888,362.32257794770584,358.26208973092145,360.2799671442908,839347
362.0430863001852,363.19026514794155,360.08952662278085,361.64705397438956,740913
362.290895301287,367.2766759534525,358.93792117550464,363.1103273483419,685183
357.11358081096637,357.7660677516849,355.93977144739586,356.213401752401,643408
356.27405323810103,359.5524657211352,349.64125687724544,355.2568895948114,854650
357.7899684078306,360.3356814903142,356.1883046221331,358.3079241937837,99866
358.30731263619265,360.9660683092959,355.5842731385349,358.16857960542484,302904
353.6598593847074,356.2196702365485,349.969896582677,353.2061461291447,443625
352.67113761199334,353.640607511255,351.11515185791444,353.05640275464424,335345
359.50627959628594,361.2913512123527,357.4883724875599,359.1603264242304,976812
363.8218248483817,365.3547210143786,362.43319976624366,363.7030717028712,884814
362.44676313493613,364.0959904668633,361.5973317694369,363.51398069511254,144549
367.36288668200854,369.7062497588961,364.89137136016046,367.0258385479569,480809
364.9150077980327,369.4316115768993,363.2385152839951,365.71969529655564,293103
360.2524760402627,361.340082203583,358.3286370530899,359.57704446914744,710443
355.8255136063871,357.5140421028294,354.5277794736364,356.3038237516164,983202
361.8356376821172,362.40943081176596,359.40095409597706,361.95239297944994,551705
361.9889040852398,363.8767969356382,360.05689005287604,360.9981238589091,499526
360.5141446980822,361.9645421864017,358.6226494489023,360.1565944513582,348939
358.33892548242346,360.25728362903834,355.58114833239193,359.11423438275176,441967
365.31135207323206,368.6418442816629,363.213852500652,366.0543813882011,37861
371.64614188226636,375.7790248305255,370.9581051289119,372.09213358883585,675398
380.7786646803941,385.7226780913122,378.603213102057,380.4783576150381,152440
380.18393982306003,381.2412742652122,377.51404789181447,379.91169524286744,459426
380.4320048318427,381.25086979181816,377.4007923985743,381.074574535922,996832
374.4998926072152,377.8827858279148,373.4760608329004,375.3761778782014,519125
381.2140455505012,384.9619339820034,379.73288049317733,380.9994792890729,905935
376.4768005528661,379.41619204922677,375.37955137537904,376.61378256741654,478005
379.09738320719515,382.81975600085684,376.31246688194483,377.4688197372883,981871
373.4141584034128,375.02862944942757,371.06621936529973,373.38682375728877,542049
372.5786712554121,373.76022130728336,368.71341726908855,371.2316550954346,281920
367.3114550906675,370.14163054620644,364.3168711418219,368.173262987189,276661
364.8270887224235,367.4455801776312,363.1027425087393,365.9786133025243,65470
363.23172368584767,366.59168043922364,362.94693870501794,364.0472515137624,257810
362.9541141930874,365.8248283785676,359.55526701838386,362.0929631408364,557264
366.4420428654523,369.42643883719853,363.1593922750779,365.1595284087915,777254
360.618318850349,363.54250861804803,358.75034897765744,361.18333922445174,247608
361.68351157622016,364.0940374717035,361.2676516596038,362.01697701984335,915800
365.63296449152926,369.1957005224594,364.019611811163,366.48980366006157,34547
363.3290424729668,364.97443763998746,362.813465612061,364.65027240045333,364859
362.5982020063719,364.64025074497795,359.74404342361663,362.07795992254097,984905
361.44151433893285,363.30562515598723,359.9399036007597,361.280368624403,889375
365.6119514906494,367.67372546628934,364.3460931757352,365.6042825878868,868888
365.32544591504507,368.0867242603839,365.1835047223706,366.35127089848413,401307
365.64211710985165,367.94404136614537,361.5015641881405,364.44676330056046,558594
365.88242283169814,367.4510415338843,364.336823478738,366.251132782707,627621
362.65900604623073,365.7011966091566,360.3664757886545,362.2723698271894,262000
363.72444594552854,367.1279223972555,362.7083708930076,364.7856522073041,108601
366.17628737465515,368.31304740191933,366.1586102802572,366.3158721766697,130571
365.43941068203924,366.5019076019068,363.98293379474086,365.22657529247977,383893
362.44980429947634,365.1485876574307,360.8055294390414,362.21286259744477,322243
359.16234375088163,361.18082861464643,356.94068619203927,359.0512902329181,310715
361.3698602871119,362.35768280343245,359.5922521105673,361.01280238571735,975197
364.68706346777867,367.27894030073503,363.64954575900504,365.51350445526464,582865
363.3711690925466,365.87379639843783,363.04981165546974,363.227786663303,735364
365.0161157895221,367.4451960606066,363.05537561347785,364.9330879041115,670635
357.5971179480802,359.9075625477298,356.49849332131515,357.4315037163165,7222
355.43494916746937,357.31079058486637,352.1984322678211,355.3835285702573,88336
354.4039293291793,358.1786877571716,352.47227198227176,355.3086964712387,983251
351.198315790419,355.19459420805646,348.8500954993051,352.12637990271264,762371
347.3339502659997,351.3950774287527,345.8565187654006,348.8789734894432,12455
347.15835121485645,348.2823271229368,344.64940549262275,346.59164994554703,139215
348.21606357037825,348.8518416296019,346.8313522489835,347.64060884917234,127615
347.61015298731127,348.7809667954092,346.51617705696617,347.02468743501714,537164
339.5859231087833,343.2741557149253,337.66539388360405,339.37768777259924,25463
330.8718843495722,334.23177197673607,328.6513452425034,332.2895106315207,95997
329.633827577028,334.07082623568647,329.3577805703836,330.31209736889247,991254
331.97364915449305,333.5138093520364,330.69813640813794,331.86054084919004,554488
322.9865798279105,324.35073270031444,319.50010873775835,322.8990625557887,837480
321.1784466079988,322.8568143078194,319.1108016931075,321.3215942299226,647558
319.90291417904723,321.41396847948,316.5941132372663,319.667052829064,466240
324.17603143618453,325.0445143463866,323.16424697699233,324.16847720351024,496115
323.0330582989263,323.53487568165895,321.7839251175815,322.9550514350983,402810
323.8123222258449,326.3355001794412,321.2541401304141,324.2267263474174,786668
325.35526583411746,328.0116946734956,322.48652199706106,324.71751350282574,429285
317.63027075943813,321.8254888979665,316.132057600989,317.9041589313362,440310
319.5351159313879,321.5728331905021,319.1476947581704,320.3877632982757,495568
320.61556847766735,322.37654980517397,317.89977638673736,321.1107205748047,167424
322.55430143677984,323.6463425817014,318.5124752698777,322.77925675328277,841811
336.4054345985241,339.2235642468704,335.6425012458786,335.73798561080713,361246
328.81832087826325,331.29436720151216,325.7896221979524,328.84612021285216,568358
334.4757973937268,335.3931018572198,333.27332460109034,334.6003679188335,443610
332.8400228103184,334.43856243030126,331.50879783652096,333.673314136682,527638
335.1926477626054,337.8264388333186,332.72284499851463,334.66689771950354,616362
334.11185241895106,336.6054040452523,333.6496320046392,334.54807109009414,665691
333.09846616527886,335.5889493354612,331.4700861115927,333.1651177520842,359353
332.28594548563774,333.0673805376567,331.2500850234689,331.3051609007399,273703
332.77014074386864,332.9808423418742,330.29492803313207,332.43188244015414,378877
326.39275143897737,328.2368745176364,322.57357563602045,327.4591247295818,211383
328.7914737258577,332.2898070346739,327.77833385967705,329.95920611144356,797110
328.57938104636736,332.3459749620079,327.1028208860903,328.62164865865566,567212
324.1732075203154,326.16752460961254,322.6685363534123,324.9613952849723,384465
323.95431927233204,327.7859108976197,320.95952088363885,323.5346645634337,593489
327.6881119076795,330.142318685717,325.62344392704193,327.6604160407803,197428
326.0514265569704,326.31908318211896,323.4139535513674,325.94361433822615,637913
326.68436305904595,328.99257591795833,325.5470787478664,327.14678057217725,248771
325.92786836508435,328.4022875915649,322.75022841366945,324.7966771154438,145201
329.16122750899825,329.91054615602235,325.6301122101086,327.3004630222742,504119
329.40116314599817,331.8699256278589,327.09456848755934,329.5847977256558,990566
336.0048489440174,338.8669931973772,335.315618317044,335.76777054130963,286825
335.2776310995656,337.35521393440285,333.86569902704474,335.21232011239005,71781
337.31970556611776,339.1199747572555,334.8789433846651,337.49499159770795,583001
337.2976647667323,339.3739359519463,337.1655349831425,337.8599112755387,245451
341.5580910159781,343.77482078399555,338.7339868003455,342.3008619706283,821594
339.11116101354736,340.38343017393464,337.5420646551067,339.88310165522336,376192
342.73650493197533,343.7432689110216,339.25375683604193,342.4589487856645,304932
341.47174256752754,343.10894592110594,340.6892711594485,341.82702012416536,449772
339.8801350411793,343.466372924701,339.7311441067291,341.6418404703665,52227
342.2939202627321,343.43360694527,340.3093966501404,341.9896464515651,888632
342.86141977348626,343.708055636209,340.5432554722074,342.88765841659057,210345
343.44614012109054,345.94619192852576,340.12155229145685,342.52360553725134,603638
343.55034817111834,345.6500735892732,342.74711521314,343.2941666863556,910494
347.7581129015468,349.96931991339966,347.7142603289061,348.78960486029564,984415
350.70803212690106,354.57541711671087,349.28309554508576,352.27896850107567,420621
354.87831311262505,356.6835048148597,352.5540972305905,355.38969926121825,637892
353.36748149908226,355.6458079658965,351.1068623852614,353.8098197868083,693118
351.3741709530205,354.1588576968984,347.3049585994094,350.71261529297965,779449
354.1081559703204,355.2436304990031,352.73434578860315,354.11443862073594,671221
358.07605649022463,358.60699919732633,357.0749734682192,357.2659997807983,685063
361.64176623817593,364.2576761087331,358.5352637139679,362.602541905372,338963
361.15100596720333,361.47951071045,358.4417838096432,360.4551369554631,180653
360.1832592347519,361.68437860582213,357.5618284546222,359.66463063962414,31043
352.4231334458692,355.32278883964267,349.8499965797726,353.85144355338645,370525
353.4330961642663,354.27817320709306,349.40184006878,352.500648869764,302171
356.1332888418642,358.48088582419194,354.31099020412694,356.06673392202316,758370
354.7229265343565,356.302128420973,351.4217164809331,354.4450100980913,611675
356.14100084929623,359.80686232321085,353.7703807598998,356.75811826843153,786873
357.02300813387654,359.03897280187135,355.0345535776125,356.114739617966,1994
356.45893001674347,359.88139979086816,354.9260551753435,357.30635516378914,560545
353.85224479635735,356.8847996729901,350.8444051425222,353.264347907817,200269
354.1811841148084,355.81213489835073,352.58476798422504,353.6008491142668,245739
342.54640482450674,344.9303306937729,339.9227126650018,343.21510277246216,711002
343.96754645157534,344.06364077847815,340.7328775596766,342.60850512357587,228005
337.25746446007827,340.1978818535594,335.02992839834735,337.10136732556595,671704
341.671775116747,343.2307919247525,338.044786232959,341.225525417734,397731
342.87254245363135,344.6048996101748,340.7914087657553,343.9229662812346,349126
347.0298927807752,349.5351596901989,343.7643968186309,345.566260704134,547506
350.0382209700562,351.4377611557844,348.374757221303,350.89760917530424,849109
348.3309309447463,349.623997130418,346.0207279434484,347.6183921968614,785442
353.0774403808636,356.5142405623729,350.9812555985226,353.7813036512742,92466
356.68823432830544,358.44703419759765,353.4459493525929,357.13035370851065,753540
356.8842729529105,357.9000491571714,355.1945293230445,356.32217184497296,759674
361.16845966506605,362.5233960022248,359.368939815683,360.4277426549682,352888
355.591556411249,356.865094202115,352.44275062004067,356.4979769370913,645611
354.3772391189389,356.9097731284469,352.4385927384266,353.6060440193121,785299
352.23032931743427,353.86162839091935,349.5103691358419,351.4957169806989,290539
349.02029786566266,351.13896287992435,347.89484435867286,349.67625794192014,950178
347.1421559567006,348.5980681282697,346.02247118739086,346.03577743092785,530803
349.3083424878707,352.0955449345227,347.35407563430687,350.3291017363946,8920
349.0217121951172,351.8907155883327,346.1089502108676,349.45837621968525,117614
351.0634778521695,352.76396241790223,349.0391347162928,350.7274790865223,202684
348.17227625796005,349.08682283481403,347.9790321804883,348.7676689047028,64968
342.69041567571236,344.99553933085093,340.6850728181722,342.5096944868407,869580
343.63586746052755,345.8680260826035,342.5318516854712,343.47026253237385,406318
336.87224639107865,338.89111226260326,335.90929193755653,336.99833382560985,422941
337.36150231307244,340.13654489263445,335.19851711077155,336.80079598512094,630177
332.1051612248739,333.9484752537135,329.92885864072525,332.2569101275993,245286
339.1166777422142,341.94291963198583,336.0673288691549,338.95971155441794,229494
342.88160118925043,346.0435294999637,338.5836603947797,342.09719157024466,777100
343.0350209494701,345.3494571928726,340.11212071610987,342.49341131476746,449055
347.4289860690454,348.3865695397026,344.17773669978465,346.8836729393824,458288
343.20410311170525,345.57973139813305,342.81068699569374,343.9947265577659,30792
346.2670007690772,349.2852606628167,342.4914375697991,345.9039451246012,648013
346.02142070495404,346.8062315530048,342.9757122897124,346.63044956666914,773687
346.69079665799177,348.91078947734496,345.3391693545474,347.58158916810186,877318
352.01702413310505,353.46561232564017,349.5370711061174,352.06751508340955,166134
354.04982598544154,355.54412581110716,351.66239558780734,354.6913172873817,87145
356.3149766960762,359.029611107653,352.4045899083816,355.7524483177548,641524
350.5186764211321,352.66751196310804,348.3574822839688,349.9485853574444,973535
345.3206034571215,347.6334100653244,344.3670689541458,346.63965486097356,738796
345.67558294125354,348.6094020570913,344.45534644276614,346.24918109330554,964503
345.59534674382496,348.175603949158,342.9375844536185,346.6072921547792,217480
342.42912159979414,343.5446491955782,342.1690085934017,342.7462504996413,246279
351.4674426420304,352.47307702385905,349.7462666615132,351.1477747948,179356
356.37601401498495,358.79795346441705,353.63806725498966,356.54878907100857,753233
358.3148448420037,361.5422483667284,356.2278699860421,358.73798292281776,896983
359.96601205385497,361.2401820552906,357.21735224026463,359.0324010534249,64724
356.65544529542177,360.68390619726733,356.26905901082216,358.30713885337906,415207
355.82607313777004,359.2936916151393,354.90199681253387,354.94802267196445,736764
354.871942631276,355.6932882103048,353.7731126236707,355.2586689003249,266153
356.1555109958577,358.37229411704766,353.9882743320563,356.21115759767986,205771
351.4792951638946,354.4864527882532,350.33954170326007,351.8504011677706,510884
354.15294849768986,355.82262047588586,350.3447787516768,353.0634736297625,367005
351.6830239175807,355.62341815075683,350.9311882211884,352.5509892912707,271560
345.931458685137,349.94305669073253,344.7326829674233,345.923338916735,560306
343.3559478422832,345.42640688477024,340.55557895820897,342.99413111805757,507920
340.51190009749195,343.081249030832,339.1943727423198,341.61257771397516,847678
347.51668108356216,350.9184364126267,346.1203763934368,348.1572194619835,208781
350.0315481776264,352.77050395099906,348.9571142157336,350.1353132521137,197256
344.91222662745116,346.40828850808083,344.0454008842715,345.52495642239234,811727
346.6767261870158,348.9765094960485,344.57498741946574,347.2431434878978,926831
341.706515257881,343.250717428269,339.50212590453765,341.9457833826851,211403
346.15180665551463,348.2945268642764,343.7385917517884,345.7026826376318,914187
343.87636538547457,345.6328727552727,342.7926564946107,344.1122321438684,890888
344.5661289101112,346.20091316549326,342.313260942808,343.82455010783286,436228
347.7528254526922,349.2880452828892,344.34908883490994,348.4481591780386,715078
343.1648160136832,346.50442705721457,342.9119893805422,344.02620413998125,720928
340.59426687268234,343.9883318832392,335.67108735024027,339.287098585521,380869
336.9026011937959,338.175376020274,335.1173005611839,337.3465209644123,26927
340.00800983786394,341.1775276279119,338.4917030348002,340.9017943487524,826788
334.62509656471116,337.494168880079,331.99489812583494,335.7950427203079,250689
327.15279490768484,328.7604345434304,326.0585299618807,326.45085801777725,260542
324.79200578719446,327.78064066582334,321.82309546849325,325.0138631848587,837977
326.67888884282354,327.273692206883,323.224854969883,326.8447362256949,17310
330.71911129442606,331.9446629956995,327.98607547843835,330.8244469307982,647835
329.99585232821784,330.47207254954657,328.8982848785108,329.32867006210347,66906
327.89153215151254,331.0023758889303,325.50038204063003,328.0093070643922,229266
333.40505865339827,335.3226824861696,328.5513963385362,331.8493133793386,150115
325.821947515429,326.9980674092782,322.59855159930845,325.73480656599753,501633
325.19327039552445,325.5292553880807,324.2524348934518,324.5041632408371,840027
325.67885515871495,326.10502933272636,322.53800218477767,325.1551993057433,729553
326.6279954084941,328.6910287010435,323.2354047476279,326.65180657450827,575716
324.6416937463125,325.56855177524693,322.9897878751549,325.0232521839405,925133
325.3836158191464,327.11205888018884,324.9590039346409,325.1677279063487,455502
317.531662874495,321.0654202256188,314.83344197439743,317.20804802883856,720105
314.79749186030523,316.4055590011601,312.228248865078,315.1584024687121,372126
316.7279130775881,317.3980037661359,315.171696241246,316.62257979587287,666617
314.33424138347834,316.2661464257828,313.11128617770606,313.55899500227855,386242
315.0743731196233,315.49109829231537,311.28223713400496,313.77537585994924,357863
315.75082429661137,318.9588380177812,314.36316179250105,315.21220901504734,878745
315.33614480728,318.2406615764646,312.22038762587687,314.1657143522037,181432
314.33701163409756,316.1518366696278,311.2959585089364,314.7331815298292,355092
312.18647689201686,312.9070408853328,311.7414958624921,311.7488549152872,671222
311.96944826910595,313.13081393355344,308.7335254334538,311.1365236556155,48338
312.51100512303617,314.3599064011265,311.1421275712278,313.0722392904446,692334
313.29086427143227,315.5242537428411,311.8942010204941,313.59542194358903,30904
312.8763799027775,315.4165910011563,309.7526045578762,311.79264804728433,722106
311.91429030217387,313.1145878014386,311.0765359587899,312.5237734499684,914050
313.95220955607584,317.32525132831125,313.4891480712237,314.79657584014865,897551
309.3825476985263,311.5027638827238,308.33121543301615,308.43996652766975,345336
312.8139589957991,313.90149786791113,309.3535056935241,312.06701833325803,24711
311.31936642152505,311.86101987709793,309.84211773394804,311.0505439476412,302199
312.3795307807486,314.07906818217015,310.28351997108933,312.4080915999976,764582
315.9251613702739,316.7783653411214,314.8052370730028,316.20248644835556,561635
312.1019165629786,314.6209044107109,311.45354206837516,311.9260221816469,110277
310.73059231451583,311.23657099765825,307.59697123150704,309.75189591404916,794933
309.03766812353103,311.0906419984046,307.0419218121664,308.89028660537434,566749
307.8378469090558,309.30258583909017,305.1947480756893,306.5094598798847,155043
311.34464639651367,312.93973040514703,309.50594199516905,311.9047912116162,856793
309.2626456062576,310.7257836388235,308.6074583630102,309.27481912972803,250704
307.3626744413586,310.1267182803339,304.84789471949415,307.5921742948111,338745
307.58333076317206,308.6910388425317,304.8528569666135,308.25232557168056,781467
304.5060564720873,305.74568363384054,302.28988766768975,304.59931487247303,626656
303.68005439495823,304.5135860870872,302.2482739674448,303.4267966086907,397367
304.74118048942796,306.22958169928086,302.84569664207385,304.4220060833671,227864
304.7579400869423,305.65574397211986,300.4953825779488,303.44073288719125,9143
303.46945040753155,303.5617790842027,300.50656768142386,303.18780865885395,14465
302.3111409183613,302.8657571160363,298.3050953571979,301.6173385150532,457882
297.15283416440656,300.09858897150536,296.3236995785585,297.11355917088935,998674
299.1008609129722,300.8177550787588,297.38813269520546,298.1004028121001,543021
304.8637979527256,306.5823414492842,301.76902962730463,303.40837873429217,243418
303.81692680064214,305.0784241512207,301.6066191294618,303.4945639002033,656174
303.60546583178086,305.6833505457188,302.2170378073441,304.2094182750529,271344
306.01843793768955,307.4914447063141,304.84609760768564,306.35469592944446,725395
302.69145078155145,304.68339832001624,299.85802394175045,302.52086876087327,316583
308.02716860967695,309.66046005057024,306.29123392049,307.7461975406107,436289
308.8311146208132,309.29009799332766,307.98263870614335,308.40032554318987,557033
313.79416275499506,315.60198537283605,312.97236167992884,313.50561364209364,700811
311.2513876389465,311.9909912071447,309.4601102527407,311.24703956993386,540573
316.58581696183336,318.96766536815625,312.15109630705945,316.98915297183066,61820
319.74412461239876,319.9909445120937,318.82577438981116,319.487807045572,431571
322.483709270178,324.00319921508174,319.9887657666173,321.2917250939531,795306
322.7337033697061,323.1907321149731,318.1427344489024,322.0767128645208,219376
321.6529940389224,323.26398328086475,320.169648158004,321.3093832463684,548595
325.892249270336,328.0870799787426,323.15208116167776,325.22257246335835,384943
325.4702245446369,328.80897043664186,322.0112141695913,325.71194451742446,778458
319.07482634926146,319.51957653114727,318.3902309021684,319.3995056220293,532449
315.41023776950715,318.3864807645069,314.125818101141,315.8826624689506,607884
315.248671639574,317.028390979084,314.1305154328734,315.32768432084254,69308
316.07135260061784,317.49234771971857,315.9302855590525,316.33834589526384,605068
316.95509416939626,319.2623908105923,313.12138977320166,316.1910029651877,297295
319.79657152619376,321.4748195281138,318.7592195697605,320.10087440944847,502954
313.44328244662796,316.19284394450824,312.70002599697267,313.9473070889292,722394
315.6514713098634,316.29009448175754,313.2769433038904,314.4298627583888,237087
308.5173522514409,309.75369760120304,306.1150836727653,308.7961180897605,830032
311.2776813397829,313.7152346561198,309.52082870713326,311.1821307148778,123068
311.2000713067669,314.1428419098635,310.103257426129,310.91942124384025,494374
311.54815231323556,313.78650863479317,309.60800191706176,312.2580354336459,455809
310.36808769473464,311.4115038571071,307.3003077837673,309.60306856234035,901823
314.0207697083025,315.40335673004023,312.0753952296268,313.62114170658896,821269
317.9247978204286,319.5453490103891,315.57550714411457,316.9369787794213,414876
318.39062983755224,320.1952116245509,315.82834054878947,318.8237339860104,174627
318.5060440680299,320.4199518826009,317.02187850987764,318.44291225595833,176859
320.3520351075223,321.49545808545355,317.17974696951507,320.32682169969655,775369
318.2701353791558,320.66244868323247,317.23475315945103,318.1022483324322,782343
319.93407335235497,321.34880715844014,319.0839254637028,320.86755069551805,271682
326.3090310847302,329.15136095003925,325.4900847995282,326.2367132929345,630181
328.84033620827535,332.9636444594539,327.43176157459425,329.7811781067475,994454
327.6512316856242,328.39199240071827,325.7770401246428,327.41658265154643,542500
327.235828813304,329.37737790318545,326.9010363659587,328.6349257070892,977477
323.24353695964203,326.4669823948205,321.53349079032245,324.44501318938745,777067
326.8743129250758,327.34446892252515,324.15486897201555,326.34006244659855,192617
327.4881046494348,329.0014016673648,327.2904572811644,327.84666297487865,19070
321.16987035720035,324.47909361269757,320.0661746837482,321.8056670097928,408350
318.9289889777794,321.22936646164175,315.98823655041207,318.12042507940566,499984
317.46058065089557,320.9337863954567,316.7033001573009,317.25270004678845,906467
316.8830191309887,318.6297900155775,315.049485584375,316.33128031478236,371115
312.4557037373314,313.5496530906146,309.8733977301649,312.5596248568515,764300
315.49094638484104,317.11690170872777,310.5500821044992,313.80916231335385,527986
314.25036680735315,316.061778770822,312.26438442381885,314.63076412309505,842635
315.14725357806003,316.59388305218454,312.64073569081023,314.0515305833155,548299
311.6798153338479,313.2544033690438,310.59024318462014,311.71807314140045,555766
313.99332607291313,315.7303453960682,311.56544731642515,315.0357860384534,365354
320.6356851843359,322.5103308599662,317.63553530664024,320.3263468347374,968279
319.0136915846009,319.260611434782,318.3249861088296,318.8129907973838,902277
316.2326474072721,317.8019830311946,313.7877641234062,316.89897301375083,648736
317.90384441239104,319.9701528731643,316.8932722494944,318.4912820121329,563877
317.369088085826,317.94928496427167,316.60063194181123,317.3847653971388,177086
317.1960661581557,319.51380975965907,315.5355760814925,316.9743439895557,111400
317.7814216192164,319.729766778396,315.2471657133666,319.3594811072386,655336
314.0109429130011,316.2117712141117,311.4933375927761,313.3509496984089,744042
317.22691734414315,317.8971091663193,315.37209314635174,317.5409640708157,78832
316.95714883598635,319.0065813835469,315.03723638645806,317.8036171713876,579044
317.12596745271594,319.2054867159241,314.50348069860837,316.5302154561366,316935
316.26457498433274,319.94659182594927,314.7915580682959,316.27951475047246,757300
316.96141104071916,318.6569504454406,314.0119696993207,316.1923264680559,240607
311.06881712253187,311.3636727170462,309.85768696763716,310.7965889835884,44820
315.50830241594457,317.9895033170655,313.314565947436,315.5092580953476,562246
315.574811880423,317.0299630564995,313.1856088512399,315.671236781674,949920
317.4106188212901,319.06423925875106,314.8538576402308,317.10447806530686,305404
319.9035027342994,322.30497362281744,317.58321495888777,320.16830193616045,416254
316.4067520553562,317.47843895854794,314.38345841297735,316.9471930330765,38836
318.87174554924655,320.4723575251359,315.76967184231864,318.4832538653561,380801
317.5719691536964,318.861650376482,316.99562641186054,317.6637662574797,577472
320.41861904611403,323.1952081011985,317.97451033575,320.3971090913134,955484
314.3683249157452,316.62591114773585,310.25744306491833,313.684880947324,84399
313.334150941802,313.4428235092654,312.35206345895534,313.4055300590195,382287
311.5624613106375,314.3004340720076,310.68111553239356,311.5530935786151,710661
312.558727439756,314.9207141502496,309.7897831012273,312.93402891486636,127834
314.71074558204157,314.8234986397616,313.74187403137927,314.439861971268,740223
312.47235216507744,314.0869778360695,311.317174272326,312.2538819176024,353329
310.6276014754046,313.14507614385514,308.3605643089747,310.06899659286444,153530
309.3982430991366,310.17763081216947,308.5928341858708,309.7570215464224,840487
306.7416041928281,309.82668088376374,304.4026769135154,307.02272461958944,330122
310.14025310142046,310.28357315435835,308.8360493771313,309.6496829124834,758653
308.69502956208214,309.5057610198364,306.66288851221435,308.5393942675142,38670
299.18603437730667,300.38010297881647,297.4347646655587,299.72927458045746,602910
299.41816111272743,302.15208881595015,295.65389977556333,298.63778827861813,619213
294.57784769629967,296.6244133114953,292.0751421107486,295.58191022315435,387310
291.28453496098393,291.72482580619436,289.83621359063744,290.8283504787892,442789
286.55352282478515,289.10056771193337,286.20778947164064,287.28046422687913,427534
288.70850129330324,290.7247095184027,285.46252868438347,287.6237063283771,667003
290.5993394203718,293.54109976710464,289.71596755815784,291.4998405686425,127391
293.11738307209833,294.3443673093508,291.27572892060846,292.44344676775023,355143
290.6567412734243,292.3797077718851,290.1275957551729,290.7042041767454,130729
291.84762608670695,292.95235143903903,289.79388389601934,292.0617672755767,404598
290.86089625697633,293.7766036895524,289.86323112973554,290.75308695661744,741041
289.1343351507656,291.5724938199933,287.3558981617469,288.769388202079,931708
284.96727221107614,287.83857303269565,283.55910905648216,285.48365533365813,292022
280.0963306959471,282.62522360416915,278.5416050741729,280.5540758385773,77321
279.85332301605035,281.6889369094251,277.53799114234585,279.4902066201067,942858
279.0043180828508,280.31497976526003,277.8125402892674,279.960294555272,375642
279.39104902383036,281.64791417017636,278.61553846834664,279.71788767956764,612588
280.278804735974,281.77627712596893,278.4234289415177,278.5846274513327,771871
275.45561785979686,278.41591859038897,273.9935300465933,275.9899415428162,591930
278.3390174613431,280.40492133436106,276.44381328884504,277.7015242916273,916718
273.77400734079123,275.91826601827404,272.98866428551423,274.0952199504527,705308
276.5394302314314,276.55399677794617,274.8250417072451,276.25817446658596,279253
273.888620384368,275.1849347837343,271.4605819894252,273.53064771260154,674963
272.1204199898187,273.02558046154564,269.2441854587321,271.5073798196202,242337
267.4736029420226,269.121259750019,267.36806113626375,267.58077108880667,935249
267.3282559082536,268.33163380384354,265.22601201320543,266.26909886722933,95249
268.5886974076163,270.0275673827956,266.47139239065626,268.90564927069374,568011
270.4494443828042,272.17412799832283,267.67686115763075,270.3228141401376,744697
273.14191832551467,274.153522817177,272.31231176302265,273.00799319942894,64237
273.8487760212049,275.9370982388422,271.34717599970196,274.46465721209455,218587
271.3240581508644,271.5992047951653,271.066378666681,271.47927493587645,668779
270.69720829128215,271.3747080649291,268.3245339043393,270.6097940217609,876972
268.3014875463515,270.4047425378358,267.1867670377886,268.5335655552775,855925
273.4863294564809,273.84443892419847,269.52090533959824,272.1576969666621,978320
268.4957605904743,271.29668674817185,267.52705303056047,268.94685098282275,237462
272.02849673167486,274.18383239085006,270.2836931715398,271.3883326518799,867912
274.3190239118585,275.46987730927873,272.5902799593396,273.8499409733049,452636
278.92663020156226,282.8383852368032,278.8181697108774,278.93436345289035,638716
277.3409774700346,280.24691738198175,277.2612646775675,277.8217252140587,862580
279.4057876258081,280.43800998561574,277.5811385853276,279.83575824602485,498857
286.02605274593003,288.3952172509563,283.747744531696,286.3226643001941,622966
283.57172217255754,286.06729585208757,281.6369881651929,284.58812369422236,817110
279.71846216567417,281.0292786712684,279.37215024601966,280.2809666848298,984503
274.2727625392277,275.58086987819314,272.5062906455781,275.0883866850474,538772
277.8295250021537,280.047904855144,276.5213746641413,277.0836849913173,958779
272.27817088518356,273.1511392474186,270.2495169039707,271.94179933357117,502952
271.3842175752381,272.65819575841084,268.68388913198856,270.9582851871778,504801
272.4935605197973,273.1031074188558,270.5121233005259,272.1730321644244,203157
272.7958318128509,273.5475278714169,270.13981366625273,272.7047660795225,339306
274.69497973711077,275.9638541936713,272.64860235255964,273.8948341425033,947832
274.19645603218186,276.2241677517677,273.00368718033127,274.5318035790554,549496
278.1523788714393,278.9214917532286,276.6463956546226,278.09305069168477,473040
275.89644917502295,277.28993575843066,275.2170499982198,275.4848424081175,106939
272.9303791952712,274.4092178023101,271.89566006889083,273.65348621991797,15099
273.2562888075984,275.772183494369,270.4732547700416,271.57438038603806,887531
273.8813848829652,277.66868731754795,272.72974338556884,273.8657385155266,915762
276.4488755599311,277.5331530820551,274.7660970333673,276.3703921996435,82422
278.3459659554057,278.3923622426118,277.49281778874354,277.64802654520054,406304
281.495762742983,283.0019426720809,280.54237289542357,280.98159153168376,377236
277.7398546916091,278.9573862286986,275.3869205053365,277.71870473515776,902914
282.48945263407404,285.572557194603,282.12739438228886,282.4159513759491,135139
285.9167098772403,289.6471553383406,283.95843396362716,286.7794275866615,831679
288.6041551749874,291.1204254958012,287.4845670273646,288.9257097145817,321787
294.4536101973367,295.40761567743994,292.5372896683036,294.14933611390774,226387
289.60234101556114,291.6392010733231,286.5462504858941,289.34546425637524,800822
288.56380560183976,290.23603836029326,286.5347375701726,287.8607542142063,961901
285.7115699124371,287.4162421784783,283.7469702963025,285.78044360418477,475641
287.07979263751355,287.9721825454529,285.5939534955134,287.8785326492146,917821
285.50183396871245,287.8387766878398,283.56869475212017,284.89970958304133,246040
287.91930085320496,289.4520176530115,285.8600701526401,287.0947135343014,902844
291.6085767606172,292.978401038912,289.01801227314786,291.085644559693,899967
293.04970702199773,294.0835724510167,292.22764562445855,293.1456440176507,542904
294.6221441269792,295.3938038633868,293.53645993443604,294.0080283590633,503794
293.14364766938917,294.88837292104773,289.6262290121954,291.1470135783897,454777
288.7872071172656,288.8586786027053,287.1101276283682,288.72071340051565,520202
291.61344290549454,294.53489994524534,291.4756629909735,292.3804953531977,92702
294.3519770848843,295.2390914427144,292.88947818549815,294.6975305975429,614726
294.980568697887,295.3274782531501,294.22332115799594,294.6120231980642,132611
292.4709803339207,296.483485714905,290.4586251777986,293.4127203308392,433983
287.65472509492116,288.3525003375347,287.4390971724314,287.5572989136224,492171
284.7392931941038,285.54610839239837,281.4570656595911,284.5228642478512,754772
290.9331010783408,293.3779908485298,288.88666252338095,290.0425996778663,305800
287.1314757153813,290.1645295371909,285.69226666253337,286.38104576930454,808410
287.4490785394582,287.5643442586482,285.761723185853,286.95288833305415,831429
288.63350958387895,290.5052700026089,286.70866680533936,289.88737627203227,331099
286.8282701567603,287.5028797885511,284.1045420656873,286.30087352651145,788620
287.2636399349998,289.5055617194045,285.66064591238035,286.8588743834244,826740
289.7392211743312,292.6126798786472,289.39292320643364,289.5909828069272,457975
288.6538071986756,290.16572149391754,288.2603407119105,289.65614614474293,213591
297.65163459757963,300.8706134428512,295.90764512461527,298.11477014836873,696722
292.52676938927056,294.05338523281654,290.197676695746,293.21101997804794,729136
295.16711294749297,298.1421035022633,292.70175155135445,296.361454611868,582681
295.8776404796508,296.2301716319595,294.2490477734685,295.87936554595296,987734
297.7261503156165,299.58390478219496,295.3735484359149,298.2019745795715,176628
301.1236477459108,302.5288899873227,296.33453139290083,299.5508228522942,541742
297.2920332554212,298.59820125573015,294.74393041374316,297.39241624514887,748426
298.8753694525557,300.7149213326298,295.7889136689397,298.1040234104285,42451
291.72755923173423,293.2250593684107,290.97480631078855,292.64594015027467,181697
294.13393251359065,295.1377019938386,291.813845567609,294.446098134112,504793
295.412096721566,297.2772153904802,293.469402154351,295.35485820469313,907440
296.7369882146866,299.9601877802498,294.674091401143,297.2769346587673,606986
300.21550580650415,301.9510041028623,297.57861729924434,300.4692224294491,799743
301.4745282212847,303.56975919706645,299.64286740564773,301.60599882282855,163784
301.94186374839336,304.2806086690415,300.52504352025284,302.0831830859782,304572
300.5743390652695,302.82609640508724,298.9270995652476,299.4632593565215,346524
297.59267697930824,298.2293544370217,296.14541688666685,297.3677323936474,218301
301.23642962061155,302.04042040613774,299.2509029636367,300.9478143089011,522510
305.6617067487781,306.5572271480158,303.5511997026388,305.33215883422616,524179
305.0097147586293,308.299519468876,302.8903949731494,304.63645809916903,990565
304.7565815813088,306.79584868311804,302.35554783883924,304.80711066544217,848276
301.8986334361516,304.0227781577155,299.6053830077126,302.09242353355086,215431
305.78864285371105,307.65355826977134,304.2151613278022,305.6866559669196,296940
308.47033536216713,308.79041028650204,307.00176765035343,307.7583033209819,583475
314.5291828697763,317.9306811791837,311.89227519761187,313.8223055400117,780111
310.95953042353716,313.11189510893803,307.3091725644817,311.1091107355243,277869
310.4423200754603,312.66803018531357,308.11775386864105,309.96630872403375,905017
310.594692971018,310.80776098103786,309.3174567335533,310.715613957104,415726
312.78332656953097,315.078821995422,310.69556123515633,312.7621397185013,1722
311.82395843064853,313.346605382437,309.70754412333247,312.11955024040657,967121
309.3252527112971,309.75690011133116,307.23608486358563,309.4376684078186,446768
313.0458986607812,313.71541274240656,309.3614340365777,312.20834976577055,227579
314.5575132649935,314.93665490105525,312.56260558813574,314.49938047783104,184535
311.74635539256656,312.1063125158491,308.86447839137907,311.6620305499399,413474
315.03229605931057,317.58390725017665,313.2395410345683,315.946783664548,388027
319.499944853277,320.9252208472356,316.4527157898313,319.69767396919565,567985
320.00480107284454,322.0809823600702,317.2462938986996,320.15931950358254,678993
319.914912026104,323.65971629682224,317.4306453330155,320.4463039568244,717839
322.27287725730366,323.7590350403716,319.8846525323634,322.2589135132308,175656
319.25160994287154,320.08015092133405,315.45106222200707,319.52587964049377,269834
319.70495814297715,321.0714172140063,317.02311233889344,319.6538161821624,926655
312.9544731672264,315.6396799144333,312.1112485563971,312.8784418224486,368147
315.06090482835515,317.1612373179991,313.2531793534832,315.66429988881066,370926
310.5567495321123,313.78457809128525,309.25059452171365,310.80458621716974,769661
315.5929686551533,317.59976904444636,312.01211775561995,315.5441386523381,844030
315.2806422779276,315.4429516541606,311.78209024960313,314.5356335341815,517672
314.0631274887595,315.73669035907307,310.4189481790329,313.9019581866702,23871
311.5558498974756,313.8066659627155,310.70841287147306,311.96885621941607,157435
311.3509291439171,313.9167931372344,308.51895113421597,311.1026662550187,354823
316.6564927665735,319.9683744350353,315.2927157357485,315.57876044279817,680390
308.41982883623456,310.80180962867223,307.78656536470027,307.85540275557946,166728
312.18448431769514,314.15793961448264,310.65514866122925,311.84299968637725,943243
313.3842953932406,315.58693722533206,309.94572292280026,312.9301772687643,959865
310.0971521612583,311.4913426253935,308.58140161988416,309.20666538633884,675276
306.58826539927276,306.77570319083566,304.41591119592823,305.930132104894,992584
311.48573994504926,313.0819449621403,308.467733863066,311.13306415700936,378504
308.8947532765536,310.7777358396605,305.91210058407654,308.2359653442277,962348
304.0725913641621,305.1550991357256,300.53058361953424,304.73181837498583,970809
307.32204308567884,311.0162112131056,305.78232400764483,308.24818415799393,607472
309.42165559984926,311.9020517007552,308.1876648238565,309.3244666871939,133137
306.5095386812843,306.7807124989487,305.9413731204139,306.46744187849833,155590
306.82862340154736,309.9571734870917,305.63321902965384,307.1627612293424,506030
304.5607546497922,305.8018570521734,303.54492290208174,304.058539536472,274790
306.30942263638394,308.27413717362055,306.19016540010495,307.45491577051257,607414
310.4342283211465,313.3266504753437,307.0535443968996,310.7666070402552,881749
312.15250017180387,313.96997534583744,310.5459385319372,312.45555427895465,842347
312.5926399602677,316.9739472912771,308.5994563485251,313.61899058855,545173
320.17756325496185,320.9592242243738,318.4309023314774,319.2232574526499,137934
318.38631858721396,319.3164257686319,317.2039673771892,319.25417996006956,662575
315.16347538653235,316.846968580799,314.3207619869569,315.5347588627561,501119
317.5635317824878,319.9032342938918,316.0122908739435,316.9878945989576,194351
324.12048466413427,324.8395689859807,321.2353584189784,323.70223202482003,404067
319.75582325603057,320.7896623169117,317.61378798156295,320.4660880758047,691884
319.77764066699353,321.59614646448944,316.90637302175884,319.34174607546765,599294
320.8923456626274,321.0877493243794,317.81151620607767,320.7064741458021,876626
322.06148171150926,323.9681108358696,317.8979307290109,320.56569935831703,901534
317.72040434789517,318.98433768893534,316.83708902317835,317.4639313228847,232265
320.98688473149383,323.1592581324799,319.8863669745863,321.07758389680157,25206
328.0836881853395,328.9255223601361,326.32370015927455,328.6466612023807,435226
328.8346084509258,332.2539800496049,323.51291355378464,329.3248040529065,350306
325.8544872983084,327.8462825664183,323.4701447049068,326.3935386927343,410137
322.2902917655327,324.6399710545863,319.69900814338797,321.4089249739078,120214
322.28296114130313,324.822430464979,320.009090350323,322.27137876272593,719674
326.24956031339906,326.747960394577,324.8413782873933,325.8811535438026,783104
328.4577948317143,330.96943687411164,325.5709287486392,327.46606542442606,683534
325.94618992898796,327.7283065400972,323.38295347391863,327.49094121248277,566571
326.43216397173654,326.7225537066698,323.9996891196575,325.59936300543495,250773
322.13052775805147,325.6391727280578,321.21541313246155,322.09484163899515,121647
325.10989808341225,327.81987118006884,323.27901744873213,324.82726693632213,766916
327.2986609963743,331.52054219574444,325.9759586796303,327.84183145517693,732510
322.3579527656855,324.10119165330553,322.05860545179894,322.845529838708,363252
328.37280940598686,330.1155778175778,326.9743118278275,328.0520755883948,139917
331.54744914074575,333.72971574968346,329.70264606521624,329.9737398324027,62987
335.32950234902006,336.99388126093476,334.2263887121107,334.65796875843023,870796
331.0652851847242,331.97955240721296,329.70863243210215,330.2294592846195,540561
325.65724291442405,326.53547016272125,323.0974617367517,325.78234416223984,79199
324.9393923385257,327.1652980802483,321.86303020449367,325.3299211246119,142420
326.4917965976556,327.59086175527835,326.3638898550874,327.00244685702444,395994
332.6378089572693,333.53413092727374,329.39773341498415,332.96296308961695,167378
333.97897274563127,337.4285366824241,333.43785417566284,335.35579772650095,959075
334.0913128882328,336.1537624438223,331.67227787029566,334.5763946886022,635078
330.821915634632,333.78023995592036,328.91119553140487,331.19308581643685,817146
335.20784557861083,336.57462611546345,332.8923790714847,335.32544969598445,339468
332.22683152712654,333.30863921706214,331.64018347078354,332.13931274531535,661696
337.8708839232901,339.98955742382816,337.4785712690648,337.6261381492043,180812
336.6909628572483,337.5642899064024,335.8185040600432,336.70101363330906,780968
341.73568744373284,343.1687148421831,339.5893802518867,342.13354981802803,781520
343.1460036454997,345.58207631923807,339.41576208526675,344.498752853518,256526
343.6656495368144,345.5653890389502,343.0089631762568,344.0615326599327,465872
341.6475863852037,345.845104903853,340.04065121955097,342.31335206020316,432513
341.50050993368734,341.7974902259742,340.2432880031077,341.1824823134844,486929
343.3044157402652,346.3551982396643,340.98552745027325,342.68122430357954,547303
343.62384569756375,346.10252829355477,342.7082611364406,342.9800234443948,336037
341.4997173624539,344.81258444973554,337.7461588905668,340.98350057498453,875292
340.36231734291454,345.35918680500845,338.63596283028386,340.45323588033074,894890
340.399214974314,343.9220315397358,337.76061148337567,340.7549328416341,887065
333.1127039457245,336.20568210716704,331.6791887575943,333.61118761957397,671568
334.16615355143955,335.53283953123355,332.30421843080757,335.1767106076619,962988
332.6006154920729,333.08000380666635,329.1582676653402,331.94213941340956,627794
328.053881475122,330.16400283789426,326.2839814225315,328.1685508113785,334468
321.9055291812077,322.74035044453245,320.13404475626743,322.7099419889134,244073
316.48018466673824,319.1744985145091,315.6515835667584,317.00418712017597,616953
312.2253039986285,313.20699168402217,311.1647591556632,312.76762645897116,181283
310.61566467267846,313.24244821278745,309.97970212283366,310.5889388143907,744795
317.4230888369348,318.7038589610382,315.8644146445431,316.74685466836235,725109
314.8977147373858,316.81229331204867,312.1411986012047,315.11702960378926,66653
314.2869267163519,316.5789598971761,311.01022529775196,315.70921790486557,302735
316.88786560654535,317.2283129414402,316.4891651065572,317.0078088936143,745639
317.3561429443533,320.21847039717414,315.3931316491324,317.45531211096363,853253
317.0985734806045,320.0987067188908,315.81529907312034,317.24128144517437,96772
313.1098152711487,314.7401760157647,310.23205248520105,313.5032374853216,715396
318.255253905701,320.47851786030583,316.39762330053,318.1169118079673,477141
323.9934185042506,325.23344685427804,322.3380780492592,323.9505656009266,663105
318.56122318586273,320.4456478669846,317.6801809391521,318.577043922011,334369
315.62316885333945,317.920090456298,315.2352905798872,315.36290529615945,563165
314.2427942455249,316.6094808239334,311.9542219690928,314.5131704134369,676955
311.22213866554887,314.3361706039579,309.33646373140937,311.5253061650069,827407
314.00115814192134,316.05995133195773,311.216564202718,313.1368232966045,438512
311.24350922381,312.82595023421595,309.9002129683126,310.8957068328615,730208
318.25743355462606,319.1217389826698,316.28222538008816,317.73193920350593,44629
322.35801062926316,323.5070505549796,319.1984549894782,321.569455062552,761171
322.6249911396432,325.02214456941465,319.72498895386843,322.28598226590384,867508
326.2500831074505,326.4114204431616,325.16849657774384,325.64543204240937,290253
328.25950600768215,332.0385858836665,327.24191605190487,329.2996616627189,775814
327.6142703988913,328.9760216608593,327.20863415745436,327.4805575512363,147253
324.7322546344992,325.6774472491032,322.91252222188933,324.85096717258057,226374
326.2283827710642,326.7842196510109,322.64914540867994,325.1374269938169,676214
328.59233484386283,330.9000727737712,326.6181527770979,327.9838293762137,101897
328.0589193774024,330.10102550217607,327.0709928707191,328.4730879345891,163545
323.6071422450358,326.76758527702407,322.07448978110546,323.3660443002721,203557
320.92004389275104,321.3086052325949,316.98871098297724,320.8124553721432,892209
320.8986120277181,321.94650937536034,317.85782914276643,320.60728809036385,507516
319.74396069264924,321.91017052714795,317.44404509539487,320.3968284844751,620110
327.04753003754996,327.94508901456544,324.8643471154175,326.8122144810417,95517
322.19902737541446,323.96376233419164,320.60034810106015,322.3461147774631,235712
324.19542298500556,326.1271421582669,323.2736067559655,324.0123885396174,210572
328.4297819716952,331.0288728500714,327.8337053255675,328.9062916484662,382095
336.1026328920266,339.6993173911921,334.9947485484372,336.4963761660329,757243
335.958734400457,336.3247892299612,334.4550380173033,335.1718567813883,993364
336.148286138812,338.8823420261663,335.0804905645457,336.85672787823364,378030
338.15280543014256,339.85185616523916,336.56541027849204,338.81536185252645,746464
339.47725636006965,341.64782717811727,337.80563801987,339.5122813006889,99705
338.6871078233667,341.34576633789806,337.6240177039731,339.2107748879575,195731
340.1238436202931,341.4217744886904,337.91792667082643,340.72694983306474,275615
332.31027372790476,333.07343855159047,330.76763717561903,332.24045275140963,643777
333.54072961300517,336.73400838088816,331.6581937506699,334.54776244251667,885752
334.3283108513614,336.70219296709524,333.4034822341176,335.0036529127497,742929
335.6659478553024,337.12311887456224,331.92628033518275,334.29260990846836,872366
341.5533321562322,343.93531159968705,340.0810833469959,341.23974984786435,408707
338.47212022431796,341.41725896398657,335.14640733418213,338.97825771316786,395260
337.93085023105345,339.08356941932897,336.18809267966174,337.64843090114186,88460
344.8655943837665,345.7083909204065,342.8502074937808,344.4747323553325,780414
342.33403900122215,342.74971573552887,339.3378672371869,341.65454658559395,432214
339.7277738080426,341.54736817284163,337.20171076233817,339.8141926550247,748311
340.0116264929089,340.26001150359326,336.7159460361184,339.3488796899972,353895
340.85284358061693,344.0614810775774,337.3329366724723,342.24815269563646,779095
342.2697745945057,345.9614666505442,339.87879549482454,342.99439012048936,845233
338.7341316755012,340.06861566876825,336.9980841506576,338.6231503748765,124885
337.0816555846011,338.224829982676,335.7105261792994,336.8595751609602,75803
334.2427010584433,338.5345492756201,332.7056809337151,334.85332772481604,663800
334.80193000284083,337.99229290123355,331.46538810120126,334.62831145557243,608013
335.6706177713404,336.9994794196264,335.3889561897744,336.0899506481276,505192
337.3452276192534,339.3606180757662,336.4873669195639,337.5321928400564,620082
332.30333936573504,334.2925186950911,330.18340613931366,331.62366088701975,442248
335.81365535188144,337.6978994816594,334.3652615281055,335.20429584465876,829254
335.4153991718416,339.59567918230755,334.1496474313807,336.0855943973855,840467
340.08461407864127,342.59845922573766,336.5413732805208,340.8052477715825,12351
342.0751642407549,344.31214052299214,340.6706990960224,342.35670017455726,928150
346.16409029500284,348.6287302752723,344.0057759902852,346.18260850361855,790060
347.3785806666494,350.817135562692,347.3697539679684,347.8362625694813,895121
353.319673846922,356.0793469694336,351.9890243706647,352.58584226254465,980609
354.71376254560215,357.05992959569363,351.70333026711353,354.4674857380794,651032
354.44362666948325,354.5584311670922,350.61298496365407,354.1559917198628,404561
361.4145099118486,363.6133832296464,359.36737435476437,362.3323258311427,58670
366.4580485172566,369.1911892493612,364.1121352073332,365.60451500406094,221378
365.67074652908025,369.85992555873173,363.29809741453624,367.7449522266925,712441
363.7232623706751,366.44332528802425,362.10360763825867,363.1175420394748,314189
359.1752362728739,363.004582402499,356.4663745178359,358.5053248069048,883270
359.28124399381664,360.12050086471385,358.6123815271328,359.5922201997172,148777
361.06877948318925,364.10671489453983,357.4931556532558,360.1518974232072,656093
357.9375217887288,359.41781773008285,357.37309128302917,357.9826974531474,412963
358.5683641017598,361.3673664859493,357.40684248250477,358.5235976239943,332883
364.5484912181302,366.3261527948157,362.52438687095804,364.3011097900162,248588
369.21816496491005,373.4202419279009,365.8840417519005,366.8799838604791,195478
363.729314421538,365.6899102900707,361.34877281416846,362.75391708869006,744148
362.8940367600594,364.01119056642335,359.5906845818626,362.3858766703968,512484
358.8601145582164,361.7668887750682,357.092185913153,359.5164510172073,413188
358.263975422822,360.40346638522504,357.3702068303636,358.16111883772714,176073
356.138325142555,359.7199706975298,353.35289600342634,356.7184378556343,368166
355.6379420891972,357.8941655253727,353.01154817347157,355.0541543458761,674294
350.7591712113737,355.1174219320194,348.5996638764762,350.66065872689256,722133
349.4606089670506,351.88251697892827,348.6489982613734,350.24833265368596,108528
348.3816535364899,350.0194445156831,347.404577425382,348.32513807304923,11575
337.72825130751687,339.3815977410772,336.957688401669,338.3029722168327,356649
345.4590003058706,347.275080002977,344.67199712455266,345.35455388455034,945128
348.5702004494263,351.1580161964765,347.4686805770777,349.170128723704,590944
347.91258120530205,349.9456541553457,347.03261662188874,347.8934556697859,995312
348.51604731871146,350.3288755045801,346.1361059341204,347.9937297061378,382240
343.93813752998744,345.0652186915063,341.30954477198674,343.9746346090629,83103
349.61867639965965,350.7162117008563,346.74184461619086,349.8922139220538,143995
356.7747048096988,358.15702084895565,353.95084366487714,356.6297161276764,907477
357.7227929457825,360.7364690307277,356.40052921113454,357.2246912528633,46944
360.1366186208138,364.20969522912674,358.2722985300889,360.93586291866154,740073
361.7937585714193,363.5191914975299,358.09930649710276,361.60524930380984,505576
357.7797260974214,358.5579868403864,356.7517150201121,356.8394250806645,376803
355.8162028773612,357.50863523435766,352.19387863613076,355.4084378270277,503230
355.95433085393046,359.9677146193457,355.19723286319356,355.91321992532175,530205
354.7878896202677,357.62509413864063,352.250581255718,354.33452744601647,518138
353.91596946848836,356.270299216635,351.39011032731787,353.59596762400423,997369
353.840766175565,356.6318815123495,351.3404243546152,353.30825918357294,641279
351.62879811920595,356.4549457328273,347.51986839232086,353.057928322486,652390
352.18020215112693,353.82234820021796,350.73714225893576,353.27780529818205,123163
350.28822732984736,351.62768761455095,349.5571756185604,349.58567956770435,73917
346.07773585250186,348.30778909864927,343.9772719909965,347.12276920461227,442619
343.0017096090992,345.3208618829391,341.18767301195,342.72647376769606,571364
345.88504661881416,348.02565636575537,343.5799290604129,346.1287556375443,213874
338.2752782213128,341.41440556749484,335.68872879011866,338.95059609855633,993584
343.15742987312296,344.3513905418417,341.2376979507874,342.9176277425994,989878
347.8793576130473,351.05057579531103,345.5456781312492,347.7395430156208,626339
348.18841555611596,349.8569340519411,344.8413407678124,346.7249984505594,218103
337.42733362647175,340.24272118455804,333.9263015511008,337.8495179550024,618100
337.63436781108294,340.53337060276164,335.3556410166202,336.6646993299328,630172
336.71949796502054,339.5295477538918,335.4934790923,336.48232979840776,410605
332.69186635134105,335.1585539889149,330.1493709958562,333.1322818067861,384256
331.98330666090214,334.4592516800564,330.7201528691173,331.4534806204668,230182
336.97888047849307,340.42448346304195,334.51903877979095,336.5980275490775,316054
338.90179578312683,341.11848590357386,337.3555251432632,338.8775028106188,93174
335.9712198983144,336.91565542242085,334.21548623671157,335.79237999527265,295197
330.1088251173868,332.7340556503416,326.0445536941444,330.5034376493721,753081
328.9132202773339,331.06778254712447,326.0509318398254,329.4573435425699,416146
329.2871121927442,329.9601761707003,326.1361346384707,328.7877216686038,205256
330.308257579534,332.56655367922883,328.13096070029985,330.4562619496574,789095
328.6722210542915,330.48353386877545,327.7107043955725,328.7248716009252,573941
330.62857875950675,333.4287559460316,328.5322150928433,330.4436482214768,514784
337.112976669327,338.03994263570365,334.65991046430753,336.9342072330512,34153
338.75595252209325,339.89115881308385,336.85995026270814,339.7271144372388,498171
340.47135869855083,342.3460084962134,337.8032223877794,339.5977420899138,87777
339.09239976132966,341.17460754823065,337.71940274412657,339.0102357815529,175953
337.70008562473834,339.62129896265276,335.7345441683781,337.8370131707806,598263
342.1780787754341,343.91022734210355,340.7131155979276,341.88348051181,770218
339.94023298224016,340.55002427772945,337.36356486333034,339.77948861107734,814293
340.488728140057,342.04927262290096,339.61112361951837,339.9671758675387,593797
340.54130982708625,341.8880766436292,337.08778288988424,340.1752923212103,925118
338.9924620563791,341.77834489796743,338.1459607010269,338.5064708691706,81998
334.82797651606296,336.88314263088205,333.3252364278118,333.9257133087712,848666
335.63155217522433,337.02979611968567,332.9533098830001,335.0394540023637,288986
334.76113054841835,338.2747820340625,332.5450702829965,334.8686141447999,106464
335.82572006003727,337.99299576974516,332.0527738660044,336.58161583109916,181438
335.94071637950725,338.18256977623264,332.85215042955986,334.82387923209956,479962
338.8092664239624,340.4955367675506,337.15633944061074,338.9704288115664,687978
335.72704788891957,339.3696657934581,333.8557395226115,336.045018668029,498740
340.6944511363091,343.68045946431715,337.36536781601467,341.8819622811162,769383
336.2200613406701,338.0185840439005,331.8689078936177,335.99261241489813,389018
337.5908307961326,339.1371280982478,335.98998848477623,337.49033521637745,851040
338.1049499227033,341.0281934561917,335.8638830513219,339.13259965692197,979471
336.7839904921611,339.6798658647604,334.8716525438232,336.4789561390773,850436
337.607057854145,340.49104147070364,336.01449751125045,337.94377957541656,736126
344.171796751043,345.92164482390024,338.6884319366144,342.3298465040576,93903
334.47668500713246,338.2413922219291,333.73320861670817,334.85799530190496,943224
336.28641745125515,339.14375538194935,335.61288834333396,336.57937164784806,459488
327.7496984242981,329.5341429941458,325.7988230533446,328.32411869005676,522308
326.0325202732207,326.3125675167182,322.40367195017825,325.20138584206495,355788
330.3294445096804,331.8172047406234,328.45988229593485,330.57590590158713,788268
328.21458011821926,330.7421736720772,326.0790156345473,328.6911258168628,628192
325.3470940817208,327.5567217676378,322.52996326408623,324.88773206203484,160316
323.38248343652083,327.2213216354772,321.6579709242588,324.277718838697,551209
331.5003313428011,332.06930593924943,328.878410475938,331.0864001419045,117469
326.26796235895006,327.46945522284716,322.9578144051295,325.109661840018,144254
322.1064308133039,322.57898413587026,321.46004200331123,321.7418279335882,628150
327.0453177456527,327.3670002937351,324.88388648526484,326.628606069944,707710
333.3654700415047,334.40441811767545,332.6926518747381,332.78638165868506,995438
333.6124728809088,335.6474544975354,330.85129575384553,332.47560047397064,36754
329.2090019290453,331.6168969147022,327.2602094583692,328.4143089514768,362661
335.69846666994863,336.42187594493925,332.6860823638926,335.4035331134419,651273
341.4444352987866,342.32268919739226,338.8742419662272,340.82829177472934,627021
342.5764469907861,343.30102599260437,340.3772505839691,343.18452530447894,352336
340.97038869205153,342.8945039028314,338.9351474604431,340.44182308149055,656728
339.6245773608498,341.2630613704112,336.85441462418646,340.3089768082036,885274
339.54824572285,343.19194338685935,339.47761154590523,339.797672450026,959635
338.85580580803867,343.0818252250118,338.0718653940484,340.95785337228557,733229
346.2535894453351,347.80676628036065,342.91084695517674,345.9758195345648,304823
348.61720394806326,350.14067306075174,347.32974161333783,349.0667125204663,978334
346.1281635356966,346.30676197815313,344.86421723001655,345.3606718196721,647465
350.4557120141829,350.76985514165324,346.9054542657549,350.1824348173239,320071
352.10564232299146,353.2089925133313,348.4242038755533,351.3158169877521,73249
353.0065794849201,354.8003813696193,350.4886159524573,353.7732744805694,776287
359.7812714648691,360.5017278741004,357.13877273802075,359.0356362817537,79506
356.59786372207736,358.7842665633682,351.55755845712076,355.10227496481235,457252
355.5531481501553,357.87946014201134,351.8950581163563,355.01057958824333,69863
353.7224249345272,355.00435136801855,349.75841616854524,353.16417901694393,805261
347.8229509801752,351.58133685270815,345.2409989942711,347.7050110562832,959619
348.5813605460925,349.0313373328951,346.7100407086665,348.94752429019377,635040
358.40310454763795,360.2576584362689,356.49754838246287,357.85830652077493,589328
350.31040302817263,352.89522120879974,349.8924026810306,351.36878407004593,726704
350.99699886052724,352.46659023317534,348.7133643532653,351.2905056786938,278464
352.3308187617741,354.61112136768196,349.950446380855,353.5832508048349,557593
353.5558414102836,355.8169842758429,352.1590639025685,354.0541062698664,299585
354.14333416115176,355.674443301816,351.26956255697735,353.6891653757808,868564
349.5115387382265,350.84820032795807,347.7607690213607,349.15861383685956,369060
350.04299489692863,350.4293867397239,347.3464995737879,350.007354561158,920030
347.5217564216773,347.57237802074917,346.5856849766696,347.40336066568153,267174
338.6301301827926,341.31753705220706,338.0088572012507,339.91218691576313,553312
343.7751570248802,345.33665968260954,342.3043962089351,344.0315033478312,696120
346.9058641738618,348.9107956300761,344.3088033114683,347.37923897890283,133889
347.13533273040895,349.2182012815219,346.6064222002696,347.59350246272487,992734
348.84332167406234,350.04072392485796,345.58616399041045,348.42550470205316,582620
351.61791959058155,353.7607779015578,351.5925202602988,352.22410243201057,568146
352.6235053433183,353.9117077028629,351.1214130033449,353.05047106127677,460208
354.8049937775992,359.70257787225916,354.53506820816295,356.292206792163,978302
355.0604150790116,356.1933784061057,354.0557012997226,355.26940101124313,333467
359.2139492300151,361.3965160384787,357.0229756838777,359.99718614232887,251874
361.2471917594352,362.26902771574936,359.57669803646183,361.18997715142774,589887
361.23927999772144,362.9332724823976,360.94714463547666,361.9277447785179,120912
357.4705723326464,359.28435109909736,356.1627741130759,357.39584640398033,453168
358.35500391326843,360.14108508452676,356.0882380509264,358.4587316618389,651697
356.71334171869603,358.0052214735752,354.1394747135867,355.5244382943648,141229
353.6490739384065,355.11656624240766,351.7418340176016,353.29774195889553,310123
349.1743423840041,351.4593085352948,347.84586310481745,350.4637953256902,369896
345.90427484241457,348.93339598266317,344.7790158577369,346.78155508314507,247917
354.30324878239503,358.2592494230287,353.1255316151216,354.26413234758644,444319
358.38030779726404,359.90093797522627,357.26004396151734,359.0480279415758,164301
363.87318271151184,368.30916115441903,362.87596228401395,366.04630329291024,24836
362.6094441236378,364.47138809321365,360.92885836802196,361.6333621818541,699091
362.44865975990814,364.98793493783995,360.5299704360176,361.927322260176,161130
357.6839443538428,360.2200590391367,356.2110449540345,357.3116421494643,966503
354.4389139470801,356.8629895119674,353.80627447338037,354.86995535114005,321108
351.9626695325242,353.68043681137146,349.09543048289373,351.661874302746,48447
355.58213232074354,357.40007165791184,352.48931167733167,356.0837548587878,267665
354.8564365323536,355.8163654000374,352.93766004801523,354.71110621320145,45168
357.8967735247393,360.24554715940394,356.0359182533946,358.556936527288,624440
361.8597345086335,362.27451026070804,359.7114163422838,360.7656848261159,974546
368.0503125347233,370.39808274135106,365.03189729899583,369.2098060758167,619042
364.720809703993,367.7554914029373,360.10784304064657,363.82414049376075,947469
368.50002571235746,370.4514311089218,366.81005024075773,368.47134697722095,20497
372.3923296144626,375.6192618731322,371.11291602882267,372.75723434143276,510687
369.30672180823865,372.78150351530184,366.9592943174635,369.1834123912168,775013
373.50467750414754,375.1738369021477,370.9486162156208,372.95766198778637,6987
375.2738853691158,377.38366670996714,372.9411695550241,374.250873050223,759956
373.6717295494806,375.2017143652515,371.0427743039612,373.4378506344802,951560
369.7507972927737,371.35970366433185,366.8613897363537,370.41064391372055,576379
367.8342386247652,368.6218067555737,366.8214075310855,367.7933178491809,47241
376.8119535344471,379.6491407191835,370.70729040126724,375.44773173497447,486954
376.49991575169724,378.6180597910348,375.33720649619255,375.48784227886597,217403
379.1618923708424,383.15818637850083,377.54866403734695,378.47400566330987,116010
376.12762297513524,379.1051079290987,373.3887781345482,375.5300142591106,290093
373.1713854852289,374.21863911948475,368.27494241034634,372.6500852134946,782020
377.61476905671265,380.454819756941,375.4938123330275,376.7416666016407,163982
371.3890929628864,373.2470038967712,370.71956716716227,371.7285769002626,270994
369.22195489775703,373.4279927733235,366.76746908613904,370.22532926753183,233158
370.4394819706294,371.75120757183055,368.81265338322476,370.3883657828868,210062
370.2318077555033,371.5215404380193,367.64175226103794,370.83818870502176,603196
369.43049412910227,371.1789209569103,367.6617871390301,370.2116560912199,652378
371.1816211251951,372.74527232215695,370.28020641961535,371.71710085378777,342888
376.199638524219,377.1323294864834,369.8294170587372,374.3389389691884,558920
377.23948655280685,378.4776526299154,375.6798670386893,377.13681133192864,131097
373.7449198190376,376.5741971212858,369.567781310294,373.47459305522074,791985
371.5415524953881,376.32117743991495,368.6436080025595,372.45209567367266,107359
375.57633309600135,377.34692066268457,374.53852850684365,376.9663989227598,721701
379.7689643918806,383.7359382020453,375.73685843756346,380.392086679914,301249
376.3223897576736,377.66468989448714,374.910675304003,375.2430439792112,898282
376.85370429414223,379.13127527724134,373.5799474994209,376.6019267249796,920501
369.70409925646254,369.7179860479296,368.8012072612043,369.26202238834554,565871
370.0180806379314,372.44987833503615,368.8950704414508,369.47232122017465,118551
376.14326708919754,376.9712484511168,375.5583964604507,376.5886580279253,827737
374.108797389851,376.3316789938816,372.04795566824856,373.07317194392715,360519
369.5421934808329,372.14609909901486,367.6816433810888,370.0104843734397,410256
373.9343160053826,376.01826051265573,371.94514454933216,372.88558844383783,590731
367.538412619507,368.56578155205983,366.8062485474876,367.2135739085032,711106
363.62807262465634,367.36013068755545,361.30436113219594,364.93383885671057,899872
366.60440310849026,369.4202013643369,364.7175442213035,367.15367196783455,54472
363.5661867938489,366.4632512851536,361.3023393978613,364.86872328109746,497980
364.8921347878331,367.45205414030124,362.0371768765973,364.0451603267564,832321
366.7829703952517,368.52991881389005,363.899063789728,366.8011163551794,25438
366.7456658412398,370.8137745062233,364.99498598964163,368.3874526313266,736053
369.68623790196426,371.3950615265522,366.4394848920367,369.40862962064364,721298
367.7992598702071,370.2751618337599,366.8161655300223,368.1948220702322,265675
368.50003007112304,372.082081627228,367.4520200899602,369.59685001122006,45315
370.4156684600599,371.82556764652406,365.80684767368695,369.1767365565689,333123
370.98739824930067,371.46912176554946,367.5447885709004,370.90781191761357,15676
368.8895183728821,371.2573710609342,366.41012839285577,369.1061330333189,785239
368.1753677749914,371.62683237087055,367.3165338345429,368.4697196491331,284322
363.7721864061368,367.0283486779688,363.0115014070997,364.87650665874617,752592
363.83351072515194,366.9573584208207,360.5647606498458,364.78527117333925,493917
362.8049677195967,364.5730874553265,358.6839972300811,361.87500917297035,779652
357.5625078634574,360.4848189210664,355.8428961078708,357.9017148469232,145365
358.8803891369103,360.4746053591011,354.54896930826703,358.8645505057555,967437
358.1942281565357,360.9733451477813,355.9101309445378,359.6647754799952,969097
361.57210809034933,365.5425411132544,360.9652447851318,362.52779809720215,462632
361.44460088816106,362.6765432604683,359.4978014817337,361.0043109910189,188283
362.79051240478555,365.57253982810664,360.6981259733062,362.51665879425803,300289
365.8337591855071,368.87669356382827,362.63808652132957,364.5553545510432,198874
367.20065935730105,369.66106930765176,363.01262982376505,366.2170323924957,982530
363.07451078568664,363.69700439338715,362.3007506191644,363.2421186705785,194174
364.1655967715611,366.0160914065858,363.45564641357504,363.82145546300035,447662
364.9539699279907,366.7898315220381,362.4697388204677,365.1852077161111,265981
366.7489764574742,368.0369996821079,363.97723174526965,365.2479463247826,895382
358.56395647441855,360.51033297864643,353.35217717063335,357.74185517643696,98764
358.4739022158324,361.09349292990146,355.5465111482653,358.35228813468996,775370
366.55279664573845,367.88130934902586,365.1514403906802,366.40594496470123,862166
366.18072611824346,367.82335865250576,361.9714623566907,365.12562239742977,157867
362.93333916400115,364.48554088844827,359.9062138445526,362.51313000512346,792260
365.0398725228055,368.1396498997149,361.3941409159342,363.90548595086847,839500
363.4788146717917,366.62434633582234,361.79471983649654,365.08053097115646,410827
369.83884067915676,370.31844141036936,367.1844376295288,369.4979948435788,949290
364.5396157391797,365.0178616873771,364.0624794228824,364.9157963874418,820137
368.92266248907964,371.1687332739081,364.34049752769084,367.63126357127874,227628
370.98909913589176,371.997430731343,367.88203496818716,369.845242740218,609593
369.381084103238,371.969032071926,367.99994725402223,369.35682784265936,382537
371.7853302018336,372.15947266384757,370.56807723727377,370.64697624398775,798681
375.85541055127476,377.12702844313367,373.20992426254065,374.5197872100772,346981
377.89508114222457,378.27611027787145,376.03367256631446,377.8388536789713,17497
375.42896742927553,377.79560862293863,373.05541889620525,373.5820273688224,986191
376.6726455977363,379.31299439780906,375.42079977631806,376.6962577875872,148883
376.32877406501365,378.7552229674129,374.2133558243379,376.49030418070384,71134
377.45497226847255,378.11257093870483,372.55990737413305,376.80244644908896,744400
376.8492248522854,378.15792704886945,375.3621177037742,377.11606518914294,20762
376.65183282789224,378.799856371835,373.6208029437887,376.5875570325236,518312
382.2147233366288,382.2388885660557,377.5144917759356,381.1403387090868,195773
380.8741127279167,382.50295711758196,380.592828400926,380.8594733640485,281472
375.380138322642,380.2543632614974,374.0181936598691,376.65701902082066,411556
375.49084121160115,377.1655804360319,374.7758754363815,375.21519358116524,861304
375.4003664800872,376.12475420599657,374.4313947343112,375.923873238384,452168
381.27002555729507,382.48161486692595,376.76488971082756,380.6113614908219,285211
383.48525200683883,384.67709465051934,380.7803017340313,382.95203746656097,388129
380.8641992364163,385.2140212012518,376.94928760673037,379.74668044078504,762552
390.04796491919836,393.94728895048314,387.44585411060405,389.34128533425246,15008
391.2638603467871,394.0781455073536,389.87835225927824,390.41257020092746,276109
394.93408199922857,397.0335830440959,392.15597858812146,395.4632884092847,900652
395.5382505379178,398.9406266575509,391.44480220225176,394.9032567666706,914530
398.6180064646491,399.25564423179304,394.69152113292125,397.05484024021393,232658
399.89053359861845,403.73759080847486,397.3042923245646,400.44206237796027,454098
406.84979118977486,410.01667766551066,404.8653748561922,405.3905972279005,965682
409.2906006540365,411.6034492821875,406.3762097277899,409.7407829269762,875443
412.6671340374895,416.85107421827695,408.93743136725647,413.3714952925146,727635
412.3564112201933,413.86494977639165,409.5515102436634,412.1122755427378,158601
410.39050680095096,410.8849219757054,409.64377448418395,409.8037412670676,879370
411.96000939003255,415.22845686479843,407.136354266636,411.21016754755226,242595
414.30828393271105,417.0761310962869,413.41108761103004,415.1067520822349,298254
414.58466706471313,417.4060574332304,411.67165662841853,414.22467260567475,484827
418.1282416848933,423.0830682829841,414.8422016018464,418.70232827537325,380565
423.6061423923366,426.0751047323807,420.1161128223946,424.87134319002104,907357
420.2559759290067,422.9621281043787,420.0878019121651,421.0380425697174,720503
416.94363941889634,421.6249015704499,414.7123022537526,417.5707474730763,939327
417.46173230786286,420.3865506898385,414.87772850547793,417.0266940971051,834694
419.3173942170902,420.5336879577218,414.4554960258477,418.35332937290275,358133
414.9798348947442,417.094728240268,412.33385266059486,416.206150214526,891608
422.21150797838834,423.65368034810353,417.97199486969015,421.9145130079438,312342
422.7526331401791,424.92992456609886,419.9541152133877,423.7498845809933,564103
424.49288163394885,426.9176038036961,421.93400125594724,423.9594682030292,204114
417.4365364234164,420.1452179439478,415.1065817248595,417.9570857410928,663860
411.66739584415467,414.94307545284994,407.7274133393946,412.5348154890918,104013
414.39878018323014,415.42547868615986,413.2781594360133,413.73707846257,816888
404.57219692410047,406.9868251555726,401.4497639200617,405.04766018018523,24531
408.9524892462557,409.6886711218357,407.6777221657259,409.21108114652844,817251
406.7910696042031,410.826045452618,405.78525315958416,408.6052680766997,549535
422.9152557889868,426.52116741101065,418.70955144725906,422.11614656257154,264331
432.7240116211383,433.0380663829447,430.99916896099836,432.01472248721774,761692
431.27937951274663,434.06125429236806,428.6304301690622,431.2746718527437,824465
429.54304962616084,432.22390797868303,428.0253985467192,430.8593948260415,738873
436.2665631205639,439.498209196833,434.3126492571871,435.21389458038675,163962
442.1441378455236,445.15847924806616,439.29975919582114,442.7340928774794,76398
435.1896613778686,438.29138064112476,432.8487919349706,435.5846089484236,691998
429.8940283639056,432.12710072663583,427.6028287279158,427.9153102644612,919015
424.7057986330348,429.12567521661117,423.47235472733746,425.3043178688139,981125
428.46782590975715,431.0567276755348,427.6526349959507,427.83274246234157,301363
430.490225911461,431.7316429990056,426.91288988329217,430.0068189003677,71858
435.0142638865696,437.3181625734623,430.691714181912,434.67506763790846,321631
429.77664685995785,431.44992072104924,426.2920607694833,429.534388998471,904196
420.05802690646055,422.3629691939001,416.39780584324063,419.7420546898024,626602
423.631613881744,425.21628878902686,421.94207744797654,423.40133386387214,666761
419.9076072000503,421.1982871541555,417.1190914666819,419.9512135555979,660105
412.84477512769604,415.1558044789185,409.5538793292839,411.6006847901046,995270
411.1571624630813,414.3696164979279,408.872796478971,412.2394233283007,811837
416.41272437033206,419.82392224831955,412.2923221525711,415.56376242460465,328169
415.7810602703171,417.3423731854949,411.55903394664944,415.0983544004389,705410
413.8207174819947,414.2107689757771,411.6604750728411,413.24349968784054,919062
413.54852183610393,415.16482975275295,412.3060926731288,412.62673069713776,515147
411.0654061791674,411.1911770571246,409.24118571179156,411.1415490967995,674503
404.16052333881476,408.21119283702285,402.40558553936074,405.6769226419729,7200
402.77000153676056,402.8369834565279,400.41226906336476,402.8282445871792,758369
404.17126932200057,405.79816169082073,401.1403939222735,404.97408526520593,73162
405.72479006561144,407.90945438184326,405.4230339179112,406.319527442219,235640
406.0322255990743,410.964247961687,404.81930203820355,407.04366371088076,57161
402.66857578016726,403.7713375984567,401.8196153544778,403.05336668469806,4225
401.8825915816712,404.38949729127006,398.3650413109842,402.36270983419615,67940
391.86477295498435,396.3908076389103,390.1504087286513,393.73704760560764,429681
395.03229671079924,398.76621374074324,393.1144172932735,394.4798498419619,711694
401.97401671611607,404.9218466412871,397.5496205277832,400.1968849338678,877296
394.8583357724259,398.12844228652244,393.10986894866505,394.380159929773,256768
391.95620436908706,395.0926444587453,390.01429040836024,392.1153435629542,14459
393.40421071582693,393.9873483392719,389.29619991626066,393.4472903578983,334326
398.1119344302726,400.86960814065725,393.9879442692315,398.447415892747,700623
396.77658147757893,399.77065075927607,395.2064502178842,396.70514155903066,609368
393.97866813407757,394.8472644335745,392.22431477320725,394.0078310918349,258882
385.7147244385187,387.6244541749736,384.502456039063,386.3646271649958,558706
388.10505375117845,389.11041005331583,386.50238413255875,386.8031606554278,653943
393.64833293147234,397.71191777358075,390.4564086419189,394.82265730580536,760189
396.52770476244956,398.4279276353793,391.1027955933195,395.9588453056699,123813
395.83009823483087,397.50870121518847,394.37753964705917,395.91022858635824,843903
398.73728591714695,399.19782359470906,396.21438401603297,397.2271618629921,587993
397.4936225479162,399.400724303133,395.56185295463945,397.22282415038364,719295
393.7622021114279,395.34510238322224,391.69292734364916,394.0458406713512,842635
397.1462145169968,399.61984717670833,396.513397898628,397.34306399139416,759161
398.31273935770963,398.9385278668327,396.83735616182156,398.280951205204,539259
397.4803897841789,400.5955281653094,394.28278256699946,398.3909447133574,20719
393.95836046509004,396.0167536494234,391.8380206650354,394.56351794035356,987894
398.3531566753903,400.2808962803897,394.84320403850893,399.7803276450535,395828
401.7438044730749,402.89656752698284,399.2954557758353,402.48677646623366,349131
400.3826960199846,400.9708337114035,399.6136808057511,400.30751307971354,791908
404.6212534715327,406.3938194028796,403.0553753616804,404.3784848083189,961589
400.818641322924,404.5697801655217,398.515843558903,402.41165198770767,786710
399.2073989087044,401.63680121358357,398.5557997488586,399.316980834694,830422
396.78108047319125,399.13107941255413,395.8418229569807,396.3344828901627,520383
389.28897941243434,390.47679693401705,388.73486612539625,389.41586059640485,841310
390.79958780616573,394.49450828619285,388.24086144069616,391.2955852042566,756940
383.9172888462562,385.64543734555446,382.41952002338905,384.2340215148043,505983
379.170225365971,381.99126040180545,375.9293342599103,379.5807520879387,37654
371.34710081152014,373.4965937726022,370.4890146384093,371.82059988842985,219641
371.6670286946998,373.9441819194784,370.65650223071606,371.5378646519083,275335
372.7292692180822,374.3532565337713,369.3072836006711,371.01688661501714,795082
369.2936432763345,372.1297177461202,365.62188026093565,369.8437488068456,399803
365.81156503690465,367.86658214574885,363.94456953417097,366.0444737419996,725649
361.7773980670547,364.507260978224,361.45768804693745,361.81480822709625,469063
363.03547088544104,364.46003955803434,362.9893035878702,363.5352259846931,110028
362.36962109309053,362.4818375459129,358.468158068432,361.5754309252575,83596
361.03727771421217,363.51189925384455,360.1066356473043,362.7573900946808,692182
359.2142813206728,362.5473331802,355.7567052123663,359.5962150559506,999944
360.8735767896334,362.51061609110974,357.77552851934735,360.2839262180344,573800
364.8319451276956,366.9727158265226,363.85007515501417,365.0466614185345,444631
366.62657233822824,367.90481286612385,363.50972933449816,367.2294448084998,810819
366.0770498423428,367.97942823448204,364.9396180225926,365.75463219312996,364792
367.3980039933142,368.1076560416065,366.4919253173228,366.73323162595517,110613
366.0424187374099,366.91091154248124,365.010235197553,365.8882806556202,380470
365.3672888818636,367.34160535667144,362.6978387586874,365.95370800506896,655797
365.1333848123559,367.4466113413975,361.7311427768471,364.8005383794818,307164
363.9450737283101,366.6621582505465,362.55774487381717,364.23795695976844,605510
365.5918618970891,368.0549035136518,364.82697442304413,365.04780422714066,800393
362.54799112220485,362.6334609608886,361.3564883819927,361.47566713233783,142570
355.99303330681187,359.64002028073537,355.3532912971462,357.85788568436993,523295
353.03691444553516,354.5936852639337,352.5638991071377,352.9585100258322,574067
346.18395521380796,347.5300635339234,344.1773722254792,347.38990811956046,82433
344.89729184452653,346.6383165773171,339.50943215482977,343.2211448968208,979583
343.4813836645337,345.26399241236845,340.94397343000867,343.80326915471505,596771
341.290274510509,343.52046209423037,340.2311069937573,340.78157401420634,116769
342.5464383937039,344.36698719653185,341.5472740380433,342.5706354317697,123302
342.1733733834035,343.87266935054544,340.97503844459015,342.72384585550606,475337
335.4571263986437,338.69065436452576,333.3881467686111,336.0768878356733,892143
339.39209542104857,339.95674222068584,335.0328115291259,338.3191641162486,244450
341.7596662397165,343.40257488438624,339.88027472054375,341.10751093508543,59571
339.0808975788124,339.17914721694785,334.51984822797476,337.7679368044136,286209
339.261738054131,340.02962992050965,335.38690325375677,339.2241158369529,445269
336.55840116282985,338.77108455102353,335.03597458162716,336.36470916350413,749473
336.5471280896749,337.1235343520645,335.2436588044281,336.72706935539406,542093
332.33829322478925,332.7715824392493,331.036144633853,332.52921966675336,20504
325.9717504217831,330.61988657973825,324.28078175961866,326.6524201979157,92946
325.4915511483742,325.7916975986988,324.1593808190886,325.43687112102083,85410
324.55384959002157,328.30188987410537,322.07019074562754,325.0669655814118,424122
324.0953749546316,325.54842205411285,323.69471807558944,323.8091866173417,906236
320.1386134941965,321.23525235989086,318.9429328400112,320.0297968225205,902516
318.9678501690623,321.10504932944065,316.8757036048087,318.78443305467596,302410
320.7470235179629,323.6368843497006,317.24321015374665,319.67602575447785,474474
319.54039392535003,320.0635951751264,315.8382451936423,319.5645005609081,485440
320.6648360914881,321.7773027763785,319.8175179973306,320.1802579974736,298887
319.3787223295884,321.7870324627655,317.105484332939,318.0736600817204,690940
322.69577172264104,324.58805422195536,321.2756027536876,321.8546900589138,909813
318.8568069885401,321.505153026609,317.5917165292141,318.1231071334908,839110
319.51380325584694,321.8025144889526,319.41578412422956,319.7099057768208,471151
323.69189816727305,327.0662800436088,322.431569564698,323.54329922358863,541678
324.27826754320637,326.93537840196694,322.8790382017353,325.1355043974952,923339
324.83394752716765,326.6742726375571,322.4305632651543,324.51014196100095,664650
323.0097760133299,324.93658233833713,321.50759677125416,322.83256664616744,199098
326.2426615247851,327.7344170057344,324.136347707455,326.2274037874512,208546
322.31110018594717,324.742699402497,319.931977654044,321.65030515176994,496745
317.8073025133012,320.3962724237528,317.2034589826663,318.57684068768134,702764
318.3821905101472,320.72692889618173,317.32589428135844,317.344560843067,422905
321.908250578266,324.4299187178121,319.1594197817676,321.3287247838042,300726
322.5380333989646,324.61115951320426,319.3321637276535,322.58360412642446,856183
319.4128220751225,321.5863088648429,315.38625451986195,319.50786262054646,937203
318.85599239333965,319.4838232341004,316.0630794986034,318.5497951849776,945491
317.59362603344357,318.6572277889421,313.6628960758962,316.6305301696086,64803
314.48641480234596,316.85454479166174,312.4151267280152,314.42251929256577,237003
317.63870851628434,320.5835031688548,315.6717923741368,317.5472352868456,387517
313.26371784805326,313.52099841881545,311.5817907032124,313.2523665360646,780227
319.4991678081644,320.55236823827795,316.8737369688352,318.36450137201814,236829
320.80748740189694,322.67231456649944,318.619185851664,321.0443430688001,358415
324.5789661722658,325.364880488072,323.46299592878944,324.598122394482,843410
324.0769773336285,324.89768318004485,321.6584875606995,323.1312138549087,431581
322.77421268052825,324.84795940898124,322.20625741477403,322.67933796360086,934525
318.84308527298634,321.9499330783128,316.07579502692954,318.11964375401624,38323
315.90979158740026,316.83330925028827,315.23920754247,316.48660745470096,697084
317.95402768145016,319.51237408721613,316.33206947613115,318.08462847239093,12226
323.22302827366815,325.2883720400759,320.17105676200475,322.2662622554025,908670
318.31865537114993,321.0896500008357,316.1675615764128,318.7498216987648,892738
317.5225482288245,319.5108347164882,315.20002141695807,317.6186590250714,651024
317.33300906099686,320.5965276203187,315.78728147762183,317.17018325755413,913783
312.18636244860755,314.39634011404263,310.1702031867475,312.80518777809226,75335
314.43146121160896,317.5039866729894,313.31833478317947,314.6919066020096,830987
312.523426321484,313.48002833609155,312.16788772608874,312.4530389744112,612961
311.903435468546,313.5172078866077,309.8187766826378,311.87431780055493,829688
311.2941286102041,311.71806600493534,308.66849651520874,310.4990324827895,40093
309.03840965631866,311.41880684666984,305.6115756324618,308.08859888153523,421305
307.57018751347135,309.5268670862779,306.05567073838364,308.0977030788795,232770
307.53329781279547,309.40108997601027,307.40630038645315,307.4648754900119,208750
306.76741790415093,308.0128611360572,304.9067431204375,306.3543001668187,854877
305.08357797683186,307.14572498325714,301.8313541564334,304.1611499988412,847248
305.6036055436861,307.4959953375322,303.2034561714259,305.1650892322995,34637
310.4648643365635,311.0907756944418,308.86950855786296,310.28433259525127,606757
311.1640137756487,311.8453689016364,310.74686100722056,310.74975791474174,724573
314.315030265611,315.86042102898597,313.28876435384524,313.8920489058136,187707
309.0149823303627,311.7499416994621,307.02748554332385,309.5894033588343,517347
310.2287882570107,313.51370368857147,310.10780655106254,310.1092108941998,427082
307.6506596708515,309.46855897998813,305.51454134261354,306.7554485004381,310742
302.16305733728973,304.7135577682261,300.61741276139605,302.2884204374408,772360
300.16932793694906,300.21778943318185,297.55591847831533,300.09163622741664,210658
303.572883465685,307.0729247884493,301.4953910429492,303.7201977537021,416257
305.23091047950066,308.74045154392746,302.8231166794589,306.6500005105189,431679
307.43948172034646,308.9309279733433,305.61129424182957,307.4268217748524,217855
302.96384566012074,304.3289740447127,302.0351098009989,302.78109187955374,737542
301.9078252563839,302.72483648929057,300.9540928220382,302.21759429575286,671490
302.46099425668274,303.9299350312744,301.7949687707633,303.16107621680993,202776
303.18914920668306,306.9834281943061,301.135848438156,303.7240719662123,869936
298.66092621210026,299.2680998984617,297.33492460445274,298.20515683625615,47273
296.7576478411822,297.3438025757325,294.4629564676512,295.59152463110706,777901
296.2485478726329,297.1056952141372,293.93462608900757,295.4317185572438,613766
296.25137545778546,297.46754285233953,293.31139537092946,297.05005155787853,786048
291.123380610166,292.5923658186606,288.60055074771515,290.6266257071609,354295
289.79996969181644,292.5837292830469,289.0228885404342,290.1848490396424,496724
290.2908656651395,291.5501790885425,288.70717137321174,290.6293134183456,653677
292.8675209045388,293.39633617311915,289.95233655540534,293.13836644879586,742462
295.62283968643254,297.3597964953087,293.1851256532148,295.205969329745,830806
297.53018909469813,298.96805639246213,296.8995193965585,296.96046843067006,934496
294.5661337160915,296.9832976480125,293.9020986672661,294.6238983088432,910968
289.03779148578775,290.135913285056,288.4527230691784,289.08466410165335,711664
288.2468323027168,289.463098361342,285.29483661856233,287.97943548133384,960833
291.2379805677962,292.56352370642577,288.3565902970337,290.9075128102306,315813
295.7130697581555,297.27059414320485,294.09714996346185,295.0190517727981,561396
296.38917724099554,298.2882962862403,295.4821494928976,297.1524858916598,743278
298.4728248511057,299.46855039421473,296.92854950107693,298.46087009657845,664015
298.98604465659935,299.79119435518504,297.42413942506704,299.6260605291942,765433
297.96384542077476,298.9787311228449,297.33424119701846,297.9942064288211,24652
297.50201228622194,299.7634616064479,296.23685285610446,297.6366483953723,45076
302.64806652916985,304.9617959441951,302.4546168538887,302.6763664388504,206207
299.3872215101719,300.94237500856036,296.7475357204815,299.8668542783503,871326
303.87223471877417,307.490885145089,303.7868491920346,304.778823585784,510215
302.55660697539344,305.32229312758835,302.46150790741945,303.82930999252187,69614
307.8331728962224,308.21770237174064,305.89224830488894,307.9139572970594,296187
303.3811271536349,303.65587841556925,302.98995623941767,303.642867977388,663252
305.044749799643,308.1013577227562,303.9779762415824,305.4576905156901,278473
304.04787722907304,305.2278836426259,301.67206327285595,303.24576279418574,175969
298.50018357428155,299.42015527380534,296.4029503913608,299.01415193541254,810362
300.5475279840905,301.081849949245,298.3985648826889,299.6982825020757,832853
303.75254906723364,304.9107124804139,299.63936739139,302.76924916480687,482981
299.08030450347167,302.11766805572955,297.58529685954056,300.25182736378844,292853
295.8688060682013,296.7288749611624,293.2783180542166,295.81415058255465,46983
295.33586294235613,296.11607216214054,293.61238109232795,295.57214123763924,424688
293.62338869323173,296.3333058902498,290.277952656279,295.3433525713583,200523
296.1388162720076,299.5895815291458,293.71785464493473,296.9969242897344,603800
300.3253541825761,300.57193786039466,298.3222008944677,299.8606085572351,398913
300.9228268836475,301.848133553799,297.6485009370148,299.71246849880544,536507
305.90736839465495,308.5480443782979,304.0682365266814,305.3560918549399,612932
306.2702900460529,308.25569604277024,304.7905640643284,306.0721802531273,147959
305.03118783699716,306.7333491913449,304.69877475715805,305.0442024756803,198342
301.2078911013736,302.12797927805576,299.42455477596565,300.19762826906623,418431
300.726645714556,302.25779977475736,296.0914947385414,299.4401077583064,508293
298.11406428940444,299.4751209472377,297.7003100248288,298.4643675477929,844911
300.1689874480821,302.1043585045919,299.25841826246926,301.37447725634854,885046
301.53112172056126,303.33467050868654,300.1082434053274,302.80179156640264,314081
300.07277254457233,302.2789936259257,297.839373821598,299.2815433775822,249689
299.79927558814904,301.2722976914616,297.95515704186886,299.8274944768973,834673
301.988524786962,303.7834060354454,300.7933534773094,301.8778914238625,882059
305.4588847150965,308.22903014296736,303.5234577864975,306.55675703787136,47566
308.8545463516088,311.27625808980383,306.2517808082986,309.320499893645,877567
311.5298891878566,313.0344724459354,308.7884582406304,311.71410025995493,788696
312.0623079162883,313.1716980484663,310.62331852969487,311.93264476307627,225903
312.927927482164,313.97749302643166,310.78936854819386,313.17758766858583,380392
316.48905003064175,317.3874466642546,315.9948210043275,317.14701985546026,882653
312.4883883028305,313.49087241497176,311.6025300127147,312.9794950652097,711388
312.6727183847408,313.8933135200574,311.4576549559601,311.9189205945769,234070
309.7009164410805,309.7600326310232,308.0441044571073,309.5493705912231,987582
311.13680179038147,311.40224575321497,310.00358039064594,310.7563385744556,932173
314.06877296098594,317.19125744650756,313.9312361763715,314.6344062164838,173489
310.9451221774405,314.5673230332809,309.7504758898432,312.79299275356897,777189
305.11593123315066,306.5486369615713,305.05925554393065,305.43548046376253,825862
303.682185123722,307.8035731614921,300.9546394927142,304.20942298038915,257741
307.24604434080743,307.2630199440302,306.0101018249686,307.03172866048624,332852
310.7464609405313,313.2096964994765,306.2615962089484,308.7177385517439,651301
310.5045704337744,311.9532611014892,308.98082925027813,310.0734653616054,668170
310.929539424475,313.2164700493799,308.7997882949417,309.23741691951017,638611
305.68522833536855,307.31357110287115,302.7344089378181,305.33789445296134,388246
306.5593549485815,307.13534153901645,304.94497943418116,306.94603711749704,453511
304.6381653870885,306.24859891913627,301.1809294352687,304.4263357534644,454054
312.28775592096747,314.1635646550669,310.0591786512622,311.1795592518229,416765
314.1365064866473,314.6315717660597,311.8440540695998,312.99123238315786,772718
310.8521379033993,314.5813140684069,308.36085306953356,311.21023966379175,125037
309.5009254679843,311.33738721055164,306.85862249542083,309.34428361004865,192400
308.20426889890075,311.25635551391497,306.52138385409836,309.0878068293234,996279
308.8878791465376,309.35226483858276,303.75177887473626,308.37925774979385,746995
312.8427327871874,315.05511046993956,310.57696097470165,311.8738314240771,374704
312.51187767051067,315.09588631202854,312.11464131692264,312.48700404615187,664463
309.8260169136865,312.02731721273943,309.2087397339976,310.2401155259362,790956
316.4201671771866,317.993371962731,314.87207532672403,316.1924258189927,281505
316.64416127707716,317.3785336964557,313.3565796888879,316.3800098921327,321386
318.90546958920714,320.2931482312208,317.4377042484574,318.85372356334824,1099
317.0652384112273,318.1635243232468,313.87810064580606,316.9519501968514,119314
318.02616264406225,320.27335872202116,316.0215561736422,318.13675642955747,585455
319.7957051614786,320.57932367496795,316.5268631129647,319.1599672768746,753840
313.67810628747964,315.7778525260223,311.2870206952805,313.216908518797,76404
318.99663632050533,320.41872810481874,317.0387166235719,319.62508517478847,529567
323.154946315755,325.1736142686176,320.809445122501,323.8094238376441,254689
322.39397202086667,324.7669937106427,321.33011235631494,322.5580730644526,821370
319.5242221416763,320.44720295388646,317.99067817154094,319.05404041852404,447742
320.2917122343442,322.5182551332926,318.26014111818046,320.196897185278,85266
320.09440197341974,322.6409182636779,316.6299132128051,320.5066699658909,543999
321.8490597855978,323.19668942610184,321.5592969452087,321.6808087581976,578922
322.1166383035143,325.06498042291093,321.7663181443483,322.3298985459054,1224
324.56875218289076,326.2673350442499,322.63456671026097,323.9982001261946,623294
328.9734053571991,331.7061313717734,326.0939578204425,328.75441649424124,710005
330.4519603939603,334.0928465711158,328.7487686072993,330.6604604552291,799674
327.39206395462537,328.792024155811,326.7522929915563,327.24053929898076,297352
332.6356565992381,334.94243995600095,330.02555144241774,331.7630877895991,87870
336.90040724940957,338.32595988944416,336.8333911421386,337.2846622253322,844930
348.40055084442525,349.0630542710692,345.72278755062746,348.1202047826089,685683
344.2168942507329,345.7848654120258,342.8150103837137,344.2654083665012,813077
345.4318311838791,345.74693381038196,343.49634726606575,345.1370953670446,573526
337.61653560635136,338.79849384609105,335.4957782924736,338.05909887497336,685742
340.04326755459124,342.34682191319854,338.05862213311264,339.96824646712247,857291
338.8926576585241,340.06490530696937,337.0018041667613,338.1434512822696,9493
344.098826808423,347.20344623997266,341.31133777995603,344.7448835336628,628793
341.2093350299747,344.13686275311005,338.6875258634921,342.11896442447505,53367
335.5531763946099,339.9725430180086,335.4448421870002,336.4221248449049,888353
334.0898563348733,337.07503514880426,332.6501722763022,334.87390500072564,64629
328.7472171755459,331.48984153121677,327.7786364101483,328.3562609178464,530748
329.934613902138,332.9181463564464,329.54006961071786,330.8649131879747,398786
323.9416400001505,326.0582306224606,321.8018756092911,324.1347564701946,663040
324.6604071100168,327.4181372564479,323.0459859335051,324.25943482991096,817741
317.88788987974345,320.11513717468466,316.17113542847903,317.6232087042492,243830
316.3949922519176,318.4218972825874,315.44867216895886,316.6391583937706,899633
322.040843303937,323.84973512659286,319.95083182884593,321.91791976281706,149893
323.1825558965329,325.3203076499829,320.8402004183709,323.1133157310197,239635
320.2236205119005,321.32387758380787,316.53760180037347,320.36729945061086,440176
320.16431714853627,321.21498592067553,318.7373200682371,320.2993776068622,782147
321.8215413389536,324.8068280482182,320.17935404083113,320.3891280456912,982232
322.46025840377797,325.8761576312564,320.81613418951946,321.9391606575327,809017
319.1761156554756,319.88256494882535,315.2053224462342,317.6004041873763,830834
319.20235845850743,320.476266227491,318.34623716703857,319.5199377170643,963405
310.97291264789857,313.64695718713483,310.8007526942141,311.02576624970413,704986
308.28019884878717,311.1439866343714,307.434109372024,309.1037289316931,876585
307.1308040471277,309.7913073069084,306.0865893364011,307.6288963307934,603389
310.792054278227,313.18198422450587,309.07189348936623,309.6143351282374,917054
309.3920173126589,311.0402829582126,307.64320073383374,309.71538141103485,617339
306.5955139860635,308.4319934522507,303.9684182449579,305.42312818893424,869204
301.70760949682403,304.2008761953252,299.48429120809624,302.4597435578535,823172
302.45298042511143,303.8264287666219,301.34527043076116,303.09157560388576,309057
302.6756047830785,304.68302855611097,300.6554889851593,302.8823105844127,742310
301.1250319616412,303.7875069998181,300.06411197758547,301.16343025182357,204304
300.3021725770778,301.5026606272985,299.2658398657666,299.74878399022026,737122
302.1451562744064,303.79417623428895,300.85540886114086,301.8730054332136,201395
300.0942266133192,302.03227549223436,300.0506534019079,300.3443024444472,230231
300.0298326233161,301.3541087462802,296.92012934272407,300.1098513970822,235844
306.5281563621963,308.8803695544449,304.86447502547253,306.72388479869943,801594
301.86507190617925,303.31338652759456,301.0760632210812,302.41828793956876,304841
296.37193018350996,299.5706813321373,295.22583992048664,296.8992011565773,359682
299.87995524250266,301.9427145060998,298.5610477466864,299.2647364387837,964933
296.1834798419772,297.9213297419564,293.4280672541943,297.2703984751837,804556
297.3141366111418,300.3152341444554,293.685452602512,296.3555102869451,588678
293.877200373438,295.69763509847394,292.3130020304186,294.0789351266774,584515
292.89201884850723,294.1757488647961,291.14685488374477,293.3452422971447,180608
298.54301401782334,301.0250001990262,297.7451476066814,298.1019666190602,198552
301.42550747137585,303.3799548500765,300.1075138421237,300.53279488927654,635565
303.84323314143217,303.9392108723174,303.13772035734564,303.1655777716417,830119
299.2322559810899,300.2565336931695,297.5820007273669,298.9322164901593,911647
296.18275444728846,297.9116596738165,293.12189254262864,295.5403304574594,565614
286.310137925206,287.7212503939717,285.20774193517616,287.2964251606266,134701
284.7115346994984,286.50676964218366,282.9909979857454,285.0089874880381,95114
287.25311017321667,289.3528151664683,284.97332538039717,287.77753872768926,980928
290.00654587531824,290.42691742605695,289.261032102576,289.29797486555333,690684
288.46530793048873,290.3645462934623,285.4258365946226,288.6867179518684,291350
289.13926610283767,290.5914367002526,286.20576900251314,288.65121085028585,383779
287.00549472387286,287.41479833482873,284.8227486546754,286.69823624329246,458583
286.8191010324202,289.54379036327725,284.5898616397061,287.31460779073836,531320
289.2125793979606,291.7280602264406,286.92397405358355,289.5524898201987,480464
285.67706168834627,286.8571332778856,283.2648886229291,284.9397415315269,516161
285.38011608622105,287.08225780262796,282.73040912179033,285.8234182891629,489168
288.6019070695235,290.6737200771487,287.4790198174013,288.52985100359376,939768
286.9136326091905,288.62720721027176,285.0815646547578,287.3633800272898,317156
289.23122419099104,289.64237261055587,286.6382869739898,289.4129478467876,886446
297.6769296748299,299.6278264671382,296.761990081628,297.7044149038707,96896
296.95799860496504,298.1851553612903,295.08303845589177,297.42368468918994,756481
298.0520093610926,299.76951432464483,295.91383940483286,298.625637528985,850925
296.6291046551125,299.4095907022115,296.42221432745293,296.4593678302171,124913
296.5250728887047,298.3926411758537,294.79174735961845,297.0268923434637,502072
297.9431709171726,299.9207034774141,297.16289289227956,298.42701514647877,541621
298.47731963592895,300.991372389908,296.6296200117172,299.03894656164505,142954
295.98862944136414,297.96371943546103,294.5930424287849,296.0347564204019,889122
297.2359030371195,297.9024268169363,296.0348345313592,296.6759558682395,810071
301.9830747660988,303.4383627465546,298.5682571982705,301.0759157884204,592951
302.02080671481554,304.005032698274,300.8897675073812,302.4599289802859,114092
306.7276053550918,308.51155785765263,303.63971178502726,305.4141347343813,805911
304.10928392825724,306.5095989477763,301.38989526313986,304.72159446249486,574078
307.7113934345967,311.6385058395814,306.3551671102129,307.04599496571905,558146
307.4909942665205,308.38887668544885,305.9461140814011,307.9354661344702,977516
304.52030343282627,307.47385060545196,303.4502134331835,305.0516566053262,775839
305.599589946658,308.67227653619545,304.3211259602124,306.05546332791994,418508
303.0338364413285,305.0289924159567,299.558566942383,303.06562663124754,529293
301.53311399843756,302.4525046901381,299.2651183834292,301.1837576028836,250809
302.1890126655568,305.20909089433206,299.99186489439774,301.78470081474785,683059
302.1418291759425,303.190403562408,300.15607391289683,302.7133428952204,626748
298.5724718081577,300.0472093018758,296.6942184075372,299.1646138854105,419054
301.81035840287433,304.93932603727086,301.6662618791549,302.3646767272635,947576
304.06185676037387,305.31255137353816,300.4464753977046,304.12958909765734,35025
301.89709267728466,304.98066892996087,301.71387392063195,302.02403676513774,123632
296.88017294645084,297.5836125421021,293.85265342568687,297.4454236321312,38864
297.20459522729186,297.6990528237014,295.00847048509286,297.04442667782536,558271
297.0906185461198,298.10223750043315,294.1131397701052,295.7522986940824,416690
295.8178043836977,297.96809402749125,294.6098190464648,296.1167137515742,842048
294.81708508964203,296.3517484867984,291.03886214460226,295.0729202877656,59541
289.5611907725972,290.58299495188226,287.26673036933215,289.2374406121779,302092
287.823146717918,290.81375429018163,286.36875788081596,288.1451871678679,444270
287.679012557298,290.4235666883237,286.31949388971685,287.2946327471058,10744
288.73426745451394,290.2360959374476,287.8580873835937,289.1498004150236,806750
288.21895158599426,288.2562192827164,285.6872693166313,287.1667040875898,961296
292.25857950667637,292.6889160868238,291.41227345231164,292.05719148629623,429351
286.20044542035254,288.19427659031584,284.18589389529416,286.55578774954347,248634
290.0249160653711,292.3900262314279,289.13654860514214,290.36678910246343,409888
289.44740241046475,291.2486300068452,287.1275201088292,289.7451443775238,703932
293.078153857425,294.48119977536186,289.9527732555539,292.2757110877283,592916
291.79598038125414,293.29490980479926,290.3855282043623,292.53829689915966,147504
295.52527512398586,297.9816594858034,293.53316681996705,295.9205905110845,954708
294.47484128659846,297.7642504818499,292.44558814353337,294.8060030943643,210773
291.60494049638885,292.09543801051126,291.42618515951887,291.6140901606934,452463
295.655225157494,297.22592204576347,292.64099679031443,295.8156221222814,490325
294.6283240502378,296.12697491994317,293.381230455767,295.5096685345652,890964
295.9578883248833,296.35130821252017,293.8605174786432,296.19473907577157,144706
299.8449591502261,300.3875388089463,297.69480976813963,299.9046705799193,565054
296.48247832265906,298.67778750532483,295.75057833394857,296.85538677418833,14449
299.0684941257124,300.92717090017527,297.75357241951843,298.6582717644141,82077
297.47738245044127,300.26797710514955,294.6981275024818,296.9313800233315,202665
296.5223482641086,298.0594995813624,294.9843587864172,296.5688423697004,659219
296.94981201840267,297.03137370574007,294.71540669851527,296.812956558397,663831
291.1586962835897,293.67575386297295,289.62222281934,292.4225794216286,683310
289.93855321716285,290.4269509443286,287.41952491513666,290.1829469039135,556521
294.7507049628156,295.1573466728223,292.5881189536251,294.15954917112583,375863
296.55627092133625,298.80861055833356,293.8065219107267,296.80762933819324,378973
296.2140127066327,298.3075014630952,295.603837235369,296.65143217100564,965869
298.75806198738246,300.77847217306754,296.030143019759,297.40327768309425,346167
297.6380593374083,298.8070392022285,295.6042699591203,296.55913143433537,30272
300.9208209249437,303.1390854451426,298.7859611307498,300.6396777828877,644628
300.7514478687827,301.88221054748493,298.81846495185323,300.06794673138785,539889
299.45541722069055,303.3061643449409,298.1643279345497,300.7945155520804,344034
303.8126765191278,306.12804009561245,302.9359640019513,304.2919676741549,325339
301.6820318023698,303.288165574492,300.5906085239695,301.9658542636511,828784
306.59564613664367,308.46929000619383,305.0721206151162,306.7404154037506,541639
301.81578714778965,303.6061942381526,301.49464444982345,302.11182291039063,356615
305.53995096451064,310.1122624839129,304.9578082722223,307.1062087778535,408553
306.2306696051662,307.98730453571784,304.4101597209141,305.99442684126956,19196
305.6151464137297,307.1417435744685,304.2734761786088,305.28320945949486,64983
300.55731743965225,301.8450635101633,298.2730752685857,299.5974677963993,271210
297.7975787574524,300.51365670760066,296.64554622829854,298.2678333502812,254685
294.6982480104732,297.3150268780998,292.74554393861087,295.21201324579425,753353
291.8800524455974,294.6791370106248,291.0090984625357,293.4529511585281,356676
292.90751419000804,293.5289042146458,290.06380861038457,293.0795910868575,335569
296.4630919838129,297.14320665420837,293.69712168734947,295.92976039689177,661435
296.21154522230273,297.89343299451326,296.0743643520291,296.57441461352107,521726
298.79348745606944,301.496607154986,296.2842645946518,297.51806036623907,261516
294.1548751822247,295.5565541036204,291.3364139399109,294.3059099354883,266927
291.840125476525,292.77915877726485,290.906193865667,291.75435419857536,56019
296.269501054326,297.1632240586528,294.835164697289,297.0794007469971,989707
295.10219234188344,297.9176514911324,292.2157373923677,294.9327709573277,746997
298.70098477460647,301.8995088490293,297.6919091793818,299.8881338136039,11710
299.6051197769703,301.8186113630769,296.6861214482596,299.1900247602972,496578
299.66032793576767,302.0231688464857,298.54754612539233,299.2267912983656,211446
303.2993680129168,304.66597713015574,301.3691335280086,302.47705906801735,603868
305.7544534376105,307.98909608120954,303.0987962413813,306.3794483443796,763146
306.1690217465119,309.0671582562566,304.1375294717469,306.07073501538605,135775
305.2590629191394,306.94981431571034,302.92910625807355,304.91523040691425,455165
305.0448370977009,307.10772595238444,304.25069189314786,304.77524410912673,756374
305.3082976096298,308.1655089530692,304.7099110082444,305.83757968164485,6411
307.13020217281763,310.7448361145305,304.53454975927286,308.60656480082105,457462
308.8646611303355,310.290223653962,306.8820316353169,308.6504822044571,548448
310.5029270565652,312.11907471170304,309.0598237700941,310.5976591427714,700487
315.40199113020867,318.07529694767817,313.615939047184,315.7598547784902,90064
317.48221221894505,319.8087245940207,313.9783055976747,316.9978741064824,277433
317.9905778739638,320.7238051715007,315.7102468720309,318.01914842050644,416417
312.4300521757044,315.3407320817278,311.31278218617786,313.256545144909,239060
303.9747995165219,307.2255155801227,303.73480034256283,305.1535786726282,518534
305.6798964266402,307.4933796605679,303.6122283054805,306.37166112842385,324240
307.5769529617613,308.578593139078,305.4298472337494,306.1118939103577,722763
305.01086059402076,307.25021739836103,304.1280862787937,304.5705875006837,958272
305.4589288115328,306.4600535881429,302.61175953050514,305.3437456135976,727764
305.07899760621103,306.69687594810057,302.75514460599936,305.18987975926063,465713
308.52936761184503,311.50254901808637,306.62973446861923,308.68209915588363,389839
309.70019672264146,312.38273028521394,308.5819399774496,308.97891881667056,185781
306.40940870543255,308.5215873145988,303.23261779481635,306.71035028913167,763351
310.15080777262887,311.42601802179536,307.2881790721259,309.7933555528033,205825
308.9369067110803,310.58367441403124,307.6737739292117,309.15234134432524,714469
312.02157640699556,314.3938703440236,309.74190837768344,310.81551484219887,774074
309.8253976326179,311.3405994113368,307.7464430027434,309.36611980189184,236549
308.15878206928153,309.1834571127856,306.2972536365626,307.39303109993597,422241
307.3230085349672,310.3432655209208,303.74713265497485,307.6826340126048,332110
308.4041706783366,310.114210252638,306.5700597983572,307.752881802373,568691
309.07069870788285,310.2747834075658,308.51549913007875,309.2640366205509,391942
308.5330557052826,310.5190276237834,305.45293311182,308.4651718835273,768084
303.87307698677466,306.2778237546376,301.88528564648965,302.88262193584,144214
300.9758043708945,302.20108326259884,298.76083604592424,301.6048163298272,904022
304.16253185865855,305.50043280853265,301.9027143030919,304.038941408519,399161
303.4320374783168,304.72464275519025,301.70389031692383,303.16646047053155,626921
302.7652229607482,304.68985954932407,301.821268828977,302.45067161231907,100731
305.20387152571914,307.5858749296935,303.72196901565627,305.4792821724485,207265
304.60811306622736,305.6272033489982,302.8903017273909,303.34240831279607,973006
297.95455427952004,298.88408006771624,296.485981954218,298.72821967293083,814203
299.1488892707731,301.5706180712951,296.0956753635476,298.2785807443931,102921
297.5889965262317,298.07709134115674,293.85337195445015,296.8675693802926,247331
295.16019737922926,296.8761267165861,293.5317233470689,294.042313902895,952073
292.62396458201465,294.9079837863673,291.3807153280995,293.5564331462605,428172
294.51966624185695,296.65127328159673,293.51076946674584,295.0323330035751,58538
295.91478113047174,298.8602286541226,293.3169721992596,295.0344319844459,95690
294.86002030957036,300.14870549085026,294.73188155426135,295.9711190678305,320614
300.44895285770696,301.44742975601014,299.7837552801191,301.417382130611,38088
300.12230486017995,302.80451654035085,300.0994806566734,300.4156955069127,847610
301.39887916886033,302.7645948540316,301.07678515709887,301.2831901666038,20678
300.73753585699455,303.18661108945116,298.87794157681515,299.78289218182886,429595
297.1759305686174,299.62625792347075,294.20041262976196,297.2860845255087,38419
295.2222986770754,298.3098619506323,293.4383289482261,295.5818676037446,141885
294.3827662290723,296.10634634022915,292.6711816806774,294.1995446733,103554
295.5658842871171,296.2549283273024,292.61894854887,295.28855135656886,441357
302.604256239655,304.9594095715995,300.4778343314918,302.3374495946659,439875
300.1034672952989,301.81765783779787,298.17298321803946,300.2103338931338,955004
297.8229707133871,300.2772898433121,296.7564885141401,298.9920812458175,389051
298.2848614147835,299.90052162665387,297.3637533083953,298.8332898244238,737677
300.9007158679654,303.3136407267466,299.72837830365194,300.0484156899958,580596
300.98289120762047,303.93556601979395,299.9085226403271,300.8703242235781,847172
304.59257409405024,305.22013091294014,303.3259472699622,304.7891765962837,429436
298.1778834777188,300.2251301049672,295.71730777630387,297.51254513628265,984849
289.8676102809293,291.6523216608768,288.4502374513048,290.5242628841134,500936
288.9857891286982,289.2890369479264,287.85735984609636,289.11609267251845,646983
292.4158090515579,294.0074626480558,291.6731352394129,292.3352657715803,152855
287.56867143909176,288.54247413622016,285.7864989841981,287.82274841126207,307221
279.37920471946427,279.4537264169824,278.3434118406362,279.322913988835,410819
280.84554213354005,281.69687045018685,279.14322790659645,280.95100773189625,991833
280.8762741687724,282.20442521431795,280.66847731477526,281.6645648700896,502837
278.73950797233044,279.59243398648687,276.9639631573744,278.6383745682767,229152
275.20028941265684,276.21546242331135,273.207640978152,275.93336256566135,650193
273.3883016025462,274.4311630609819,271.4233390057508,273.2977771114563,242459
274.3793984832801,275.16419287549934,272.42074338135114,273.6273960684669,959741
271.79332839319926,273.6123459052666,269.6880295167679,271.9461747602355,113612
272.6800374111268,275.1736989895866,272.3579686515529,273.3204179284865,777161
265.58754547872235,267.1906197770438,264.3306838110288,265.6550153776618,517624
262.9765029015325,264.54582530239156,261.8141960414201,263.41480992412625,227400
260.8010316574445,261.899712652656,258.37892697846524,260.49130280819116,255432
259.7734866268935,260.4971056766888,259.497742393189,259.8503964963351,872525
259.36576433073856,260.03000420868824,258.0099913746095,258.4818786959076,382606
261.1845657354266,263.04179997630547,257.90968551394616,260.5784656466175,350254
255.72546122297527,255.875175194632,255.13941559993057,255.80377836585626,871334
256.31208127476884,257.53156935029335,254.04069311147563,255.9457670511466,36544
257.2020998404494,258.44173067396895,256.4564661919648,257.4045415156651,417495
262.2723124883341,264.0550813359165,260.74283857407306,262.254501796331,215173
260.8315048805554,261.2094183770521,258.4210703802358,261.02018812440735,513552
262.29611558800747,263.6174170876538,260.3548129439115,261.8946541509539,648072
257.9757502067985,259.53107388614643,254.84526642524006,257.2385106665916,936985
251.5848155953155,251.76449587452737,250.29869304598228,251.18360093019808,779174
253.80698299051005,254.25800208085957,252.34689813884836,253.33985641811756,8078
253.81880729459695,255.0180073627506,251.48630663466793,253.35110421349762,289539
256.66284123414164,258.34204265868783,255.4362619350122,256.38017905000055,367993
252.33213510300163,254.31141404931145,250.6182853643165,252.90840519417296,868913
255.11708057291688,256.8216103342031,252.07791443668125,254.25212931149716,899746
260.00917364758897,260.46727925061805,257.1039587707709,259.07422098904675,315099
260.0681665303893,260.2506918485996,259.9996996055553,260.18987273883397,442215
260.7431409651306,262.30743323491646,259.7064633485239,260.936598271096,175145
261.3046829077113,261.64749904797054,259.45943508652397,260.98502236983995,489682
257.2260383198372,257.84441821003946,255.8462686179728,256.9429833335762,970329
260.3705897016379,262.50668062953184,259.00674302600265,260.4757938267752,28562
258.2680959145011,260.3568570432915,256.7481333570811,258.9153976939894,869045
260.4100246264359,261.26822286326126,259.360771561754,260.25090660235185,146676
256.5229446314726,257.2683760635819,255.10784287050964,256.2403440549395,9607
253.62881528337735,255.3694101563674,252.8921955162199,253.26117065609884,757824
257.12708761335745,258.57623345945126,256.0311906875042,256.94758774281263,560625
255.94350207585805,256.42968989155935,255.83601496988723,256.0823576886533,766838
260.3736950705959,260.593312783444,258.46699512927273,259.8570980996135,323034
259.71405541922786,262.4788168526749,258.53198482345795,259.6798563624486,205158
254.72901511906596,255.30585254055157,254.15520888071833,254.96609432933877,713156
257.1835100185386,258.97013974864984,254.520174316657,257.27646574585407,912760
254.8956578741759,258.22705625719385,253.80884254906832,255.7888567195449,643750
257.51414838270534,259.01014947558554,256.00520332870815,257.60804230180963,36381
258.0535827803616,258.8790161874781,256.9039954101878,257.698764299421,646095
253.95052777242302,254.1338426909812,252.82463579156297,253.7780688140744,150142
254.99394525307264,255.1673330757513,252.7022545843765,254.22077639967577,345902
259.75509145180445,261.484940082935,258.7152277000281,259.8917814895857,531737
261.45686968038075,263.9022572109192,259.89369503875065,261.20229504718833,524322
261.49214143783195,262.4893738068761,259.14088306268786,261.07820707002736,649099
265.1639226106018,266.0476711707993,263.01776254232465,263.92723506589766,707821
264.58686623072646,266.46343357009886,264.2448418893114,264.51028230887823,931241
264.538000272709,265.8715522617438,264.426574980583,265.0916107951424,481108
262.6844854250586,264.2142150562289,259.796917590751,262.23976415246267,125959
263.8609357929911,265.2133297811672,260.8312713183216,262.8800109375043,474908
265.4713232456507,266.64458551415936,263.6216786131253,265.6426886588668,447532
263.90053172073385,265.20773279427993,262.4847106754828,263.45735348827566,902202
267.9206643802994,270.6774223600826,266.99640815036634,267.26387513723876,190185
267.58879938151455,269.4120421125177,265.9365278752936,267.0455936375988,550674
264.77828010195253,266.96998295434497,263.46238343586697,264.71180645535287,337342
267.019077726317,267.99261797415244,266.59041998504904,267.39261117040223,86543
266.6101602532802,268.86348039469726,266.4525853674312,266.6535072063641,801707
268.95982505680377,270.82023668795733,268.66205337511684,268.7133609182436,858091
268.4440331735761,268.5785804665687,266.0890570217699,267.9573034565878,351794
268.00270080205246,269.7767104292968,267.453175822493,267.8238239225823,389269
268.97135534535704,270.1072758131757,267.3768310286678,269.1758794673775,989264
270.2869321584112,270.3849352190236,268.95930874677055,269.98704153782285,846971
265.1345248371395,266.56342154270345,262.8876406442214,264.6792315275825,582753
261.9530110103797,263.6863875548067,260.18179997355173,261.75428189494596,950261
263.7829310285994,265.6661137079906,262.64755976917615,264.2248137978776,653795
263.80654868171445,265.1354013285708,262.3842725347014,263.9022956197167,559946
263.0477241493677,264.1020836073587,261.32417954172365,262.55002341528655,732642
258.31661461005143,262.2450588490211,257.50189471528563,259.03310941680724,353108
255.20404011992207,256.64909535522594,253.17765665981995,256.2769064965721,76661
251.93022536532231,253.84962278737373,250.2355774707379,251.17264704246227,857752
251.2001521009653,252.4677756193696,249.7541454902882,250.94347945388336,960874
249.77389306175067,250.38249224977585,249.28291266791206,249.47116977481835,990134
246.56398189643588,248.2957395516461,245.12845340073008,247.09613652428993,947708
247.31682639987196,247.5199234939197,246.17014879022412,246.95255751684496,375529
248.01427266170043,248.81127366464526,246.9930281048554,247.87781657432166,181728
252.3442541113005,254.37647589134244,251.71810791840676,253.14638771788879,569073
250.0831874051647,250.1698784480315,248.21873210239235,249.37283222734092,174914
252.3861413101937,254.03148382149226,252.04886247146084,252.3060677793849,229981
254.59688189229175,255.33602364389273,252.8027195793551,254.7987252716068,28118
252.6554563657708,253.00964808933784,251.4214856828175,252.84660321241378,604026
252.36507893148305,253.8319807403711,251.45703323971844,253.38633833056514,487836
252.55397547908038,255.46538297857117,252.1650035789582,252.25463166828973,983859
252.88111664627704,253.1173562700269,251.15663355198126,252.74874848345158,386456
256.51803673803767,258.23648437937305,255.72359593559463,256.6176455112373,927287
258.86248782837066,259.57308896233826,255.89955710287254,258.2022722571483,253167
258.82646225636773,260.56991130341135,257.15471329544187,259.54480910619804,93856
258.1477283319255,260.2167575631164,255.66848605084715,258.45620743381124,827468
254.24140764632276,256.37162435167244,252.86573024016477,254.67435825991623,378432
254.02768955108067,254.92122229692723,251.9361606260345,254.16941186315856,53631
257.3152618769077,257.5536716667434,255.6369557456716,257.2805444272463,717334
253.62456447583816,255.36605799870955,252.48243981893557,253.40662792177858,404431
250.59807027927192,252.44151561533184,249.20433651976836,250.77209279723243,553017
250.67341448607982,252.1549378809281,250.04722196879268,251.11404718503132,675196
249.51698792562655,251.09539075969022,245.89166603196264,248.67844076684463,837731
247.93016419137257,248.8382112830706,245.58102971683516,246.74006766317032,267503
245.79207902897784,246.41120157648783,244.4737321328202,245.72166175073468,812666
242.04618563740365,243.62803949235936,240.5527709384339,242.41309257574392,524504
240.79564059497136,242.37456126208892,239.6696144335755,240.0871653949868,450309
241.10646928526805,243.23950531926724,238.9451635731332,241.80613878454884,297026
238.52946770151823,240.24732273915194,238.07053429890067,238.6892813100694,933067
234.60205655266859,235.56773216210954,234.30983897284057,234.92913290321243,485323
232.93557016865967,235.7524037512142,231.88726041535364,233.4770199784161,227457
235.08402570539974,236.15023660225205,234.8108327944384,235.21575792977055,651131
234.37072445493257,235.86662573979703,232.1006514275898,234.77649904557535,335195
233.7175865827198,233.96159528572707,232.70486737322463,233.71167159078126,189776
233.85145913063178,234.8847164928046,232.74824139189894,233.83874898085307,286434
229.52943087211614,231.33103732521212,228.24410150904868,229.8150135890852,179509
230.80667415417116,232.66109322571032,229.2693821555497,230.97783489998633,489928
231.78131024695543,234.13440218015802,230.91544405185726,231.8883726299364,725680
231.33835995455334,232.8561026171003,230.74893612728047,230.9642689476202,421054
233.25338709315835,234.68309459351818,232.15941029233642,233.32265097583647,895636
231.11036049950326,231.95648202966706,229.9095764137782,230.72979397402008,907815
233.64370642779267,234.34809051491382,232.886440811939,233.3702837434072,350725
234.0216746998794,235.87296062021193,233.33172820938876,233.75447897932995,226204
233.63910776433852,235.4739249883644,231.7182254716159,232.9923926577957,603289
232.44782135562204,233.38150294654577,230.6558658984323,232.96938897417738,727461
232.5226419887593,234.41150282309937,231.03807060100135,232.7429020074449,811153
236.45493549470987,238.09856947357088,235.580631216824,235.62398451627118,813187
233.00401652056692,233.5106430546783,231.40876989653927,233.12398981909422,758305
230.07356550739755,232.9082991481918,228.39002012923396,231.37627115180055,51206
233.71496500444044,234.24274341036653,231.56920681736466,233.80987701113756,515905
232.50757078187536,233.03951994785976,231.94500411226184,232.4448387872057,186955
233.34319326614104,235.6311797096782,232.21610082166023,234.5709909006509,243303
239.25189569265532,240.63320314202767,237.01596437178594,238.61530078477654,619298
237.34297336150559,238.78860729789415,236.531891984671,237.6822469256464,40278
239.48845674142913,242.7458159860198,237.7382622946447,239.3311859414003,814283
236.5026279903014,238.0615340909689,235.33716171822434,236.6095667813903,627803
237.81158247611512,239.7233122141981,237.22641484206468,238.4259352602503,832946
238.41423559054118,240.428329780736,237.7666373718984,238.92577957175254,119283
239.63368004974427,240.96522865767943,237.53739623182219,240.08267442610324,596244
239.07961412059603,240.9416706776945,238.08192849421727,238.56161483292885,156969
234.5858610333439,236.0825105673491,234.23492078522452,234.6551022105611,184143
235.61639331045146,237.2648948712809,234.1948874257778,235.86257039472,538795
230.63682981100143,231.7914473362729,229.50479929212418,231.068747632919,203143
230.91073645555318,230.9816281346106,230.11428264758231,230.3596469700454,462224
233.24227306555224,234.0576511375805,231.76082493687935,232.56124013805265,340809
233.58341503078208,234.9493878499815,232.43710090245162,233.03125032671693,54430
237.873824183243,238.74584620658152,236.90903708987463,237.63977878256125,561964
240.25156845685783,241.66309002749037,237.0929929759908,240.11238489172416,169452
237.9910963763371,239.59782379484525,237.0171748642199,238.57127204024982,675806
238.54297311845139,240.1618958903576,237.98090691371794,238.6603076552682,145702
238.24483667463426,239.06486483918422,235.60857119965195,238.57113528481116,833771
233.99226374726072,236.1598547265214,232.1987681754842,234.84970571039236,302426
233.1666946642034,233.88418065831618,231.00548000551098,232.6747999320558,146704
231.07481487200755,231.48596333906835,230.49696212712738,231.39684057435193,176755
227.29778453326455,228.32165595711822,224.81110897510632,226.7554119335264,384970
227.2859304769846,229.46991023718968,225.19578648826135,226.88581896846674,844684
226.59606632572533,226.73752362799374,225.11244793910743,226.3440467262924,844105
222.88417699030248,224.07842980565837,222.5781582324261,222.6113071416195,442398
223.26021539994898,225.1878405665256,222.15725635508113,223.53530415150496,652564
226.00043037314003,228.68985629914795,222.86941700332764,225.1637892134293,69251
225.7176047320526,226.51240179943898,224.42042740651036,225.69813807311317,319778
225.12626747849717,225.8250590044135,224.11955606286205,224.9904040148577,367267
226.05383480163513,226.6871727988414,225.0784966031083,226.34766863136835,486631
227.49091664967375,229.83477086101524,226.46214742619233,227.9153704003015,71836
228.8581890577583,229.4069353853899,228.0452027649833,228.63993120452153,52879
226.8836255347311,227.7657968762505,225.67910423447387,226.78496795231973,602720
227.0768136223037,227.5602327357199,224.95859487457594,227.43586770282835,970084
229.53192014230015,231.95558121740126,227.4688035482917,230.1941549883826,4379
228.2664843157536,230.78715524779645,227.6417207129032,228.8477223278866,218610
234.28202349729995,236.04788329474675,231.65966205139188,233.72289582499502,210899
232.23566140116884,232.56363945082128,230.544190625672,232.5208499976623,688455
232.4618025995921,234.20627890750475,230.85781253226713,232.61947605624428,665241
231.75379836839545,231.75797252178782,229.62865834364067,231.0834989650277,901913
231.10334642778653,232.8216249182861,230.5928689793675,231.6231785875972,508743
227.31450798629143,228.92378466767593,226.4545168630505,227.64550219067218,363618
226.0803504746335,227.77133731624173,224.385029268777,226.42849190186385,308678
224.7163378073604,226.20034418741415,223.68249936595026,223.99147072968492,340964
225.21155354026973,226.33218352695678,223.89605809159465,224.31725291854215,177687
226.92233653763404,227.12368212590218,225.24071048001636,226.5817555076608,46523
228.43036978584811,229.93923530453813,227.47288009097068,228.0730319274411,138397
222.49128123453568,223.92880492628726,220.82889689729265,222.74982919004574,519533
228.25355365489818,228.77674289823346,226.74564815300155,227.36803315893462,956697
228.18530605252886,228.25189229021117,226.75568435310825,228.06320272227728,986840
226.70793761606507,228.88888306510708,224.9674246063504,226.32178274420974,855271
226.65250080392866,228.67125638734066,225.84704219301818,226.70034588416624,325945
227.00107940621825,228.7394633440382,226.02927414001013,227.12283204684763,213471
226.38635150454155,227.05896805378248,224.9679931415593,225.63586753854707,640188
226.3495591316452,226.92697383672513,224.98758258481726,226.1054901573317,595818
225.41101840065974,227.05517482771694,224.28324959957396,224.75860016676657,526608
223.98830578521597,225.354647961831,222.9047259117722,223.87398311559562,568515
221.98778385123413,223.22696798276732,220.37937735181885,222.3650780333794,896515
218.96818536222813,221.05982404882863,218.6200813983884,219.22395084711687,156551
219.61106334661656,221.2678075837963,218.78885023032268,219.56584804505476,259470
220.6000617840714,222.09789087297202,219.15407531616194,220.8768205356405,974527
221.54741495064806,223.17276377763713,221.27426153370013,222.03921467355397,99037
224.42761180689482,225.58406555534972,221.52385579986188,223.88964214825958,670894
224.3946493769017,226.22086919391145,222.56902528063497,224.63944800078556,559270
223.5300274193538,224.07266242268793,223.38223025713486,223.46826403245217,385914
225.50856468673024,226.92429603728743,225.07925792885803,225.37508242227332,894056
222.09692222492075,222.85617269880044,220.96670368882425,222.35848389941472,469000
221.02626827593795,223.01764102318955,220.02552129934153,220.3867941891557,291826
217.8061341055058,219.73381501931274,216.08884602545876,218.29386448997877,142818
220.8018805980684,221.45000371770692,219.32212152429716,220.6864063196243,219555
222.90879958427215,224.07724013735142,221.60266810027437,222.79912996257397,250046
223.88558504375607,224.45591711267687,223.14917367169514,223.90988132713358,223961
225.75848084995883,228.49865752412487,223.54604256338752,226.34558172976625,549332
224.77732521358325,226.99556900847958,222.75739963706218,224.3865257635102,684803
225.52747553469914,227.12616562098023,223.65916082513067,225.19260931888095,805597
224.62947847722094,227.1084934299623,222.69762724840163,224.93339432168682,181221
227.1901037508369,228.429513881711,226.42818845457197,226.86908979335865,105637
226.80042511535734,228.45392216538264,224.62385928245791,226.63049408699064,969494
225.20407094795846,227.74082548128163,224.25682318986108,225.7823501876755,420216
226.64190259525745,228.16087322362637,225.28110175640182,227.0296369381497,849713
229.57189198354848,230.76872178462122,228.01270578670605,229.05044424229902,113199
227.68826823835238,229.46445754367008,227.40328116435214,227.54745450772725,556252
227.1745825299402,229.0095206531586,225.38625404272412,227.43126279306733,576880
224.67282152893117,225.67446333394133,224.56645018860553,225.05923738769727,84026
219.30242547356102,219.8712848950804,218.84179428175196,219.52871294788423,768089
219.79565560432144,220.97533098802086,218.99526398585604,219.9912187913326,540399
220.98245860616686,221.64269311522568,220.7922265996126,221.35697824739046,315298
221.1868330502818,222.40993855574746,220.81122858199473,221.9600371043049,841772
218.19281987711295,218.71149456677853,216.44809441292145,217.69646614948712,807221
217.37688116972737,218.09293649941606,216.09655743811834,216.95571213040904,829204
211.67667758175003,213.8005091589839,210.78603920189272,212.21709071719454,528520
215.22400297558767,216.9701236241511,214.680150355247,215.16534404197412,970707
212.47835457795517,214.25164756685805,211.38652521001248,212.86245986438215,627469
215.46036975130752,217.0600637571624,214.5933020818602,215.57314348839645,991654
217.49354900357974,219.16024090188608,217.47677942514053,217.64362149760984,106611
215.52933446391052,216.2511473905069,214.58159939299293,215.71391405038486,298794
214.1599359704267,215.23728745505588,213.03364930918772,213.3054568846573,984399
213.88700703895745,214.1588888599164,212.24155475825992,214.07553295019488,941956
211.9536957295305,213.68263006856844,211.14287114884996,212.29687950528793,52349
212.21166351670414,212.8077175115658,209.54531451699043,212.5358152483269,907145
211.9748464049992,212.91997534457465,209.86199689021404,211.53325932181386,351021
207.13297552364526,209.200264441439,206.17825977171577,207.8196541941769,296010
202.9459253680051,203.59064751810814,201.57838713704567,203.25594064447938,532622
204.3271295869953,205.9382792199993,203.47896120888387,203.7375852036716,708215
202.7158195652334,204.03749964823461,201.018880216195,202.6169480916562,733830
201.59689080362318,202.83519448150778,201.00785472993763,201.51953873576693,670616
203.8124499734589,205.25829646423387,201.877656133407,202.94702441405664,403219
205.46423479134475,206.27014765179158,204.78451833207376,205.36305325578311,585142
204.53448268073902,205.94206367183503,203.89305336471665,204.82459056182307,752405
204.03338995125932,205.17546004991573,203.1240939845454,204.14856120187804,502632
204.72670705014238,206.21091033320226,203.65588435182977,205.1926718284831,245601
202.95591119509686,203.56151271253535,201.4514990516038,202.44738884648334,705043
203.15313187330457,203.41162466099385,201.90656020174288,202.91995180124582,84795
204.5222432181631,205.33816935852357,204.0382498338606,204.06333980462983,554558
205.97519870849266,206.76288005783195,203.01178949710902,205.47671879331793,557115
201.3886141271073,202.11788831677947,200.2415164655445,201.555587121391,115271
199.66887394050462,201.55845000864372,198.4084238332726,200.04686363040514,523541
198.29693780095704,198.61162919216443,197.5077107004029,198.31744902558862,975063
198.18894570949618,199.42601931221918,197.71774437285285,198.53549380983017,993472
199.57801238279137,201.27422972889485,198.4242292062094,199.51219056766726,93910
202.99961418580608,204.5682709802032,201.35254563339868,202.54102206715947,55855
201.49336513794515,203.30442447529276,199.69898075780102,201.56114597742896,703644
200.6409534636654,201.2885538959872,198.32768675907366,200.58078119904596,798694
202.88231374686353,204.41244630834842,200.96891700979674,202.92040012685194,465288
203.87024176908105,204.23946888245055,203.48248294266503,203.54346187101447,575124
205.885381115606,207.02090260560394,205.14033430320748,206.16072211685278,642215
205.86915136887484,207.69864119013502,204.63240245553,206.7775027145333,736325
204.61158558336413,205.28117277469948,203.64245911663713,204.41907642865905,984938
202.13072046354634,202.92197289960814,200.7500275248268,201.73216451156733,830079
198.8236253738441,199.52345912898173,198.36114559269225,198.64628420367308,808883
199.7297122357263,200.396320768796,198.18327717572203,199.9857862337403,827014
201.93778578826715,203.92922573534108,201.81129888239974,202.39723240310093,432430
206.39966100039575,207.31868644916943,206.13747766170357,206.19573443691039,854799
208.02117055576394,209.18698560551792,207.55555423083965,207.9623259715073,465336
210.36281007185195,211.57121000764536,209.37254857126936,210.41574757142735,69017
209.9823460271443,211.06673250668288,209.1921751862869,209.2197553576056,800049
206.44326050696867,207.9266834356562,206.06777669508367,206.83492315641766,159222
209.3621616419695,210.21714402201422,206.85934797910397,208.62153972912188,260190
209.5290030325488,211.46823389300476,208.53872992532786,209.5156845793736,713724
208.99182803742778,211.28942876786957,207.675045570386,209.76189351524602,400380
210.52160665269392,211.66168480264346,210.24976607088962,210.59708576621628,415011
211.70541784504377,212.48001339577195,210.27756189876305,211.29993492794563,815300
213.89524985691628,215.04548733954024,212.91295727274425,214.05153103428364,558673
216.22352822998818,218.21919463541136,215.65827915018775,216.8631785542212,308944
217.99666432837503,220.14002592720286,216.9400849216969,218.06841517481908,509992
219.56560187197823,220.13639752660416,219.41709299513053,219.9426594149598,468092
221.31580076016974,222.86043550106103,219.70190349977418,221.0983220824567,989342
220.44349557033027,222.29084973928153,219.26631375236371,220.10304026861093,254508
221.3282011430449,221.91649162129102,220.39234985320388,221.79675584250685,533174
218.43836497619304,219.7220072645434,216.78799816384102,218.74715022754424,533077
221.42137364560438,221.82135941822096,219.69482157651964,221.08680631334127,185601
218.10814511060562,219.85803951977198,217.225901495179,218.48343160087268,188722
218.65640150252742,219.99074588494074,218.29556554429567,219.1306695763103,426014
216.79593334740008,218.3099120674035,214.84780851260228,217.30821187179967,17496
218.68982383236514,219.51359178528995,218.32187238848152,218.53595764154593,530620
218.61877050582774,220.18418809106205,216.97874109240766,218.4836786741264,469013
214.75433056395147,216.27153905270814,214.70970071253655,215.04853675977014,11685
215.97894413393257,217.20846481061088,214.30214587007114,215.97674747930174,174125
215.40956156345052,216.59040780202275,213.0287881733736,214.75364706535268,150685
216.2538589270507,218.13148468438183,216.09429979529025,216.67596978530966,78699
215.85462397863841,217.61370547241293,214.4843777122301,216.70051122092687,874644
217.77887534534037,219.9789481834062,216.25370715139573,217.58084388974268,960444
215.48126345796206,215.80809530574265,213.9493752833313,215.52885273035366,90591
213.97954070020285,214.32192459340953,212.67518115782093,214.28383449658588,544029
213.60283726685265,213.69384098401102,212.87386149124188,213.32462771909923,258232
215.54272448287003,215.80973112755916,214.24587876022903,215.1815529430726,630684
217.87675026036908,220.37945638568942,215.699303175996,218.84328388758374,645318
216.82663325134084,218.55467667349802,216.46311048386596,217.11000432117072,105363
220.49983854680875,222.40128130385426,218.17253220184656,219.48252989581337,185662
215.04385721177812,215.4374058257341,212.97742355295367,214.79323435417328,7751
212.55170248354602,214.08980829998978,211.83425873382748,212.2646766432251,708563
210.75350496061827,211.84320009621354,210.10265927681633,210.26027880455166,956511
207.46346177188502,208.60446091614244,207.20708081943047,207.45637969852174,234469
204.5428145370874,205.94942861333377,202.95435376479475,204.21742096808734,486923
205.3776127902238,205.93853083228487,204.84187162072521,205.08308802753282,326665
204.8856522839955,207.50035122560112,203.72479177985647,204.6650064212071,781211
205.33121331755575,207.311812951597,203.45986279219616,205.4635367542763,365933
206.9790058245926,207.68374494446863,205.90511428506494,206.90780515662377,544653
207.2347196561401,207.83734387711885,206.6821155031578,207.47886483509004,25405
208.87432144837652,209.86361028917008,207.74604101817727,208.8689684272247,350130
208.2568284900663,209.9025206961186,207.25844911999087,208.74466096027916,144926
205.97593751926223,207.99317930848312,204.66634808708267,206.30215238151038,725860
208.39914590927557,208.82836984649694,206.3448651533707,208.51687956136513,742364
206.92153832361802,208.5269422235621,205.64063056411158,207.312822797376,202468
205.19533226787445,205.48761828359673,202.9173875717479,205.40279618694197,218643
204.9909488697201,206.3519045604491,203.68599581772335,205.05817759382765,657483
203.37871336000296,204.3300147166904,202.6669457847038,203.21522169690041,43011
202.77318390467983,204.96516998901055,199.9876191180654,202.3889455359512,251431
202.91838604583745,203.18030465251857,201.97977772749564,203.10678154784304,182039
204.3801880272212,206.24246456351923,203.46179873134415,203.83590351532436,408866
202.41346002988482,202.4360279173104,199.6156080105171,202.0341969588313,64290
201.2740879881794,201.47905931547115,200.50823991221526,201.0713703130687,3858
203.3259796762712,203.33234046022315,202.71819534335657,203.26351715141504,706194
204.42584437716283,205.60150922917256,203.61196598404658,204.29545450230142,58292
209.09510397575545,209.40433547102188,207.45384407620276,208.5998665525154,491124
211.61389294654367,211.8159853748317,209.45231069537465,211.09730421121796,725551
214.11825393511987,215.3190939392381,212.91891049276612,213.54810325154352,814610
210.64327859834185,211.9819853367456,208.98730533933886,210.62586959853817,489687
212.49773980167427,213.5856321618765,211.5539521574304,212.26214276246344,755444
212.74078536623242,213.7009574055707,211.37262200794635,212.17066305990878,161247
210.76271694951834,213.23892950302763,208.62440790629273,211.0259574964666,297354
211.26732274877534,212.55145060341388,210.07579100346348,211.40195063675867,835266
213.43780714059415,215.02089124057463,212.077146903589,213.43096169977528,959090
214.9099950362596,216.07669119140868,213.48265576776447,214.52402395382936,398716
213.05826334379609,213.42181981448942,211.11845148426264,212.66900584086295,872111
214.1763515131991,215.70014692853243,212.06585095195734,214.2752884612437,678737
212.2922637131549,213.58048201322617,211.77741339637643,212.93473442017913,44161
213.5230491710143,214.53238150399005,211.65644826491695,213.4179690162222,950597
212.40200246958594,214.05175126032663,210.35421369527666,212.79282463913356,175293
211.71606363712993,212.5238654950323,210.33923390350805,212.34883607489232,586265
213.46264704574884,214.04029340898396,212.82910853779978,214.00359315631903,266264
211.9485204655977,213.58653864602988,211.4833968563697,211.81025877413626,784718
216.58026016934537,217.23189833591945,213.38192985109347,215.9923129541356,363993
212.13221675002578,212.80065258443156,211.6310216805557,212.11571647366907,86961
210.9619854121225,212.1221318634576,208.85838420417713,210.87283653565456,213825
212.17690750353535,212.9922995841545,210.36975986203302,211.67612626665115,629467
212.28014723897107,214.2693438244588,209.91587870859564,212.937893187899,354626
212.96665342422725,213.9988249825578,211.88472169079827,212.74532322233526,519485
212.63959659591706,213.8344437226894,212.60190469021703,212.6445256042937,3828
213.78243801327937,214.40121520992759,212.47159129810623,213.54068541778966,998798
212.86310256612742,214.25822647261631,212.7480166213135,213.06913356103604,346526
215.72647423886022,217.87671650962088,212.91530337850165,216.07995394294738,107246
217.98428342489845,218.70292427785668,216.4218814470423,217.92304316886995,113883
220.5806054984605,222.28921292064638,218.2429323132419,219.85543813653518,99857
218.13824285235205,219.1951922348944,216.16571439915217,217.76329361261338,523169
217.39128318048546,219.17980132639045,216.75666781659737,217.61224350594674,155507
216.39914005496078,218.14979932399848,215.40285820981114,216.98107115246623,765428
214.10880069281325,215.88414730267434,212.96736657277117,214.8315228449823,88819
216.19580222291532,217.5036115015629,213.29261305221465,215.62822584324374,239283
214.08375121141043,216.34686263645924,213.75647611356277,214.49346903780807,229645
215.78490254874214,217.15804146683283,215.1776302469464,215.92547582591942,754410
214.21289359513847,215.5914804850043,212.8127216233247,213.64834445561286,840879
216.6728897695694,218.22110686921872,216.0274082256609,217.37453191645747,317400
216.09941942251737,218.19831948465702,215.32210672885523,215.45638359336493,299301
215.84144916211346,217.4455962773235,215.16929437819252,215.9509969798985,733830
217.18951209768963,218.82877821283287,217.08514528364557,217.68958133974593,390068
216.36545096708969,217.4752495798257,214.57024739128627,216.47254033419756,366767
218.03206791238065,220.07993244014185,216.94728352474817,218.34762249085776,113919
215.8918972160103,216.57873305721023,214.0825358436469,215.7017260330233,946243
218.59498337866017,218.955014758666,217.88401211121317,218.87870815834995,168491
218.09453447119844,220.07378167548646,217.06840120898084,218.9315721404114,282663
217.555477841478,219.51676561963833,215.41484669940658,217.65148936970454,956535
216.4341871986737,219.14415686552647,214.34382949737892,217.02299012564845,143097
218.8969436674609,219.92096943692312,217.09516077046442,218.80753020908475,106706
217.03765184439396,218.6704011282136,215.82066674143684,217.5541821815596,397711
215.7408359752554,217.3679486284683,214.32689032345183,215.95161027661663,805153
215.57397003321694,216.4808793222817,214.17818762461684,215.49527641453875,22472
212.90463899959863,214.39009595354753,211.9467342708275,212.9951443532142,262242
217.038670610578,218.0682575160719,216.10852867516297,216.9300189185196,967444
216.01989539268888,217.75542186501747,213.9213785607023,215.72638361253226,269340
217.04581859406056,219.10923531389412,216.8042211269198,217.54963470082922,589826
217.99953450209165,219.6477095900527,215.9368065933471,218.02761538652996,109917
214.47541419061568,216.8597552581575,213.58026424985178,215.91318170746985,652299
216.0287255610634,218.3570360625827,215.69350547135534,215.9219162001846,429995
217.5122262811725,219.04734277616762,216.78062707790102,217.64316656093462,52811
216.8282187285931,218.50299424561538,216.31286654875083,217.255538544585,796788
220.02399899111393,220.62184183330382,219.16547592046794,219.88515496292095,440218
222.6861074782007,223.7346883782676,221.4500845768067,222.1650426636669,495255
224.02489871618084,225.43651852022663,223.33066444352286,224.23838161486393,891043
222.8105158003774,223.82099867080674,221.90231144096535,223.23234210339717,104117
220.92973140148098,221.84063541299193,219.79547019873152,220.85683748634585,54865
218.9413824592247,220.51623381998255,217.34495409333462,219.5277880135949,679500
219.6904686704582,221.11782090166398,218.7534576026758,219.98101139405057,734806
221.7478484542107,221.81173865943043,219.884651029213,221.2070405251901,171437
216.5037210510307,217.4983799300527,215.3895252649456,216.47680032959724,525466
215.66714750611126,217.318224566332,214.2390552302741,216.48088484890997,870389
216.06573431919907,217.9157113697067,214.95515082299104,216.8450718850614,217826
216.33579789477028,218.08937903020322,215.60401836656442,216.26569074620963,382610
219.47618616606331,221.92492290223916,218.60632603811217,219.09828956582083,745706
219.33445421475736,221.594412718589,218.09945016094045,220.0463576347624,809600
223.17119794861074,223.4605915136107,221.00402116052172,222.97065252152944,547849
223.10392810464685,223.9882628019246,221.55228299455513,222.51189359867038,431789
225.478303068667,227.0088249707096,223.9793174601986,224.63016292457945,916383
228.50731423967352,229.98115705088156,227.3897549630495,228.35604080354227,581839
231.62878365990167,233.47300675573854,230.62698042064127,231.39424125623535,24744
227.92713993774592,229.9813942942438,227.2435731244033,228.90372767233927,306661
229.30556589567493,230.20203583744097,228.1938098163037,228.3466230883628,859299
227.32062386031694,229.9169432344453,226.35069787334442,227.5825669402077,360149
228.2946141792879,229.90549008678332,226.99166114528455,228.72162425839457,977687
230.20233566527804,230.7690122308109,229.79849457881053,230.31989376482258,725464
229.1092683271776,231.26871504735632,227.87847365753484,228.4186794371606,230072
229.60604975958353,229.72354228085482,228.103734719476,228.59654635824666,112308
224.10398346522712,225.33322421815342,223.859595843891,224.047788390664,168826
227.7783481434308,229.44298881863565,226.83963587473974,227.3245700326438,127056
226.2049580109982,227.9539980257868,225.18874340560052,226.18541375974215,883978
225.86465974649016,227.7472258018708,225.64470673692503,226.33443745564935,479449
226.32371788288214,226.57100636237175,224.62206822613336,225.6572420748789,924744
227.9969988894308,229.38212728268738,227.3381788474817,228.2810387042753,932692
222.59829667248158,223.52552860386126,221.42566282236126,221.91677659330855,754516
222.4784057353508,223.23219215634018,220.54148678734188,221.90210761953716,714195
221.9618365012029,224.0119222560978,221.0068652238757,221.68958561138882,636680
221.5156079943422,221.92762742927937,219.91593478983634,220.70826829193706,779153
225.57637578021476,226.91817474981502,222.57635997694908,224.57372325966182,685146
222.53406682446453,224.52257773551617,222.0356276559863,222.61208940683287,34077
223.99636212226378,225.73781931611063,221.82412970505086,224.35928305936486,617998
224.34290988987166,227.14685883604238,223.45526876219898,225.182511819196,368725
229.08789409594263,230.6207542223187,227.70104570315962,228.06403152660332,948391
226.3708962248765,227.99481795427258,225.6152350910376,226.57013384809903,174733
225.44863509348187,226.82398553039798,223.76690891350128,224.93800923140043,698125
227.1026091528303,228.99555426533487,225.11239280777977,227.4397910846838,908848
229.13482146070314,230.01547427125163,226.74245136917926,228.43204313422967,242587
224.63754046179383,225.1987101010659,223.4712851267876,224.95252690461234,390231
223.23165749069827,225.52425699864912,221.27171301690535,223.76498752483224,101196
224.56002984667305,226.55995106652145,224.41561278907093,224.65371333460888,305430
226.32537802672715,227.8704444464078,225.02438629083443,226.5663429784305,953189
225.32355455183355,226.07948649305598,223.72061750393243,225.0551538718921,192040
218.59050634403587,218.68443089683527,217.28630195700666,218.6129775401639,335179
220.0577011397587,221.21463718490935,219.74452279998243,219.78178603301507,129809
217.01137101226198,217.34471913678016,216.58835882066353,217.13775451062222,481357
212.53942005476299,212.93596209008064,211.58287008590725,212.82251970791606,473630
206.65846758362537,207.9215765423653,204.93403193343548,206.89994487400605,439586
209.46500057188902,210.03237663773908,206.3701044662038,208.61180382913415,789673
208.9952536525683,210.2567340956691,208.27307474133207,208.9011767071634,712753
207.62411837526514,209.39379312741295,207.40186513955783,208.45115341659462,281501
211.16799924057142,212.0601650324049,209.59537111320606,211.38793105471154,350590
212.80195434421157,212.8263723560006,210.02822622717423,212.7607357675307,799664
217.0472851184523,217.57717038738085,214.4497821957077,216.24915288285092,955250
213.71837799455608,214.2636997839012,212.69218346701555,213.27957714029654,297227
212.83415143268292,213.50955135652592,209.94313621471173,213.22722210034968,620703
210.8435282260714,211.68961528674708,208.3471736471886,209.82864759173583,508433
209.3557771627925,209.69507290190205,208.8058078352111,209.36882518073386,684365
209.39047494470668,210.33456880455802,206.6134322621015,208.8698335443455,213066
209.7181946123657,211.4063937649193,209.21696297534618,210.20376889087458,486900
209.31183252173219,210.85092003300375,208.65527688712154,210.3205987177642,341946
211.06080360217987,212.98541962572432,209.54541606013677,211.65701240503694,583242
211.78669479397942,213.3677082255688,210.74358516488522,213.17245794651237,716571
218.7579939764231,219.12189085644795,216.72443445871014,217.83780815706172,360325
217.26695261843992,218.27949224981623,216.06269358075255,217.1737707725411,551353
214.7633218066169,216.68049674744867,212.9714569646838,215.1612168709804,171635
215.9081892957796,217.54956623545533,215.28727692977512,215.71291559742667,222387
214.09165662713306,216.19771304855203,212.75789757355523,214.01061763908703,204156
217.49727743797317,218.33904266020429,216.3304927291879,217.2275098074022,802931
217.15886833107535,218.16159854650604,216.04069154925986,216.63481510817002,848165
215.30966238416252,215.84433131238356,214.72087857383934,215.43458046810406,248159
214.06568489048328,214.70866651761025,213.44246925251753,214.4430357139648,126147
216.36839581341175,217.59860511941804,215.44812592988313,216.0107790755,215364
216.03797862363677,216.61531538551878,213.77837905332848,215.6918653167035,244110
214.37688756648626,216.24135285592286,212.72702466606768,214.33370540844234,993488
218.90401433835692,219.03816808839798,216.99016130553625,217.95479757355815,322835
215.92906791199334,217.5142317201512,215.76361597024092,216.11831066712446,235482
215.8276808962521,216.64552059568686,214.21639575093457,216.21680973593698,495723
217.83557781493903,218.3885871065337,215.71003213852367,217.65357962332575,223878
213.86405921024868,215.57026265240975,212.13120770326626,214.15313933207284,571263
215.41890132747622,216.0592035711883,214.75502288010745,215.2056254404868,425361
212.61339846259568,213.70351122280482,212.10198585707087,212.96820701194022,593506
214.57727167317975,215.29968993291982,212.4384225546468,214.74917507335795,860890
213.51749170311274,215.7284844127902,212.42119663396892,212.71307872884978,651160
214.0394611302953,214.88747040635073,212.66219423146305,214.21322548210267,538553
216.27078344450254,217.73345849609015,216.19872019386966,216.6168728912413,910545
219.0244169472525,219.9868670062629,217.61710460040354,218.51280034639973,691265
218.62402327408935,220.32550735893176,217.14711935323191,219.08455739505376,405983
218.29730214495163,219.29011360384183,217.2254400970278,218.6002572817352,483283
217.61621177231945,218.57318957366238,215.93709275246903,217.36556270753002,413406
221.02282299473814,222.38915426516868,220.31727031525799,220.60877939715206,261755
219.62771977064705,220.15723749990408,218.53642955108623,219.09292428755532,202458
216.53013499999136,218.64715423060647,215.13449972936587,216.8542114023289,129416
218.58397982294582,220.45428087162463,216.77567380972138,218.32373414480776,966059
216.41220834790101,218.09133493428655,215.18743675129775,216.6141396011116,723853
214.32743842857636,215.70529114915297,212.64685985699273,214.5873705282577,371133
212.04202144275328,212.88421086476023,211.52698056564384,211.5329830645539,231307
210.30358359835122,211.85564375402703,209.54619497923193,210.53498445072546,295959
210.49900798346303,211.30437903709702,208.17966048845875,210.3819495329032,478406
210.98071133110443,211.8797374362494,209.0483989969928,210.91508321770496,629359
212.4963603914078,213.09979098812127,211.02994117784317,212.95239981952489,77488
214.5124902737072,215.90269541090166,213.1281092042653,214.09881160923527,418518
213.95139374210024,214.0913729090597,211.97989946051155,213.711916335152,660921
212.462706279663,214.45243191406252,211.12686304233188,213.31009796969172,244682
214.5415077626174,216.1964750419635,214.32654463872976,214.4225370855922,276735
216.85460354594397,217.97051947556827,215.12252351616738,217.19036831567374,683000
217.96382993192128,219.84881495585924,216.9642569433472,217.4866315061208,82216
215.8645417973919,217.0876752800564,214.29324982040782,216.4903720943715,525966
214.22014635533185,215.83099923251558,214.1875674054883,214.3729844186151,275281
211.4712700406043,211.7008522908319,209.24796794018758,211.31826524042566,674334
212.7753117461067,214.49738560390736,211.86388318400813,212.75218971297005,822718
214.3333682645449,215.9682970136643,213.64899427265382,214.00681173653004,57284
214.61377466637148,216.64631277393735,213.98399391388023,215.26750850193704,386852
215.72258831062183,216.5466804364994,214.15444365494164,215.01222475726527,281094
218.3095416430933,218.48287901085698,216.99386634751932,218.08049402984193,79948
217.63923220911875,218.47237239534147,215.10542989389066,217.04898130313643,515587
219.53741954189888,221.3663685563962,218.01234535772434,219.154232674975,248327
219.08616310691446,220.27212723504277,218.7547404275369,219.09125045590224,897262
217.22487422678446,217.85847075963244,216.9401392365637,217.7842304650402,623797
218.85345819599658,219.45662484488443,215.94870282876846,219.10040765949537,658165
220.72124098274608,222.65463858466597,218.83228966146626,220.02176392600904,320967
221.44256148292246,222.87390823917121,219.0966230019899,220.8306671835934,199728
220.75842670082585,221.31922983953072,219.85884459322352,221.032329955311,485789
219.72516056255097,221.0364233856776,219.2887499066894,220.9706858245195,11821
226.2381712289881,227.04171580113393,225.4336336023532,226.33444925674112,645786
228.9218695620099,229.18058153460998,227.6891302729712,229.05366836586077,126646
230.6231365319862,231.7842217990673,229.78844429223818,230.73840079811694,89605
231.26381528803086,234.12105107591444,228.5349003783332,231.0196094480607,772485
233.79041690406098,233.83930990843572,232.6459921229285,233.3814334085955,736887
235.08161609208378,236.12583053192085,234.18629622535292,234.6169340051095,985982
234.9111094213177,237.01022335029538,232.95889979163098,234.70189186449554,619142
233.1710904267746,235.70986160300222,231.3532868543347,234.01390118095318,241373
233.68842583187944,234.91289544480725,232.49896778369015,233.84800358450724,724723
227.61706649201437,228.6552174595084,225.84940105926037,226.57297752652,434364
227.2433004238654,227.59149866413355,226.91395098461044,227.07335112782602,59114
226.1557013063672,227.10488417777614,224.03189677263384,225.98945461902554,320554
229.80560381419977,231.12246395425748,227.8939259777691,229.6404987531909,732989
229.8987264686212,231.8104126895701,228.86249249829484,229.70789451160343,713148
225.93361669149127,227.72833354141687,224.7635703315131,227.01562408962087,27994
226.81639979607718,227.93049842802932,225.8365601044632,226.92510795902487,828755
224.5690074440331,225.06941772875143,222.3488754057737,224.58602784518624,595319
226.25272289565376,227.536927816356,225.24864460423862,225.67432168571403,741177
226.37608754220938,228.0402547562912,225.6437942040072,226.35450559322453,488187
227.8032502058674,230.1303986924324,227.1540516551379,228.55588995644385,369377
226.973158517846,227.3112211407255,225.43318512802585,226.77808892403885,542740
226.51317149207384,228.11226121985248,225.3424634529002,226.87791160705703,260980
223.27970840868633,224.488725835665,222.02929638304337,223.82440104331263,537414
225.0465021440624,227.2334321095501,224.51580229344063,225.42257871079397,541509
226.8638142900567,227.8883453027612,224.47532951085412,226.61793191689122,813318
228.3404893163315,228.44129250538316,226.93849475360295,227.7670805708996,958979
228.013563086706,229.00327690789436,225.84300272587856,227.7935464369208,762160
229.05237696679342,230.51268154687463,225.4650522157896,228.7632096443846,466210
232.70614653207218,234.04002239678582,231.9328782991536,232.48619354236158,786290
231.8945011691179,232.69792563110497,230.4501354133247,231.84751626054828,969098
232.51604668933598,233.27037055824675,231.12311277350128,232.19240269205255,157976
228.59589570850522,230.17514079714746,226.06016266558632,229.70711558005786,647059
227.79466460412394,228.66387235504388,226.79709665185166,227.74406517868363,984268
227.51327159877073,228.54442657913881,226.20596340577026,227.98973596426268,300757
231.07978727736554,232.9076880037322,229.23396076656095,230.5435878146591,911521
229.90881724044348,230.50466299969824,228.82852084159455,229.97650176506338,461722
229.47173581655954,230.70327697916727,227.7901981645292,229.45753327257265,613469
227.8606906705692,229.7286315026471,226.65754311227488,228.54865497557375,828152
227.81482996486565,229.6002153212196,225.88705902164534,227.35247193255677,898149
228.3330108808877,230.22089215942023,226.76052167665495,228.0468904266764,556993
224.93061277282104,226.52490067412634,223.9644238091019,224.68034229113587,5227
227.2295449394695,228.97860958920074,226.2767455940842,227.5996323439512,880776
225.7629118354254,226.53199853275774,224.25791563464273,226.11277153444226,281253
227.87563000913855,228.2842998252604,226.25814473516462,227.77376982779737,535096
224.60941275972837,225.47579463015603,222.64744344192732,224.9218284643255,338769
226.65084871266333,228.29537355441826,224.05851373518223,226.4538823130855,410287
227.0180588870458,229.19362562355786,226.2378447277837,228.0034499439622,30017
228.680816314954,230.64505561991587,227.4448828355337,228.90401813091265,781202
227.47618722780953,229.29790939158286,225.65988159158928,226.66167692083573,535611
227.450484273813,228.09238236133442,226.86939306143032,227.25073731690824,449553
224.67545696258213,225.8204531899971,223.0971322499262,224.6005330706492,347546
224.94555042286424,226.0615095643681,222.4128299400186,224.05594680073668,235661
225.33925339119048,227.30631336897557,224.9406223206877,226.39695898243178,608658
227.85853601380688,229.00564485959407,226.97524194722573,228.23069405700784,367639
228.1050103154561,230.241014402042,227.2875432200295,228.28817649913327,579601
226.48436814653675,227.6521023383294,225.9888944608119,226.09622819404032,349344
227.98192630209235,229.13082625625285,226.47027651457208,227.58335667322083,891677
227.25594004563,228.2402268959116,226.9004492666773,227.650233304316,287560
222.89507612849866,224.46105608738094,221.2327237094568,222.45108408683913,18639
224.04044058001267,224.6663110829175,222.73935606204793,224.221304106201,460152
224.73266683666597,226.16302656881734,222.80411174672392,224.1893933314447,834202
226.45546249248576,228.38703463053838,225.02336572642528,226.92412557509147,325744
224.4193397573846,225.31927635167867,222.26652494411812,224.47470042590342,432623
217.26442372825517,218.77225935808633,216.705171722967,217.47762457504,284880
218.5678825957549,219.7824662158822,217.51298184624002,218.1072268840598,535462
218.53721833403827,219.83394926020836,217.0149991554428,218.76595179488345,178519
215.1016760352226,216.20389230526007,214.11133599694978,215.11993908517312,442965
213.2625088420266,214.36834862608197,211.26208630488586,213.0465599923525,830367
219.2588145324302,220.44056144312432,217.55580650545969,219.01996953974287,111149
218.76085313406443,219.89419319424857,216.02501795074204,218.37347928036303,37232
220.09044044882933,220.462042783615,218.9578349547067,219.9975465829719,546738
218.409763650475,219.58576240910196,218.28879057013737,218.59261589945126,581085
213.9424652600467,215.33283209950818,212.6541071017185,214.09220080807404,806230
213.76035005974748,214.89154122805448,212.7265892206036,213.74937517707755,143446
213.310147772393,214.9870323375636,211.7958369246178,213.20371968378473,355564
212.31159218147988,213.83104459009527,210.82799666019076,212.3741030748996,852527
212.16013735809793,212.6669394253444,211.43144591634683,212.15198927018068,460839
212.08910858206997,213.6919847181155,211.67066037117223,212.734653530764,196251
212.7203265729951,213.5852453020738,211.4676122343263,212.436784950896,4874
209.86543903409233,210.91202843809734,209.33974880590054,209.78944813981744,830939
211.2554328999019,212.30982055366073,209.72779140715892,210.8329782536797,229411
206.78360318589273,208.1968791643972,206.00237357990494,206.7835368053141,872512
201.9027412269771,203.72798465134852,200.37130386025237,202.60716483646283,138571
203.98441851771227,205.90498834920888,203.7890941351637,204.13075830257995,141656
205.10684192448875,206.36318666357886,204.07740331550357,205.1888887219826,960979
205.39638828829183,205.91156935066198,203.0963920592459,205.09166174144266,429677
201.4323074389221,202.99761391486533,200.01700295791804,202.26981513316971,331583
200.87960948773065,202.24787427339396,199.26780891347494,200.86306659961974,193374
200.56186861389796,200.5934561468079,199.15004961102179,200.35603275717392,62844
196.94276555709934,197.39344189280112,196.93973307369458,197.20366122276337,334731
195.80043785627413,196.78572359907238,194.69455687736095,195.77121782354294,769017
196.82503065345563,198.61973528302408,195.59970270773974,197.07217354896105,177495
199.63343642804537,201.70870996499926,199.28101825889874,199.92515639359462,448744
198.9456272432127,199.9741254670775,198.0264311082381,199.1082667801692,623812
200.35508540914503,202.28200851008384,199.6131280752106,200.64027227889505,728312
197.12525060781635,198.15361435032776,196.06912902074973,196.85610173589026,266156
197.8870752703421,198.2587902911571,197.15669937111718,198.17837841266726,41312
196.2561295559526,197.5894660066533,194.44925470224172,196.61117394886435,825566
197.9335006752828,198.55566022355106,196.60685356804078,197.23610195770937,811865
197.14581061821784,198.6746157851083,195.94111815547183,196.76772536463105,606573
198.66065933651552,200.38469822678778,197.71457496322964,199.40304219090444,481825
197.38439084467942,197.9173142705664,196.74702876543677,197.68675997538514,125150
199.0477267797334,199.14742094184433,197.5268836965886,198.95125015705136,234644
198.54425980556988,199.52448475425092,198.2218964248889,198.41578357486773,284975
197.53114211309372,198.5696245840158,195.86995851912206,198.1217401937059,775266
198.23587367341966,198.91889619497795,196.7957567666909,197.77759707497088,846528
196.45541493964922,197.57385348986983,194.38516820597664,196.13170958739448,327098
196.31269501392555,196.67174121323927,195.4878969788567,196.1236703802496,444003
196.55233496764993,198.12120813234097,195.5678918964311,196.02044193099042,274199
196.69130556958956,198.37754399707472,195.7031088586876,196.5135433514645,233113
196.8758176765183,197.2597052706843,195.41731013347106,196.69934654487557,186574
198.91286503035138,199.72957489371808,197.63375048144258,198.295104681818,407839
200.59570254724878,202.19727457450983,198.80352048217333,200.1548736152424,593520
197.74943884788226,199.07245225650132,196.17853129203195,198.08281518079593,619489
200.0842476105677,200.24762925729655,198.432764977542,199.83118332690592,797123
197.23189007226955,198.39682433674398,196.18462709499676,197.49426826411226,77989
198.87886533142694,199.36437140724237,197.62816057288734,198.67853595527095,550364
200.12422168851526,201.7901745214551,199.30272600215991,199.93363954228832,821856
195.62539307469967,197.50561226966303,194.679763981142,196.16817759760036,413958
196.32244044294532,197.16730799990623,195.9440667628075,196.37029416001582,531752
195.5757055222777,196.63698614340655,194.95482278028942,195.47200487786333,920400
193.84455165438504,194.2225324624308,192.5762088031685,194.01384432878046,494628
196.79592226922543,197.33488089014375,195.9618797116718,196.67213291798444,731249
195.72522237286697,197.61589622798607,194.8655911647854,195.4102609830082,983964
193.8483773909333,194.86066323316825,192.61788739503984,193.8602389484172,328805
194.1135950391772,195.62578991216193,192.835174640868,194.0264385660382,758439
195.9213603446416,197.03733610606082,194.5300637574963,195.3807714173105,578727
195.30838839036153,197.05500113827176,194.2352885155205,195.12372463075863,453529
197.5119553735076,197.70877852525297,196.19912845223672,197.43265682737578,602301
198.12324920757678,199.3840461021029,196.55671416481655,198.5036136456131,740520
194.50664826860017,196.43894440536093,193.1575500537621,194.24596008495178,214580
193.36712883013578,194.8886420099805,192.96437934998474,193.239532786196,33397
192.66950070231871,194.39892463986774,191.34287139349362,192.176092645631,249854
193.1369384822886,194.09870369597334,192.389122965738,193.11883222321046,616142
187.45117156966512,188.77210464669213,187.10606614967622,188.1345766277569,73062
192.3548034360298,193.38138084241675,191.1056901410944,193.0110877925726,69763
194.34368775903462,194.67586304620986,192.75320276279567,194.05815805117683,665377
194.14506318471845,195.8091472164007,192.7513685290427,194.36671649942562,772751
196.8684023807615,198.15584951140684,196.2978255996932,196.69658093415003,253607
201.42705840665866,202.39396461649218,200.27902167275963,201.38104982690987,716360
203.0947492176431,204.48808897416052,202.0830988720772,203.16254035908585,485481
205.08032669026858,206.23311625999926,203.8657980763928,205.11985791668562,213394
205.0531272242153,207.02863091543998,203.94805911979765,205.40864419407754,981695
205.13218329009632,206.7506484434463,204.1142431048622,205.138656517904,850931
203.9466619556142,204.55337107491425,203.0081343489572,204.18535195018958,308047
202.3749690521006,203.7046419543922,200.69110370424153,202.52575211553733,27971
201.02904512474873,201.16058282775157,200.54364884014518,201.15925512626077,384049
198.39060887101837,199.55220639540684,197.50172225013267,198.48059730224617,878678
198.71572432749886,200.0695572371017,196.7146795279668,198.3498983048636,910163
195.0052230597597,195.26238930829217,194.50467736859994,195.05585598233804,838089
195.84831084190822,196.58286182631193,194.91658197709842,195.44814938748786,827232
195.9976770210408,196.9832668495625,193.9894811073337,195.3966934759711,249004
196.03821206290513,197.1559719091617,195.5610578122838,195.7035806040452,601254
194.91200905108212,195.72365947376366,193.34448110437552,194.70388285300092,581520
200.93910651588502,201.2371264466944,200.09877373925283,200.80784557218507,544807
203.93041629884385,204.91702724682648,202.30978835417534,203.57808016955104,391929
201.11620958668192,201.12491174412386,200.81126777944706,201.0802722233959,465837
201.966143512893,202.83501714909352,199.84475470663847,201.5692255501937,441970
200.6135197968209,201.35095085323744,200.097273992635,200.36742619758314,734677
198.22209119495358,199.2767740756462,196.7998772137012,198.36485059343394,614440
196.09463859564076,196.7460716655239,195.4554731014528,195.7439238627064,507518
196.64742496436983,196.74121742571708,194.56179768113674,196.61145293059113,277739
195.25440945613056,196.0577070533664,194.31995023183606,195.29586374032485,434926
197.02705744699523,198.75167374530668,194.88880726097972,197.21488457189787,58512
199.2706047012473,201.02107389640685,198.69781712678773,199.20446131093067,509080
202.3829767441679,204.87593082569262,201.2387629489187,201.98044481955358,18552
200.64221933926106,202.6636799128186,198.5572331425837,200.28613462399534,312882
201.40286614197024,201.68668028560512,201.11542582253975,201.26061763408097,541726
202.80071233574867,203.56622158797904,201.96992414058187,202.557787357612,794209
202.13253545884584,203.12938098171466,200.31219172774934,201.61973711325675,622082
200.02967621337936,201.0387791568137,199.6408868789796,200.08968963069026,557939
202.90291000599703,204.4157689764688,201.57076063570858,203.35656596905923,618134
204.37054827688507,206.86852335481467,202.71669713037087,203.84010338970205,815753
204.94372696993358,205.52092761064907,204.84964486140828,205.16110675497626,795759
203.220819113695,204.0836835575942,201.6147027207065,203.50178920020218,661502
200.33342203923664,203.05247376605502,200.09047755400618,201.05569361035697,796161
200.1624663323273,200.79338962944925,198.47174353459707,199.9340284878753,633993
199.05856259663986,200.9405232829,197.98654739934605,199.70619085122996,205535
197.31538666210417,199.2133481905892,196.5981526100221,197.611906809281,85127
197.8446990361403,199.12267628596118,197.27947553792555,197.61221348610414,855533
194.60353631845803,195.68850881108858,193.15939596538934,194.32296456256063,543400
191.92732945635288,193.67984519599466,191.47007686956093,192.1778156156173,22880
193.43892629493752,193.9398936223099,191.77073599319726,193.49084117510992,685346
194.3423647519455,195.36563338730272,192.6451045054987,194.68212185979348,867993
193.7273815392739,195.22143906956762,191.80442377772548,193.94009378819638,525995
192.09767415071826,192.3297891854384,190.87367957442495,191.9954499134245,739520
189.86130670022868,191.80991821785008,189.14228853067843,190.05198459396914,365807
189.27034805889966,190.4820064822821,188.4925808829545,189.3628385653557,412175
190.04795362737278,191.64685637195586,189.3087170225593,190.60631832338635,577429
192.839058310369,192.85997389825914,191.29792323253392,192.40308977698783,130363
191.6645853609398,191.88311607412047,190.26112430134063,191.46926121341158,636341
189.59247691086074,190.313733902902,187.64645674330558,189.29229515550836,760807
190.3088574664911,191.72138491070586,188.85840883940102,189.8189630724088,321672
187.9702401242688,188.51254090694056,187.82168385845543,188.28098390855232,505121
187.19219502310253,188.70614569388778,186.48503210055526,187.32646856882292,874331
189.12512046817244,190.5887413622954,187.29674289983015,189.84456849393467,13418
192.64286505688762,193.47695656844232,191.3772311159718,191.44045706232967,465974
191.7049284352483,192.8669982691409,190.32130772228706,191.76229808289773,776634
189.75099975780162,190.85306440199074,188.63270357128383,189.35761767671718,807976
189.3073635760157,190.3205915825334,188.86256565638132,189.77731336699046,263712
192.2061928139381,193.52755854487467,190.63714787383532,191.82393052566385,838026
191.8338981197668,192.20954618857218,189.27321313029674,191.12383832300858,360347
193.71967856623846,194.44995513117902,192.55322796391872,193.74303651695885,355272
195.88668815788034,197.35544015894266,195.06154146449094,196.28352692879568,722842
199.54102951398082,200.38786626634848,199.3191693651265,199.59643604791083,61176
199.33492894393797,200.3228980499936,198.39736657073203,200.2266429133596,406452
201.41109743616133,202.89155208521797,201.20897122074217,201.42636019673472,992283
204.6510466304769,204.9078502465717,203.48396305210795,204.31557388605626,669591
205.23756275747178,206.2369304338181,204.25020033789175,205.25224143078367,537139
204.1303758566259,205.36144738578543,203.70545307073735,204.24644484439568,49742
203.56726265517023,204.59720744670085,201.4889771690755,203.35269785574215,942081
204.10504125708854,205.84136953313424,203.59692627544433,203.85876973271428,557058
200.59671523935504,202.23904135120102,199.7056400779284,201.26487661581805,557311
201.03255811892305,202.2955182699816,199.6699711826475,200.9968518473435,473567
204.22347445476004,205.2103410793753,201.41933834875687,203.23332772857123,748856
198.31735979201596,200.20818845601806,197.7970660713814,198.84829119033284,996466
201.9088073921479,203.7972445952448,201.3984716184017,201.94330691529822,934461
205.03623350302152,206.1460178465289,202.56091316363498,204.24305717457213,742767
203.77552303275414,205.27236654456735,203.0720406350993,203.32650687763194,885969
204.2448833700376,206.36973732891252,203.0034156230957,204.45481621806766,152983
204.56600097151787,206.42173223833066,203.20066851574958,204.48169914615914,472327
207.03216363326092,207.82890029112147,206.0475003824921,207.03303800830605,80900
208.78561332062128,210.79409612205592,208.75314931129697,209.0984546371038,534609
206.18132362205284,207.396905455971,205.43544899756503,206.2119469653577,710215
207.33110235741506,209.17979396620893,206.76044759900338,207.44725877101394,904671
207.08851833864202,208.47723401049373,206.8377194492884,207.0418308455114,710240
206.92394127664312,208.44167644697492,205.81304202238047,207.234122339892,673359
205.22582525709245,207.0477831549526,204.25417352237358,205.75115659956523,985964
209.38324201670795,210.6078739907967,208.14621350892736,209.40053044839934,441972
212.33682614038293,213.5860035049824,210.2677155598012,211.61095054748267,754023
210.1068331226863,211.05725199546194,210.06274009192052,210.07229600776913,168768
207.17052047053832,208.18799117035542,206.93321591855621,207.3080045598078,478481
206.8421498501852,208.9704572782963,205.0262764331123,206.53066616286804,260337
207.3850567659809,208.78518808885792,205.39976154146967,207.45074380876574,530177
208.74743887359227,209.43214826533193,207.5341722034012,207.97044758657188,855740
210.61240348271897,211.49183777169063,209.39575527696175,210.61405154158766,526206
212.60299000782055,214.33969607413187,210.72997888621504,212.30555117763635,49043
214.07188239361435,214.9939218924128,212.8489610472116,214.39544988571222,530483
215.33531827727754,215.4545961609884,214.20381892190807,215.11887029360827,877070
212.28884182111548,212.45329191975398,211.51903113658247,212.1721074955926,159890
211.754539047142,211.81805968101244,209.43459705588745,211.77847260868873,562911
213.8420515914972,214.29308458437876,212.71112071707438,214.05686097414804,164450
213.69496067473676,214.27983417259304,212.3771410151659,213.96799674755508,669473
215.19011765549146,217.1603364278649,213.78407063449197,215.06866723322773,279232
214.67536659188949,215.71900280662928,213.85620335669228,214.40567036901794,376627
212.17627181972085,213.060112107822,211.08304141485158,212.23024740315682,89163
212.11162904972403,212.2536931064071,211.13482064351786,211.98983328891688,879495
212.6511350940571,213.6392829261721,211.80487773267154,212.66726151559658,705785
211.3401555881757,211.3849563593849,210.04110719698315,211.29851878192775,527633
210.7376156189969,211.6425988096594,210.26280879171563,210.8221320962289,718011
208.87920413255085,211.2172899884736,208.58227632831264,208.87169620627515,413673
212.38362538658063,213.86848654528427,209.86892584184272,211.24373708875112,714659
210.77498354741869,211.69619785376474,209.92641872682424,210.64369594644972,503048
214.0234050796304,215.54176647861516,212.90004486920327,213.74754379985808,758421
217.25217138575715,217.99851307892703,216.8913194895405,217.0620148131407,89272
216.79384171183506,217.47137518080453,215.0835012545721,216.9078557790431,662050
215.30869383783093,217.48597908101527,213.3415512979765,214.75291791921018,163403
210.2183331631511,210.67172355438655,208.72069437789602,210.34082041584477,652229
207.72533135791517,208.54327816163888,206.01062777267987,207.28793120839057,824992
204.34337978795386,205.69019051483826,204.25099019160444,204.48005712006298,482725
206.940922982336,207.79334388482738,205.76405059608618,207.3390024713745,212134
207.75176265429337,209.19601444529047,206.94141829828735,207.60005011201224,560944
207.9707941334839,209.2817338015323,207.53167863325396,208.43128903231505,216710
204.09303317631273,205.51999675972488,202.54941169851938,203.87462627492656,342670
200.98582629898914,202.82849778684832,198.98088681232085,201.4669934071769,304700
203.15274644188415,204.15065582609722,201.22685469668198,203.2824439060045,573437
203.30280857972053,205.95240410665647,201.90684304800067,203.8866296645507,584952
204.75711905626713,205.3722079246004,202.60750687994616,203.60707826960734,16490
204.10346993991018,206.6334414318103,203.21493139706598,204.78086849004146,901895
208.18312032683474,209.957839734347,207.70303517478476,208.1790342968376,709896
208.21517181792913,210.36242130643078,206.86955389202396,207.74015141181098,642215
208.33603964251333,209.48650627846365,206.29891401842698,207.90509981097838,21745
208.6814507551708,209.23116837771687,206.14567654889663,208.32673610393059,234220
213.25617276357156,215.78803088004403,212.71225093572212,213.3915604851571,436011
209.54400418486048,210.3813201483658,208.7734518576551,208.9793049270602,597210
210.81744583408548,211.35700616149066,209.71600564237073,210.43303052350416,628365
210.30186361210093,211.23363541110345,208.59147680882305,210.21260749970173,534471
211.53028892728094,211.96496840943954,209.05699905806998,211.4285576420758,819789
209.93656147144682,211.4461444484076,208.0618020251553,210.06424803631188,120464
209.6003905282963,210.6507853201156,207.74419972829057,209.98241238192134,359611
212.02604657933514,212.9033144162346,210.98426433892394,211.50272497429842,606768
218.7846609349107,220.51378974991331,217.6586330207461,218.21198192095807,784246
219.61534031746535,221.51602349137895,219.38945032788928,220.00435604195155,890651
218.10117763835905,219.2693213050189,217.44609749259752,218.16827972821437,179183
217.20512986965093,218.46516529338874,215.52346403702452,217.26745226332181,104863
216.29206313895244,217.3956742161966,214.15651176764283,216.3061904872224,363081
212.505336762711,213.29299518876664,211.19537972402833,212.47801426645142,848645
212.2000689077248,213.25946077944542,210.9020884995062,211.79898032355618,333361
213.0592630387408,214.7592380585929,212.67579353410298,213.37814272172966,751459
210.3408815676501,211.6712694994598,209.36017677112852,210.69752800554338,901599
213.4662202152387,214.80236994449677,211.74511091706862,212.9395696637794,69282
213.80415775533618,214.53503576613315,213.67356964332336,214.0021717143258,459423
211.92121184206178,213.13527906325132,210.27576680378505,212.4578955084092,69821
211.97276568801087,212.7721059113522,211.18247652620502,212.17863410496722,69786
215.47640806519854,216.33127412877823,213.84218165099972,215.61873917446732,48099
217.90350548920165,219.8344668034772,216.1489194290869,217.22794278031375,388642
217.67062163003425,219.233086684456,215.98867851205614,217.26874995984784,631589
217.27213470289087,217.656539221683,216.14724919001077,216.77462799332062,221188
217.31826280010836,218.6900832233694,216.10194926693387,216.96245580982261,659012
216.28508753259993,217.1130815812233,214.38135568213102,215.8765439055583,850981
211.11058193615855,212.02574127089673,210.13831103305534,211.40150513058362,47214
215.69895077882265,215.90178532087447,215.33548123239976,215.78466137650585,925075
215.7137784619054,217.85262741934974,214.56300538661495,216.14170242393027,278637
216.93431899586588,217.22283003147746,215.59864895949187,217.02568161246302,667082
217.21852887540362,218.27075942453166,214.9436976408053,216.9217343931225,235301
215.4124537335912,215.8779743199473,213.5330925119287,215.3544875049363,166604
215.53983299442942,217.11920798374516,213.94276476935644,214.97595930011008,153643
211.1031371748892,212.4318508410426,210.39425400005504,211.58615272716798,891317
216.69765749460663,217.69373255466436,215.54693665428687,216.48107322455218,198372
213.3125102505008,214.8510073953038,212.58110442673154,213.8464003720089,417197
211.71196059697058,212.96269367643865,210.29231046298236,211.67209153656356,513016
211.07537958541005,212.13899143981968,209.05085842899382,210.76330934110237,857215
213.4254107001771,214.55687696097482,211.56444717467863,213.51701059384314,878004
213.80475538868615,214.5412687430925,212.76560514012564,213.569347889807,603359
210.561743254531,211.02487347384232,209.8323740520173,210.9666863554668,721267
212.94005454786665,214.0022687733267,212.1439107102187,213.65095244469535,934688
215.479777548113,217.02162999864476,215.06863256078705,215.23998745020566,146564
217.17857194452276,218.06521250129126,216.12251454149037,216.4236817129154,321087
217.56577999630045,218.65579347409331,216.50050375138375,218.00005570117628,712997
223.8509308419574,224.02616483525105,221.9344811289247,223.30508648777018,816201
228.28086372946285,228.3171470141647,226.7833877656139,228.26103998455065,448002
226.11591709287103,227.37688863728027,225.51478414336805,226.72157726995974,983916
229.93484994130253,232.22262936264912,229.12394570602652,230.45637516175438,369935
231.37154393246803,232.1417310797989,230.39447929904068,231.36423986828788,721302
232.35699740679726,233.98722725484222,231.46088422822547,232.5451088603477,637808
228.06535554688287,229.39542361834916,226.45428975089064,228.66579211850905,204151
227.52584259054146,229.87839391182843,227.2811436274614,228.29933868576438,277492
226.09031578157825,227.36721744601093,225.73939802148197,226.47383532886346,791965
228.46831876704385,228.76632079338947,227.44236544538168,228.37979464399822,919926
230.8592026842667,231.8301956006997,230.65069321725102,230.86215806738514,469963
225.9181966112943,228.51987546685191,225.759735139945,226.14490142827623,222848
226.20898736533871,228.554696057731,226.00020320243686,226.11768683458928,408951
229.16725545168958,230.64758423399942,227.71462728894167,228.69156477574163,516115
228.46782022208117,229.51621873679224,226.71460464541786,228.28787161765098,184667
229.92551692906844,231.3408961640444,228.3265919830314,229.98131438445327,765277
231.2418521900712,232.6178700160599,228.55982546018254,230.81342922522063,735187
231.18188351311412,232.7569533110184,229.9554646954457,231.62653711641914,275014
230.9181296829256,232.48276606986443,229.59991009289962,231.02205243024508,992790
228.1595366071445,229.53517463214345,227.19013718470345,228.2513337861627,347596
225.16986880792902,226.64296928902087,224.1803551803246,225.728299519155,621960
227.16701266017543,227.6794724295545,224.61328379382687,227.35793610609792,903227
226.48112656803636,228.2481594506758,225.17114743137708,227.42492165376103,448129
228.00147736539196,229.6883591885297,225.75986272781648,227.13284050236803,79306
225.7706269936012,227.30432681036297,225.41737338107993,226.1947030606418,405775
226.2434123007983,227.57844315536818,224.12266099187605,225.52798604939045,30510
227.9416196378327,228.8877946827191,226.33448809255188,227.92425887235143,39828
227.44080929580755,227.8550262000843,225.29149757460675,227.18415293703083,246865
223.96106283716875,225.14063425089782,222.41791432336032,224.1802213311306,889414
225.9700749045502,226.40679196963615,224.83264290634278,225.87614219121556,768184
225.72967899986207,226.12270427548572,224.42379151225455,225.43639092631415,600722
225.82948424511022,227.7754365470398,224.4508519402764,225.52973158981882,837374
229.56268470881625,230.42118991905645,227.98777512595495,229.2075169389576,82710
229.01448120448688,229.81942141195907,226.99847787431486,229.18331262575728,796435
229.64917784869894,232.13512978170502,227.7619395876493,229.87001842222872,317241
226.47426783770948,228.89014108247534,224.83035162754481,227.19865727884252,189585
226.96004149485688,227.8418884546243,224.2089717502823,226.7227901467132,745203
228.62560674734922,230.06204062427582,227.45449863620902,228.13175683340265,48613
225.35937660543988,226.32676216322486,223.820236459522,224.6333697848986,857413
225.24489118124689,225.90304796020473,223.98957304868622,225.10749788486018,981643
225.01157188514765,226.8047452996615,224.34029225753238,225.35703510332633,145974
224.70734712541764,226.38064424862998,224.21057584626428,225.47264463667798,204217
228.32078619007703,229.51410341533898,227.81159288827774,227.84610677070583,625524
227.81087612434385,230.47596059957777,226.88459387536662,228.6322496291809,281279
231.90182050166098,233.85456917679588,230.1203318950617,232.059901599192,219192
229.68548703018104,230.55830073056185,228.0037737578926,229.78857332214022,845224
230.09216947079352,231.61029956612046,229.46088621518638,230.1241360779818,495199
230.3581233259476,230.73048139784657,229.03772668818735,230.3416296674704,796748
227.97757418528423,229.42551503983702,225.84677901532683,227.91460249449403,657752
229.01592122886868,231.3807613839789,228.91520028688248,230.12760475309017,412418
235.57044607465176,237.01612731736014,234.4979714702565,235.5635412785924,658043
234.49669825415066,236.51458659718662,233.12266746010962,235.54703809955296,602617
237.1100090039892,239.77802152439122,235.57235407651953,236.76328429238268,27431
236.72406004738502,237.531321593115,234.93634357521705,236.98717513242272,440036
234.31040975316188,237.18814291049884,234.19172639664313,235.32562177025076,338160
230.72645703816886,231.54301584223185,230.269031681064,231.10278697839806,789681
229.23875091348597,230.99515964188666,227.62350624250558,229.5004159684384,403549
226.88966144625942,228.41603213249914,226.326484912652,226.35063022856644,374882
230.35451162347118,231.54427600172295,228.55187206364445,230.26395445544998,772096
230.1805117372229,230.98937221702434,228.5615373263562,230.0220518715103,568664
229.7922513690717,231.03850773879032,227.59414962354543,229.25065969129827,734568
231.27679036771463,232.66317266841034,230.4460138298052,231.32127080544137,678434
229.10885854375107,231.48467375220017,227.27008002768136,228.76379674090694,482187
227.34942777327822,227.89119671808479,226.70217175976944,227.0389016209414,388345
226.63161177033086,227.9733686824715,225.78027348107292,227.21622525479947,892950
230.26513928488455,231.61315899943276,228.41580535470956,229.58877828484123,163126
230.1110441134044,231.74312727116506,229.58092539828073,230.76656042651354,450952
231.7879493529588,232.87732417876347,230.0552559364832,231.36345911036744,382461
230.86481181902982,233.46883414977202,230.50295931960667,231.5674212008891,240959
232.79894339214277,233.6046138614298,231.16934876762463,232.5193450237723,667944
233.87969716775825,234.62955101839378,230.6293240771406,233.01200014803197,292978
230.54917591469055,230.69980367137578,230.26559971726772,230.64742187078417,365650
230.6584815527847,231.10278735712834,229.52080019151236,230.7768034243796,944001
228.6138357181806,231.40609618255522,228.30170240803278,228.3350660031107,64833
228.3925715332126,230.0959714609077,227.8213302060283,228.5431341300466,845485
228.29723564575337,230.0904407497668,225.85366049901333,227.47002783106333,169928
233.43335312634008,234.54412497344455,232.47839450493143,233.34365944073042,918950
233.12453882918712,234.97124721221675,231.43969407137365,233.27391321733816,331189
229.79550514071863,230.11302684148833,228.40118642648014,230.04408411957428,929983
229.329886336006,231.62305909522735,228.22762480782495,229.7585921901919,569101
230.6880689717789,231.56485653382626,230.247048237876,230.97806423508925,729445
234.734430609587,235.6992553291631,233.07803539656328,234.89917639229319,919576
233.3142150255284,235.0636152842142,231.93476778405142,233.5419834183627,438864
229.59579825956135,231.266169137831,229.50031424001287,229.89842517759124,163448
232.7802437401997,234.00323858537175,231.31890671205852,231.80719076127582,413728
228.18065221617053,228.85995399280665,227.42603902865798,228.65171823453906,307701
227.74615023651825,228.95307752414615,227.47375809716564,227.6793798032898,778223
227.38543881480638,229.17761900349137,226.1942335452864,227.11629646018287,138911
227.26694450383255,228.04022908039678,226.56497223592012,226.98089954453695,185342
228.5466379940932,230.61797619713846,227.9741286175029,228.573430034765,911379
226.9295578898611,227.579644905395,224.84822568719125,227.03885556274753,746025
226.6453741756652,227.78305319464923,224.6097760007143,226.4408765562191,252650
226.5519045757927,228.72815836510517,225.77093457187144,226.43120693803334,812444
226.67541501286985,227.46322948965366,225.00241151998594,226.792875050183,677748
226.32834111714746,228.8906218959921,224.37181893916355,227.03755128982016,116780
227.83899110162614,230.54364814709197,226.277007753307,228.0524133699284,296505
229.48052036745557,231.27601592295647,228.12732366253653,230.00795167675358,175592
230.6277668474129,231.72546714577712,228.7147166171023,230.9359090417538,14284
232.0243960427074,232.6466352607612,230.3133297194892,232.00897986335525,460028
228.5536695842364,230.5909531377562,228.07903228763942,228.3898062274081,939475
229.34116606571888,231.36626750520517,227.5142931672118,228.52740158392723,271418
229.4019734335701,231.79554322650483,228.6349007764024,229.64880289673877,495903
231.7104802493441,232.8462056805876,229.39541615485493,231.35205777988418,605261
229.91940515262158,231.7848380423622,229.0300109493265,229.77879889876885,47305
228.88400604306756,229.99489040680197,227.6659662176046,228.29227353361827,303465
227.26971787052176,227.80399139481818,225.17386474940358,227.00810069611785,820667
227.79152395958934,230.16294552024283,226.4751137704497,228.25189956249253,81670
229.85222645648318,232.93083485255994,227.2467716989482,230.6470574494953,858228
229.87516045129695,230.32070312680338,229.17773986857426,229.73214681432555,197109
231.60566679623523,232.28698540493562,230.8081344864595,231.85071027465233,1997
231.70521075005507,233.34903941317853,229.76678738313836,232.16039079477784,363827
231.3073256339752,233.7198570742814,231.03838486408677,231.89521604526894,628640
231.50319426315676,231.87326193925978,229.35529813644388,231.4286855675264,960756
233.88949592073936,235.21823318919112,232.86509683439633,233.18634223361866,594919
233.77894404116913,234.7256023168065,232.18207706025373,233.9701783243713,272703
239.66251896734263,241.36471896446835,239.25325262371138,239.37992124618432,882639
237.32372049809294,237.9909436239205,236.10497075100795,237.37227088966642,308038
238.0137854675926,240.3748236406694,237.80161794852995,238.62915378123947,778869
237.74227833100608,238.81814667389256,234.8345775259029,237.3933996051973,679769
234.8469498608925,235.87735696152833,234.4277225835117,235.3622482220787,427077
235.37038741422688,236.5922115397477,234.76864615352957,235.3602073177067,731010
235.54627436943326,235.8991189097303,233.9901902299626,235.70727206018077,983627
243.14475355864664,243.95265459058857,241.93525504077962,242.7112337067684,831533
241.77617352422723,243.74562035119658,240.0595965236895,242.28893006785916,204901
239.77730266665552,239.8528958990313,238.90302213744744,239.59000561984175,84829
239.86547679915904,240.9209799453894,239.23315611086272,240.26903141846185,487782
235.11861374835019,235.83417923996603,233.9624593739195,235.3592003765141,407715
233.45663276716448,237.27850658470328,233.14165109872832,235.16638657111065,982497
236.21183589229133,237.3385009097749,233.771750342824,235.22759725185986,421421
237.3889787552605,238.19671940071913,235.31813879692922,237.12787396530462,483190
239.10430920249215,241.34819832542928,237.51211601768964,239.47182540885316,556319
237.7567826828575,239.1951089102035,236.10916559842227,238.292777337901,641855
237.7220526543936,239.33937738718674,237.53792131580752,237.95793976655966,590757
236.50407974638958,237.7048738818275,235.31172375543508,236.16547535416495,846580
232.65594993765123,234.3774111675087,231.65115437339475,233.53970384398878,98900
234.22163832105588,235.66616581962066,232.0285372665054,234.2879813766376,766076
232.1654400056726,233.86484080083196,230.59289638675205,231.3461775476724,923725
229.889430320936,231.43622576242186,229.45144417864793,230.41197996181756,623949
228.18984622968065,229.01551314457393,227.69957666220205,228.15316602749033,500853
230.44470797026023,231.36014099459865,228.7416125837601,229.43368100763058,633578
233.922957990486,234.36594669115152,233.28427866769044,233.6275818772372,388902
230.68756283998246,232.03689560495056,228.8060978789362,230.62947934966988,429202
226.6472881353926,226.95839919196015,226.35191860093062,226.41786504644222,975188
225.97657226397286,227.7159270043245,224.54431814077694,226.1578899806372,926410
226.80400986262688,227.8765042660759,225.826287869043,226.21601504185676,437235
226.55278756706417,227.9390437443693,224.39578910153,226.73387085074233,862238
224.8621818307455,227.34976432985695,223.92416049060083,225.7467395514682,320989
225.14045319241686,225.81708737085836,224.33835317158417,225.31678750906124,128956
225.73169865866174,227.5503719907686,224.24530884466503,226.1689894019461,924578
228.4287220758942,229.8835464449122,227.97686755279122,228.55725994177396,123613
224.03851507632157,225.15117974473375,222.53148876883395,224.15466487719806,231261
223.88642023276742,224.38242747653604,222.55751426232558,223.35152763097304,655227
224.16325308698643,225.68436105656772,223.1320163381427,223.8519677968691,872291
221.94544461679868,223.52355743476923,220.77777748425976,221.82864496404937,616002
225.72354985254847,226.93043236646812,225.33282494022657,225.72487955778507,439596
223.84253821346815,224.71890409906095,222.85151456000597,224.31757914387643,338836
223.2691493970103,225.01379488828775,221.92541403691305,224.2473951277376,635678
225.57132370915744,226.65835233152544,225.0858813256802,225.5202839533545,72354
224.5695095993736,226.1562017977244,222.35804912562267,224.21317155037787,410418
220.08522029025653,220.18784615952947,218.44604000924156,220.13291599749647,585176
218.97875173813947,219.93853271024798,218.85530651276437,219.2132460426555,357667
221.7094987814221,222.55021728101573,221.2752847677299,221.50372086553202,559780
220.74402190402967,221.8296011127586,219.08276423070095,220.78081820690332,514833
219.67999323193357,219.92076780933186,217.34496870253827,218.9418333839194,607379
221.5448912118713,222.5080358407714,219.4819530073399,221.00002522249213,670061
220.71499278793846,221.61298261890408,220.13380793033085,220.2922484134335,300588
219.5253640537936,219.9396576740785,216.89474009632298,219.1931837479374,280829
218.97648504241218,220.56299747117575,218.37758492525785,219.54297943869898,850216
221.5571634823049,222.30524962957222,219.99848920983328,221.26377050962432,17467
226.79012394172028,228.26125668947964,225.3152863534866,226.61955829712505,580671
228.80203014684363,229.33834606766965,226.290166445728,228.52486388981364,567419
231.44173369960467,232.66131646301505,229.9710463821219,231.21393734156896,48869
230.27836760571003,230.8712960582551,228.63266532753786,230.0700333982946,572182
228.97487249948745,229.70776091134456,226.6586284217824,227.7446566857641,661188
227.8747201921713,229.25226100675428,227.55337084386485,227.90944705999658,769745
228.6039455171957,229.9079374442134,227.73033551102392,228.17664487314184,597503
225.5388744273561,226.59785522015574,224.38913597034926,225.75152776581456,19170
225.735068586484,226.6812976561947,225.20673725797508,225.3786810717299,474415
226.7282282501506,226.87314854978334,224.93383228479217,226.3030862698421,586825
227.3084057699924,229.40152815616977,225.90577539455597,227.14285221282987,971965
229.07625433181516,230.69407541340124,227.08722931876034,228.31402934105674,26382
228.59720678148165,230.5947692869472,228.17630762845596,229.00220911306621,288030
227.64482897889297,227.91584135674685,225.7987131370214,227.86687200279735,592584
226.81783978347212,227.54672572126222,225.26500731729473,226.72153750419506,727387
224.43656529822866,225.33349503972244,223.71593134219194,224.04189003380998,489925
228.18109466017856,228.36208436220298,225.54324059932543,228.09923918558894,875693
228.73943444407894,230.49383166127902,227.15624973058686,228.15273556117418,330662
227.36178396441287,229.79437141315674,227.13507232191907,227.66306865746037,682292
225.06631302448994,228.10420237753206,224.45301991458535,225.5808984653481,590419
232.4677468094662,232.900682773091,232.21460964894703,232.32457523965593,586618
229.83180811494773,231.09753351264922,227.74533043489666,229.8672905568571,7553
229.1550397676183,231.2102063856739,227.02001217406686,228.90650968869068,270008
229.87075767669018,230.85786511806214,228.21144969791345,229.88335633788165,230732
231.13313642758698,232.05345856198332,229.5953092762733,231.29042307003795,536642
233.50502512555454,233.67969628916606,231.46301749704662,233.54002697059747,890687
237.8374043821748,239.83473136058984,236.80721993318957,237.82368248138437,11893
238.9085868728773,240.2358600169112,237.41111109224317,239.05440111685147,161386
236.47074278520714,237.232071337942,235.86435485103388,236.56685140244247,153516
235.79289917552677,237.36425553531276,234.7224809168123,235.98338181660841,710246
237.1402111433856,238.43476337860753,235.2312870226529,236.73460658313408,261856
241.7997580102239,243.1308118309721,240.68030396404293,241.70596594160983,47477
239.45063183973116,240.49193219434392,237.62602286179342,238.3747263338184,888047
241.3603484116375,243.74186894503845,239.95695825835517,241.28279792409427,285138
241.47513384446194,242.8532380484918,240.3239127824345,241.74146402715704,536256
245.10195486812668,247.5181616618712,242.9116186090575,243.7997349709565,550390
243.7770537773983,245.40849533319667,241.9271684202134,243.5755552281807,184468
242.0347105672861,243.4998702117122,240.8614441206313,241.55636867117977,630476
243.68955256459677,244.8251887055901,243.07655034715796,243.40131527481753,262292
245.3292389810902,247.27270533928015,242.9286610019484,245.02393375474796,504042
247.70714931771025,249.02965167022813,245.43086701233682,247.44206263106355,689492
246.8884995757465,247.9791325911344,246.09782614305558,247.4338857082297,303474
246.15957037664697,246.67737279971595,244.79956010371083,245.97876169663357,397547
241.55666623233026,243.71639232853863,239.7358195555339,242.19842487426905,99416
244.130342656293,244.77179642450685,242.87744059719128,244.2155068732417,864950
244.92147922579738,246.4580299520307,243.3072941355533,245.27743440200368,798146
243.11797364719683,245.10462520378388,241.38295285525086,242.9442829712276,54726
241.82502354833164,243.25467145235513,240.6866090395023,241.66353129067434,833689
240.7937199346267,241.4760319091369,238.98708225038442,240.56222887882996,993079
237.18095851435336,239.37012987542028,236.5457349262946,237.0447542234003,246239
234.85252124580163,236.70006468955188,233.40046968658297,235.1378965146405,94919
232.38876696411802,234.38263114004377,231.27848151832276,232.51013887923224,871881
232.0024987728847,232.42072388423384,230.66893679581355,231.57621505413735,436845
230.38584792946784,231.7664486318106,229.60523861671444,229.89485841020988,712083
225.68851974011525,227.9098848130833,224.4709351902668,226.20734125158037,926188
230.1454194982768,233.18406337648696,228.96808970004153,230.8522556928128,703648
233.44546399838922,233.92760487746924,232.86626464889102,233.78533615599068,74687
232.47934131854353,234.48292820088813,231.9458007196891,231.99437675539633,97048
233.2157913662906,235.53235667203288,232.63501596387516,232.6505046009831,586298
233.21502033165558,233.89289858367368,232.22670614227488,233.64713289086728,443077
236.6156953873014,238.13850036904194,235.07057168317306,236.4703562825674,538291
235.42654528889915,237.0398910191999,232.0913041774033,234.5659550137688,828972
237.36241548984634,238.3163695812233,236.01172084881034,237.16542044761346,131971
236.56376571491856,237.39876877040527,235.86390658549132,235.8931200247604,566623
233.25112387279916,234.88471251973482,231.76671678309017,232.78614445756517,48782
234.07451536459948,235.24126586544378,232.0254048912812,234.50140110839448,282505
237.48135424114867,238.60464391800141,236.7804011472733,237.57162263124866,79269
243.84133399463667,245.654856294612,241.78703559453004,243.82438601597505,636915
240.9909134279822,243.46399330579294,239.60901208706565,240.94073347820336,259006
243.09958192598117,244.70743109082423,240.97069725631982,242.6548785441749,702636
241.88422537521762,243.19050988341255,239.13046246630086,241.68667805008957,822813
242.18116053423168,244.452403868401,242.05721422102053,243.6117466148838,649039
239.44930549925317,240.5522028324544,237.60805705976142,240.07967803941574,214476
236.05357765408988,239.06545973123278,234.9403733788706,237.09079340732129,245047
235.36443098173612,236.43290322596064,234.7754759195534,235.2819104440424,866608
235.60458539402168,237.59594122481,234.3849590370384,235.4913198860428,171720
234.14241267807736,235.08163852601842,231.65269691450152,234.00985781348987,571020
235.12895006718458,236.29978421929695,233.0116519769996,235.58076016769357,520584
238.35713385920513,239.84982077971736,237.79764611945433,238.0361925148342,971416
239.83471697447692,240.9788226333509,238.8472915390037,239.49163921570099,711144
242.813322779216,243.76114732791828,240.91241431821604,243.42439057274072,133782
243.74638189105505,247.01832125619217,242.5435501024613,244.46316657314182,295564
241.53041788297972,242.28382682462592,240.33581810208887,241.53048149545532,149616
245.7479965281287,247.66059778454448,244.79824548498408,244.87048733106698,498937
244.2449476561302,246.0830300795536,242.74475251224908,243.41745355611724,944461
245.94507647059004,246.24552585485685,245.44091817012935,245.6682553380278,705340
249.225560597723,250.08735240243038,249.215579720697,249.58996027824884,178835
251.202253814704,252.23104560674096,250.44986314863735,250.75748893795117,344501
246.83483932384138,247.65208596907988,246.28792570973042,247.05838974453152,214222
244.44892449900857,247.31689524618378,243.7848399832024,244.82473391106566,613582
247.04558498772866,249.2010128024981,246.43449035225595,248.10946190158583,200794
247.76570061077513,249.66587699871081,245.71805575635864,247.7149774028748,892589
247.6246290740639,249.5586977740657,247.06039967054815,247.9369638704364,488230
249.89869662472069,251.34612670549586,247.53225879510478,249.85051026566003,396778
250.46437295620888,252.9100532561044,249.5757072355466,251.62150866116656,216023
252.4349527097607,254.63401256845881,250.75500089262803,252.3492414457532,951383
250.6238530329951,252.48424795544497,249.01649468466005,251.84840098850626,315513
251.63362368832887,254.19500383638444,250.508162522762,251.08728775346685,636812
253.54032034792075,253.82893301702754,252.25886792324278,253.27595534609614,367355
254.5654152403608,256.5780784305643,253.6766844842389,254.7073711831026,456715
254.36420783524514,254.56375869808448,252.5239795185856,254.07825807158127,125111
256.36581288021057,257.909342593211,255.18307778260376,256.86828539789497,58347
256.5998441313519,257.9546732986957,255.8559261428686,256.56270641502323,260191
254.81677781466166,255.71880728203664,253.04944551763506,254.41237710988185,171092
250.95131805081832,253.6389686549565,249.44088014948605,252.514020890994,430133
249.85594158467927,250.28946396145741,247.21992791136293,250.0796249849839,113144
249.41295526835077,249.93249023360445,248.11491562976852,249.4242512587601,731850
252.44662630250622,254.18600534817062,251.17681345083363,252.54577254918638,395936
251.27589619418032,252.55464311839,248.97102570642534,250.54575484031764,874186
250.47922505150103,251.7786810882195,249.9402456304291,251.04352124336106,511000
249.11542200439908,251.6633391745895,249.07144595711728,249.42528765034507,714836
247.84839126186458,249.13518023548815,246.84121130958266,248.8017343348726,605639
245.83779291607462,246.80030407445244,243.08366449612961,245.0974580776832,584348
244.46150080243035,245.4338637110703,242.33452558906234,244.58197706245085,340315
243.91901903987502,245.804197749603,243.7633611136127,244.1330792635008,919025
245.45445041530618,246.74308812260946,243.73670164477736,245.48021733582618,470916
246.36664046106532,247.51852873816054,245.67108014558607,246.05354429987364,134495
243.3156900860826,243.44529221556138,241.596090854142,243.1467695072626,792674
247.1237018212425,249.00063189951914,244.29826282976413,245.82188603846632,400947
246.58770304938813,247.65950206260243,246.32167624001704,246.3640360941978,640610
246.64826039724377,248.19803046400244,244.67504017069635,246.8779780989899,910960
246.60282119766205,247.55998082424443,244.07970253278143,246.87999669667317,651329
245.43667578260198,246.19027522958146,244.25549729791808,245.62962224883594,698492
245.45033619915816,248.528087249764,244.11925911801097,246.1898100936908,210920
247.40791044397977,247.48701064585953,245.0534980175224,247.38818657597852,491915
243.50937954053728,243.9568043847371,242.73430072137057,243.12841282621224,423610
241.54955844333176,244.12962336242526,241.13970497221726,241.8462378017623,188909
240.86499945114815,242.92458951603908,240.2672087755248,241.25456770405154,99670
242.63097871229564,243.6072317280246,240.66117374048235,241.89757181251653,138361
244.12745509661528,246.96566224422904,242.8816122637078,244.82593524247008,736844
241.9632534425857,244.50863980980174,241.15506492068764,242.9680811688625,299695
241.22786788732094,243.16306586305944,240.23918129487777,241.78537755076852,138098
239.8321972920811,241.93903097884174,239.02125381175244,240.5733714766642,77612
238.8610494869916,240.3887366009025,237.8354433457489,238.67668317511908,326863
237.7016490171079,239.42349134824073,237.06117722726214,237.8732529228396,276050
239.6325078713999,242.5159052055791,238.9810235768898,239.73784246778416,568764
237.79545282721398,238.84539621813664,237.01046911513743,237.2483892743607,283835
237.95989849997108,239.36354876725693,236.9297761157367,238.28937400255631,524369
234.65485877546155,234.95740408058967,234.08859531702026,234.2916647981709,210160
233.70776716017858,234.83991952879333,231.31381415490728,233.00348021628943,841961
232.0485823668539,234.71957188405042,231.278123880947,232.26024693546967,288344
236.5548379763926,238.4362662369979,235.110241284345,236.2066585643995,96875
235.46806940416403,236.3756803162153,234.55436591226464,235.5820053016669,330483
230.9019418849388,232.077261422578,229.49238424409407,230.47597704667564,428218
225.22723344089167,226.1882948415168,223.24745803013997,225.93734964496508,866272
225.29295801701213,226.50986502894537,225.0799411001045,226.0368508287888,747578
227.273220790085,228.69043717980782,227.24366408204605,227.45120942001046,172090
227.92368955795274,229.13257751900215,226.70244776678987,228.329625295089,607969
228.49905127883935,229.16229684535216,227.69648016171368,228.7354306401616,828740
231.33097039016968,232.92983984383272,229.9247390861188,231.43258159757974,621838
230.54168358225684,231.63750577981259,228.5642337122123,230.21017470035554,525012
232.1134234906069,232.37189988455722,231.72324773566513,232.30282489860824,352649
228.18862049222105,228.8453257804001,226.63461798646495,228.56523259640053,24354
226.36956319172515,227.27409101220724,225.93172607798832,226.5288190119333,952167
222.1521003960762,222.54669306226316,220.9916387881828,222.49436137174152,246319
221.4913525277874,222.040513032376,221.20579284594538,221.9058751444373,830343
221.10980768304236,223.68585329511248,219.9166038024099,221.8254239600953,401667
222.13174581271537,223.17729047012685,221.0042896807812,222.10088351072065,329010
222.00779273164682,223.19490263136936,221.63233059190085,222.2605944684986,291267
220.6561707567091,221.6347328926723,220.02690080499323,220.23056253609244,201159
219.19760095304034,220.1827420052167,217.60799841782458,219.83397462458717,80912
216.35344260024834,217.93823960904825,215.56570000955642,216.58826046868134,618543
220.3791959853384,221.3946810665041,217.8184390541967,219.5830286689224,571967
218.52778654879245,219.536438023257,217.7913875030577,218.9392213007929,622299
217.79018024375475,218.58552995532455,215.85042346454517,217.8932582457201,149378
220.86685541217756,221.69697271139552,220.39092459126442,221.4052438792507,346582
218.10394076498523,219.52066636665305,216.0497855773365,218.69372603911268,481564
216.93683150100512,217.86556331892135,215.07309438286535,216.26756514334127,807266
214.00431660089018,214.7968066886094,212.6048926670754,213.93113525522347,858081
213.8645292088926,214.96923866525583,213.38233291192523,213.80736616826056,168178
214.02511487035582,215.77688166989552,212.48677820612812,214.7536952298952,814294
216.5249423638606,217.75746850928115,214.79197962167186,216.36970083021976,769598
222.54306745361006,224.28542191338693,221.13506115586867,222.02910473666694,605821
217.61130499282868,219.086507356096,216.80778579871762,217.11217406539907,386028
218.7516965711838,220.4719094954635,218.09704262450245,218.45968883243154,802903
216.77689149526964,217.8014756302852,216.41713766734324,217.26769294659084,828297
216.15421270537777,216.90516601289877,214.64763072909054,216.01893153333756,204069
214.99238479082328,216.48890164409613,213.9317229003498,214.7057161767274,128646
212.02099211171154,214.27721590954297,211.24432299356894,212.78465222007492,435222
215.9357268883468,217.06256586415708,215.22290940882002,216.42106393265573,735500
218.66122019459695,220.15571535795846,216.22000891067526,218.2734977841978,651606
218.72852996157602,219.2030404328474,217.2245307431045,218.34596783562455,649217
220.65248515949634,222.76412349267068,219.41832704431067,221.33800572020414,743614
218.38388647071068,219.45857790343086,217.3521618388374,218.03719796810358,976146
215.21751587272817,215.39973907741634,214.11975188740757,215.17650176865507,812068
210.89064979176354,211.67047670973707,210.12526838883687,210.56174856950247,815501
208.8497217224101,211.52970862668496,207.59011270402675,209.1150976994947,434125
209.74475257839018,210.92107269235498,209.1476024422391,209.4744536575218,568679
210.06491734886336,212.5649734382812,208.19422875923573,209.7109970016712,283015
209.8978282911624,210.1857775172754,209.31113380756392,210.04542087993764,949036
207.13043868494577,208.63259530893123,205.4981672019178,207.12308476069424,209829
208.54334122148907,209.35772735602427,206.30736396381295,208.8141822489606,295781
210.02758633551593,211.0775758922087,208.2887190904074,209.33609105281894,252518
210.84663514352212,212.35121828528816,208.96275306248296,210.89736521374803,473984
206.58216393509525,208.5188731482655,205.08354526551528,206.9638152793333,968411
207.3330014899197,208.17054927172595,207.18752548437251,207.6302557250245,878119
205.2512293472601,206.9173092535375,204.10492000560018,205.19920289465045,974766
204.7139266310699,205.40971973153611,203.07658209362378,204.40595587455505,573815
204.9726214454436,206.4481361462643,203.58021251297333,205.52170426508036,199832
206.48981525138993,207.25383445258907,204.59094349789484,205.7295786236995,537668
204.13148929827656,204.45622819300488,202.88434529730657,204.0055463542568,850403
204.22909738147345,206.21199011182378,203.01543940626615,204.03874719677916,229986
200.91866248635006,201.99146174162433,199.83379649069926,200.95772446548725,27126
203.310781368767,204.990525923096,203.03276844179402,203.30295055899262,990459
202.84614461808232,204.5567869285663,201.97565723370818,202.90631978968975,198141
205.62691119252878,206.05794207905146,205.07763845308293,205.20918902173787,522993
204.14871409678153,205.91753537901096,203.43274068089718,204.15195136998196,52143
203.41774897816862,204.74204789973854,202.4506216519997,203.10616372364575,212126
201.40521561938058,201.95855093840814,200.7937471533941,201.58012569596116,395079
203.45399129595233,204.7452227318309,202.99939729653846,203.3744147400624,251267
201.6321991747637,202.34691197596723,200.46115327217953,201.95691371795905,113264
203.77785041303258,205.7788215641119,202.46080962870562,203.28325078546263,813062
202.18981214421737,204.03460595162898,201.43388080050988,202.5275256756208,195774
198.4557202330256,199.53532907743943,198.30146496443757,198.58479218383093,200634
197.35081140172255,199.2118832335064,196.54040678860943,197.4752051458472,552263
195.04178102782305,195.2295323974151,193.39629185011975,195.17994945573494,416561
195.54781480539364,196.0859577180749,193.60933247217852,195.26565758235216,340155
192.85206347100635,193.79301692288692,191.67170513845807,192.9742770774684,293578
195.3319896295222,197.6187517886911,193.98748090449496,194.7889474452777,215200
194.31248324571013,194.9791923121589,193.01506880398364,194.6310846332277,112518
194.37098575626803,194.3946830441377,193.72264884756754,194.30516392214415,707122
195.29985150748314,195.73378098536458,194.49868401335763,195.6033441752308,667794
197.6839444379544,199.20979714275467,196.97004095918766,197.51764533244506,513231
197.49139945412568,198.1331332009949,195.96575878610173,197.49769952289753,84017
195.93926937797872,196.88651100045465,194.5010716367673,196.0000537161592,115940
193.0307237379363,194.43762776736602,191.6301590502236,192.57298738846433,241520
191.02516986158636,192.14115328566507,189.07790571291196,191.2754889842843,848145
190.34057355297602,191.4088485661138,188.93169329575764,190.1175598917643,258097
190.04750894569835,191.59755708862167,188.8941709275727,190.34023696969578,132505
189.74613892006016,190.44971206716505,188.61309160277622,189.70338539215211,478092
190.5752326229814,191.89186340408597,190.3440382716458,191.0320189605212,741068
189.63199145575675,190.9708417816423,189.19258369452345,189.88359372905242,10414
189.76311071476883,191.23758914288106,188.84539996535872,189.7942912770045,61115
192.7710877073802,193.2767054911511,191.14035109190493,192.0739938812581,918587
192.78980885523652,193.5728685747672,191.44616206798753,192.7509487718945,878255
193.29208373864213,194.6526182863906,192.0772552983761,192.65452506158664,72312
191.60187747424104,193.093143196998,190.51928530100133,191.51748594839998,856013
190.18025493590758,191.393454636007,189.1788264962968,190.32760056684387,172468
189.3154463154186,190.41439969846618,187.71813089805914,188.73438729517483,415956
187.89893776888601,188.52033276868622,186.78693190745352,187.7348508926512,299927
188.9346122073009,190.40754923774483,188.785641054783,189.1777895081006,921062
188.95503481624533,190.383440488679,188.4406545620885,188.7773683328091,699625
186.15604692130748,187.2279423886238,185.75121167342928,186.26504727115315,494796
188.85250917832073,191.97188450450267,188.20915837904298,189.60677790849243,38161
190.58955440488927,190.648404025602,189.95482325062338,190.23344760298735,282193
188.00527658840602,189.037215933356,186.6878294243921,187.59446944192192,116192
187.4726954964605,187.74958162801315,185.24131056277523,186.78609148016173,651942
187.16991885997766,188.59981052486643,185.6696360283263,187.0120269648819,774883
190.15152996246346,190.29478923868402,188.93475034386515,190.24616731877168,584379
188.48271639039183,188.6708665048745,186.67142334513088,188.16847900931447,64102
190.3560625152376,190.94624990929674,189.61003606851034,190.03307456154448,764640
193.36202403689515,194.4830396963317,192.03099354393484,192.73053043404315,171423
191.5247792172104,192.1574115916336,190.21388009202548,191.54187533443815,158868
190.96689833697437,191.64979947620824,190.28392241734767,191.0301594920506,640916
188.80903593324786,189.92241570519153,188.10279185817564,189.07962567533187,5257
188.91703711996684,189.72433242620258,186.71621805084888,188.71418368205403,941025
188.07980878599884,190.4492158608542,187.08555755880482,188.66401129973895,590252
190.2264465408549,191.56901407837165,187.97707600273233,189.93163944669158,431686
192.2585401351881,193.03262488540554,191.94253863873234,192.03277291824685,104257
190.84365744054614,192.99847999624606,190.0282698954418,190.62060456913014,265056
186.97749288800176,188.1881690739166,185.76193295142724,186.925817157432,934860
187.47784092590987,187.8702533883315,185.91771774198136,186.90479894363037,895699
187.79993748886022,188.88345696931106,187.2542737908651,187.47298704955767,13307
187.73174410197544,189.20172103341028,186.92238328140053,187.9599565069501,24109
187.14489519865512,187.91599564216506,184.82073286583093,187.36567906412904,951673
187.28824257676857,187.96401019230981,186.21306978656727,187.61832843765504,980655
190.71232459996958,191.71535266510378,189.2043324031891,190.5022831328759,604579
190.86745610583944,191.99958205675279,190.28184220832605,191.25000926173976,184668
190.96922264526165,192.77147246764173,189.46446854508488,190.55632818752474,96926
190.12624729939893,191.49961806238798,188.68340159701987,189.6245109661663,290075
188.98880026479677,189.90430416105642,187.40952607195297,189.32163385724635,895488
192.39365678820303,193.67334005320976,190.80429227764324,192.4650800153173,885289
192.1382123546545,193.82929462493001,190.93627592559955,192.13182551567246,114947
192.45265771290764,192.61019689163578,191.1115429733696,192.1130083842699,502225
191.8232099566134,192.1937481906163,191.20063566137466,191.2077720340372,424256
192.68828945708518,194.3002579324481,192.6609534802318,193.3400357761605,921851
197.06079607146268,198.19326986185845,196.0270678017022,197.18627781418536,84269
197.9912445257345,199.05610129375455,196.48177861440698,198.09663855211298,802316
197.72505278233425,199.08704318377994,195.9464688402096,198.28050383139094,348151
198.18082103231785,199.17110823056774,197.7189043953162,198.37328677026693,646026
193.88450499959785,195.077432620545,193.62728093243925,193.71877125103995,363678
195.07838849298847,196.8271066177187,193.55699604629413,195.18717758998673,579403
194.86492446901713,196.16408503586433,194.36686439565548,195.46877488399227,428775
197.45600018403556,199.88770992960207,196.27470548936296,196.32747737231614,647336
195.05891868920222,197.18156433666428,194.26909281406498,194.955133206867,193333
194.26986332013752,196.01591556516632,193.55314988135177,194.22647540570927,483317
193.02435268705923,194.77764079215464,191.29475542130274,193.4491385052142,267263
195.55704635886664,197.7128602603361,193.97028019774905,195.45513364340712,115258
194.671744344014,195.53989196441884,194.12903092294908,194.735700916685,634067
198.10271615359332,199.35136559041968,196.28138691586815,198.8537962534573,945977
199.30487382865184,200.4159042365335,198.23359467099775,199.73240321081892,76528
197.53390681088504,197.92723071433272,195.60659870518018,197.2203556270793,49883
197.75258796080735,198.81361048072495,195.2174537157787,196.98669673028942,749022
195.87045704414643,197.02599311950055,194.90228458046164,195.72672887677487,546022
191.92014187944758,192.99537821984902,190.21195870691344,191.49766613276108,177504
194.54408033706767,195.5704676779062,193.8087572895299,194.60470176781885,365492
195.9635453403021,197.05575220484621,194.43692920327638,195.997470997538,848162
197.4950281883241,199.51124928798433,196.02634510842344,197.0650405357212,663834
198.06750422220867,199.4262781210545,195.8552136231991,197.41100315684199,878676
195.22768712733185,196.74412333911584,192.85667417879375,194.72098546665376,293658
193.38760966580065,194.88086445945936,192.10318804982003,193.80093398575565,323834
195.43256810982228,195.48869441741365,194.51020056814158,195.4587435109581,330021
193.54151197062527,193.6269890783872,192.51155914154472,193.4341464696934,839398
188.51921578971715,190.7388223245311,187.78943994838625,188.61717523761362,143580
188.35411609896732,188.99537393574343,187.66954065666303,188.20812022064803,254705
188.2687768341425,188.86177565479034,186.49464316266793,187.96030509838658,910733
188.61163176228067,189.6936947555526,186.74524107449594,188.23410576845038,107626
190.2687767053292,191.53429409300125,189.09913551419623,189.6293956291791,656353
190.73567647781042,192.2032994677564,189.68782734228495,190.8614316796142,39312
190.85301559524055,193.35071362867117,190.00711671947872,191.37509956069096,811128
193.83492615622887,195.6767861647474,192.32694811463315,193.69614883374965,824514
191.51411867021687,192.00577377811663,188.57711803683944,190.79527418579858,305712
191.59665390301802,193.29585099039983,190.23145000668114,191.77960238455606,500908
193.26937542382734,194.0130232653408,192.4272667080257,193.00424665707362,974394
190.91095087881206,191.78674985774583,189.73729171966554,190.64566903464407,629572
187.89262836040538,188.21543398029507,186.0916777223049,187.82071479605682,384758
186.44611900464605,186.46088899798977,186.29923530560112,186.44353686567968,333393
184.89063007483344,186.14135355493343,184.30733212237305,185.23272869790367,739915
185.80048824446487,187.0501956394469,184.47575086763413,186.65224293132215,601759
185.11470439859565,186.97130213393314,183.47033163460972,185.52726163249872,341811
183.8200768337642,184.72837424682692,182.5651548698397,183.9636804092634,997429
183.26156547985158,184.3475314871004,182.2787355924986,182.8602155814394,375414
184.8975813811132,186.6191172370616,183.67548123558512,184.93572550717542,133466
184.78632881127737,185.07899524092912,183.63273024896603,184.97834584915466,419910
184.33646429347274,185.1874249922295,183.2207742396148,184.6655328963552,642412
184.72328584718844,185.74714252888162,183.61226950609085,184.4809495213992,339434
187.40645937635176,188.51919918083556,185.93450172666329,186.89870897488643,271382
185.91688192300035,187.46194277655445,185.09977272578382,185.52229984129187,514181
188.22569303279383,189.65648299399547,185.65897582538275,187.9977834328277,685782
187.85672036621474,189.40962337619777,186.82895656430884,188.41276893305258,41715
187.99725200486327,189.24145869124052,186.74790934025356,188.12957265490314,548237
193.66444388547026,194.8251189898353,192.07467099151216,192.91312280577426,51203
191.33483172920856,191.44788438389904,189.4677986618487,190.90645654355092,638014
189.6664399626374,191.11346977183285,189.45691522349316,190.2514644403392,42646
187.9190330027953,189.0197221188637,187.87453065509482,187.9399283606905,384694
189.89531275085395,191.10601929083174,188.8260704759259,189.75751144087428,10802
192.71519220267905,193.4392141980055,190.56407327024792,193.00939969752523,954181
195.3726992868284,196.5134767859119,193.6876170812486,196.2791967075403,418035
198.75546196080776,199.6093953692994,198.20455932925142,198.71618608616924,893981
198.03120960403172,200.50606594249052,196.7344493138364,198.3437033844079,830522
197.33051778405004,198.14280797170548,196.72036559402633,197.64035530367914,900615
194.246443761759,196.0408338094015,193.02672176766004,194.38433237169997,892264
198.34910639557694,200.33740757615237,197.05722263972464,198.4021495732043,732023
199.35111048931955,200.37869744615028,197.80027101208432,199.35473188528297,237042
198.0454790613922,198.98358298179159,197.98546951694306,198.39623960498204,662726
200.9801795282908,202.3834136424891,200.73835293427604,201.06873403098095,207688
198.44225012976398,200.25440787020037,197.49502805377782,199.1422044580602,807454
200.09800466525084,200.58277971186894,199.59310968165497,199.9736054585706,336779
198.50815133350468,200.25231039801238,198.17647720665727,199.648654419354,314629
200.83159425600658,202.2261166313116,199.66364363208774,200.94793912612775,224205
201.2095323050279,202.77903129043966,200.38804207871146,200.84031303534343,543275
197.54766992574446,198.7652291077577,195.22194700155163,197.96709913144787,302879
198.42048677088584,199.3714366579484,197.46282084331395,198.13658470342372,484771
200.7085898077101,202.1147372704836,199.40683854763768,200.24572872939999,916544
198.88272127309426,201.1046892809735,197.71078064956743,200.20725239446483,406089
201.7242108160293,202.61302356881657,201.6281630895714,201.78529643276323,453112
198.55791040085018,200.2525250491415,197.26221806875108,199.70653187623714,491656
199.62685432939278,200.20957572425078,198.42422171937105,199.67406065005335,794342
198.44795877230075,201.03198485843308,197.66367587798308,198.45080503748542,5364
198.96592706279907,200.8408367855208,197.80759082537395,199.95873979662392,18291
200.8118189809269,202.6382376095053,198.7844912854829,200.04172301597148,987491
201.56231007008793,203.5884103821973,199.57249567658513,201.44707597382734,468999
203.32472076645632,204.5767448170595,200.7830022681635,203.6705629271573,588862
205.7056902635939,206.96158303908518,204.73221145079407,205.10457820481972,166980
204.9474245456819,206.77775551437512,204.7203514541791,205.68608987022833,344549
203.16281047807624,203.69677438777484,202.08437172625926,203.6634849907483,470793
202.74147975814395,203.74825936265015,202.4907381297262,203.6781775791146,640570
203.3453777702466,204.3919039889663,201.20771574456265,202.61553828629707,238323
202.07403004708925,202.82680822382005,200.86159659471633,201.93980212610447,903659
201.47035257233685,203.62099640828373,199.97727797747558,201.20500269453038,819264
199.38285438400203,200.23826289256118,198.4480550100338,199.2628976278817,992385
195.64436330970904,197.7676499107391,194.29350560223136,195.42011178966067,387641
194.16850670473738,194.86184862027721,192.89246080568478,194.13819097247531,41639
194.6388364585228,196.72859603564387,193.44402907520833,194.53342994243982,515943
191.9888769628931,193.24050495901383,191.762395910363,191.9475685269968,819333
191.7631758410826,193.2813064874599,190.7054068108152,191.99687128620207,188257
195.68153314637183,196.37782468505424,193.61476552414356,195.69978205915396,722313
197.84014691331822,199.17175978706848,196.6003942161146,197.73195013628273,464100
201.0731586455879,203.09960214883026,199.9409116539602,201.0287115514545,868616
201.24017590043164,202.75820228069136,199.29214826287375,201.83671323069748,204519
203.67804178320787,205.04060271023732,203.11524812447777,204.2274080656333,765062
203.2136344752884,204.07926611054253,201.21940500455779,202.77448923791232,709919
201.36856622489248,203.479061429732,200.68199447194112,201.49228008544787,195109
196.2969244933027,197.78211754965704,194.44816342564417,196.0676330637313,417542
197.99355751265335,200.28088070929513,196.52956454558176,198.42696960090743,230324
200.93344227938454,202.72444672875307,200.1772969015497,201.5272002074199,430847
200.0973444339631,201.46133845811994,199.25651205709892,200.43551788179533,194092
199.8581454490181,201.20118289555256,198.27258391797355,199.94714795128675,791962
198.2013204408409,200.09482981682916,198.08906858713826,198.4653350255138,545704
199.7617706948814,200.61248521522472,198.5140754319301,199.24614815398914,397641
201.59269357919223,203.4284028922802,200.13765647059066,201.52033838624413,231381
198.79092581191574,200.00305182636356,197.25130655734844,198.05852968338138,87280
199.05187440818753,199.49353755731366,197.81608373575054,198.8910081172793,698351
197.40421493836067,199.8788879413709,197.18244061305612,198.36132850903695,747489
199.0257192594824,199.2611835946341,198.1223291703865,198.60624634060594,498770
198.93745385167915,201.05190249644752,197.53726082858896,199.53988536708587,331659
199.27645458788976,200.81179079213743,198.63746133254946,199.18461706744046,668228
198.68997204137864,200.1902293127338,198.4728792317565,198.99829365256855,440010
199.44405365602765,200.76657569140974,196.96754977545217,198.59299883608085,718892
201.1268330649422,202.7955044347868,199.23640456747816,200.54941202913326,361887
201.11231177387998,202.1187145199821,200.76350259209462,201.4111336466953,969493
201.82466947867823,203.36599430016213,200.73168565341274,201.87609041492755,921713
199.44403181890738,201.1371261479252,198.98127824341435,199.34651227471994,803149
198.95608453555585,201.0014023844299,197.71088935596012,198.61311382101636,800561
200.4377599737232,200.77502840290907,199.3181261293082,200.426074367028,575334
200.11066621602467,201.77005100512469,199.5954791441763,200.521693537869,804466
201.5790485070998,202.2958137335824,200.1222369653178,201.86875384371,483931
205.48517848123785,205.895576652777,203.90457516469561,205.4870203832047,683503
208.16578441250243,209.43082522817122,206.45065062486657,207.65310675890106,895019
208.04529589053305,209.13386532370882,206.56993141843026,207.8674287785256,748508
206.50871104047377,208.57324024868475,206.37623291759328,206.8286397549497,668793
201.89566068747575,202.69546442189736,199.80203091805075,201.6341924446026,295137
201.15927528627856,202.24070276498875,200.20859151508606,201.31508705933737,374119
201.0372843730615,202.1700315225282,200.2395723144206,200.6799103757041,732603
202.50328468862355,202.99223159230073,200.38939937216563,201.4849754245545,704998
201.0508482248959,201.7647780952378,199.59596186088345,201.19523653805206,720609
200.89328338673508,202.57039998032053,199.26057759523886,200.57172472786092,844245
196.76025812339634,197.71477235306614,196.41672870125856,197.05402363393222,137057
195.1861447609814,196.89869378985264,193.76657278083718,195.22997926686375,593386
196.1939827557749,197.53240589149078,195.23717236794621,196.18238355597103,721235
199.52038046856345,199.66903569319007,198.22277721873547,199.59769809397,485750
200.405439404765,201.72633892615482,198.90550409108175,199.4230758732979,220067
199.97519100702243,201.4120190297022,198.34784594239517,200.09788826061938,850535
202.27021156339077,203.5382001985671,200.912175542358,202.0330847100956,906335
199.64781451802506,201.33827818960705,197.9375375158876,200.42147623725697,692911
201.3519336853356,201.7908401539489,201.09857221772617,201.17811717484622,634581
200.17005379788915,201.9793185123271,199.55496462305098,199.71388547775638,738334
201.25610722156037,202.4146440764973,200.39474789556834,201.46869591871953,895021
200.7810388866167,202.26830722762395,198.89311986356523,201.79413509832855,535392
202.40188612501666,203.70742043460984,200.19804681100388,202.41753371645626,248277
200.86658748565392,201.42332138916055,200.3907330562577,200.85968440012348,157003
202.59805728719383,203.03419861704282,201.26136865266972,202.30508915180695,514491
207.4183503113949,208.22180233352145,205.4584006166547,206.58749546796494,211207
204.38071738768318,205.15057400651094,202.91848109629433,204.53618683665744,661229
203.51369056351126,204.3242184574433,201.9558160559361,203.86282118879095,890743
203.8790312719117,205.87212948035364,203.54124338761815,204.35596449748883,145368
206.0715705171422,207.03155834024352,204.9200995191721,205.98996610192648,667561
205.05746270896998,206.85311806720128,204.65096463181843,204.86106066517812,350905
198.9412961340711,199.64388447059187,197.46269004717396,199.15864010668736,583892
202.21869142642072,202.25563336645888,201.0998378215193,201.9042527106718,232641
203.65532570174764,204.76449595204986,203.18437896384847,203.4659460787876,75451
199.98765388748683,202.10111076763434,198.7710134355298,199.9703637740771,197111
198.4202044104986,200.08950841393337,197.64827198085302,198.77896654166162,967356
201.74633027147792,204.8985984021676,199.9741132189018,201.9409465434269,908244
203.91065222038787,206.13505212716325,203.43711997554442,204.90639702780257,26869
206.957019864066,208.13805251439808,204.44565493272862,206.8594702896637,184613
206.5270160302709,206.82980281286942,204.95411702000567,206.5161362279201,932473
206.78617989227672,208.08559164104003,204.87618705303433,206.70825956385178,62060
206.6666888525774,207.80459631927837,206.0633905492202,206.45844701107418,636223
208.98300027651914,209.7724829647706,206.65734676619536,208.82186435231125,29456
206.97589765950084,207.97176053025092,206.69392245910765,207.02160106507685,688982
205.40065278247707,206.38569233911522,204.4830323187177,205.38066183264735,403908
206.90408029795634,208.41227001617682,205.05974355767188,207.48683463420664,180002
207.1734059063522,209.75294728638727,205.82257165254418,207.41555138551374,980464
210.33676437149776,211.15443043648497,210.0458020083912,210.31553467821533,689115
208.62138119772592,210.07963118816525,206.86766184575507,208.92886330006726,649233
209.1945890733087,209.98708025517948,207.57816917696013,208.83532932386024,401401
206.66596228620662,208.45961415679034,205.8906757416397,206.93855502846307,936725
207.06402763349755,208.20915198263197,206.897085518609,206.9744882299086,834402
204.0047290466323,204.85344344995468,202.67138286352807,203.95718024127825,868537
203.28830217479396,203.44644092521963,202.06992902495202,202.98533535957324,533911
200.47131308355836,201.61999860719914,199.01640545392934,200.11079700402038,543491
201.80412187519107,202.62572118043755,201.4751411347751,201.52439287407086,213772
202.13896693455808,203.9719600338076,201.38215281571334,202.99398009641106,838961
200.008355954738,200.29889332446922,198.24664762759974,199.53181486036758,627963
202.8491328158127,204.73559861734174,200.08179634809733,202.23139347492355,674189
207.16632883631127,208.93609182345688,206.2580795126803,207.3662814764097,532368
207.5806525300692,209.50951644642632,205.5466624198429,207.48245236649652,415422
205.8097861819541,207.91745271427038,204.2946052206069,206.1771244102399,314199
211.2779496120491,213.54189097678122,210.07337903902848,212.10446918995217,412515
209.03688601514025,209.6755139153742,208.6265519071863,209.34618045370854,50085
209.18299649437733,211.61432955028874,208.74610434121337,209.4092166806828,442066
209.65777980914686,210.27184116280722,208.22107416641987,209.8066799167688,617342
212.26135914965818,213.56132216594008,211.53531635234745,212.6692221769704,774169
213.1438891706426,214.9769633509802,212.47165213417466,213.45699864031477,224364
212.41184367999986,213.96070740939984,211.4648757869057,212.4165195290661,947875
210.10251463131758,211.84004216351553,209.15526586644617,210.4266672254435,653250
209.95756906970632,210.75522612565547,208.11418181709274,209.72958280668433,321072
207.93221126710716,208.5932704173508,206.92577166073832,207.64911879994062,143122
208.75836993547222,211.3894764478613,206.23096208420256,207.76922729012927,70501
207.08614107014313,208.09714766005126,205.3153012178546,206.62096292709703,52304
203.6762508971958,204.5957851843047,203.57279413382045,203.57727038312325,541963
205.91342203279837,206.75868662905742,204.70192568053506,206.16918079664111,122063
205.28673202833534,206.46384841763202,204.55002739836948,205.16619797371973,940108
202.73343400301593,203.86753870014726,202.13221076429397,202.60109660376511,56554
202.07304876712845,203.28227227481864,200.7819574726979,202.28071544491107,622500
202.75662423039378,204.00260017039022,201.4335753517549,202.43930814693041,852893
198.39804655808692,201.0017242005316,198.33779776983266,198.9543619550101,452875
199.5376657002685,200.2770430976141,199.2099221513358,199.635247343505,62436
197.7950635132,198.80960408534176,197.01692138120075,197.5754155809923,783447
200.8895625117865,201.6195375133924,200.69423553528364,201.0051743152206,534548
201.99777073704675,203.2703989266417,200.63687336632788,202.08133314800517,793034
201.2394808994403,201.95813673343548,200.56981604052842,201.29495209609675,385611
199.48658233620782,200.504642624449,198.38744385861986,199.82052288989115,675972
200.09954167613873,200.22388950987698,198.62452224089637,199.63084799926415,998600
200.46900724829584,201.94133452574627,199.4470665246659,200.87801001160125,310145
200.97469074720217,202.23868265150287,199.22617479493005,200.84688812552542,766000
200.597062703345,202.71966629189993,199.55109944049354,200.43124677538748,272253
200.18780203886865,201.8536726878489,198.6399489287068,200.56832905813553,650796
199.40991700249504,200.13795216639534,198.89586579845323,199.3807658380461,929939
198.35600320106806,198.90053433908685,196.70284915310222,198.71752290531367,742288
195.17656904459537,195.43735206706475,194.41518568465867,194.6350777240953,500107
196.11152604984963,196.77799557502348,195.76221595895757,196.55920258186137,569031
196.90925715535357,199.26381108155454,196.34094798887998,197.16711115748154,218648
195.18847658079122,196.81484214455006,193.5778660497226,195.6675588184501,999635
198.89665131187937,200.08659912370837,198.43280434134107,199.4382053067468,146004
200.26710142647096,200.6917520309021,199.02643693388802,199.6317871220415,968658
197.8082506025381,198.28925627284445,197.1758545246252,197.59375283301588,489310
199.36974011154672,200.00216122630584,198.16453506281678,199.31381527567777,49912
199.86597343974614,201.91967881633525,198.4207775614167,200.12877332428135,227973
201.30484560700094,202.29328655207524,198.90799254175266,200.94009440101848,96470
199.77654455940603,200.23799906866964,197.33938009356723,200.10640894443253,503139
201.3491059915438,203.75147824969204,199.63274773534846,201.03001535249678,906672
200.17462232674353,200.8412740147561,198.9541651488335,200.5245421753118,35307
201.4026648323507,202.31347592568,201.13117790634763,201.66261104434759,63667
198.17728919656497,199.94709823213992,195.7543869735049,197.87719561247025,459146
197.38063926205191,198.61336995798354,195.9276914607613,197.0402217990748,500795
200.7225613791439,201.443201741633,199.65443783318986,200.48299505264288,543608
198.55322514562602,199.23077041334372,197.32962197212197,198.9709344249336,708797
197.6161513978414,198.20822129298767,197.00533018591318,197.79287017575328,217454
196.99030371180552,197.43954239293322,196.53208806163596,196.92850804176982,937294
194.2396472965356,195.54709193950293,192.9352486669971,194.57013672228456,694620
190.86150564720512,191.92521221379516,188.62133273107227,190.33960861682263,756261
189.00785154281908,190.78511155590058,187.7470240328403,189.92020806955333,42017
189.90119821305908,191.12603875095485,188.95572522780265,190.19742671687098,958099
189.92284624679976,190.46790358556532,188.9656701885992,190.1166003491546,531233
188.78044240687834,190.97661316864895,187.73897105386908,189.86034666706868,193948
189.43061858156577,191.64062844285473,188.40296454848144,189.9610769600912,702429
192.17326855951612,193.04028227358535,191.0085264716592,191.93324087426237,249681
191.598820864245,192.45203721453288,190.61471474896695,191.58721694895243,44771
191.10894403250674,192.1120754829035,188.66826708964595,190.50954916384117,401199
190.58089546971266,192.17312539753578,188.77457331009575,189.99372880112114,552560
191.28228153806947,191.72525897572817,190.10088686412408,191.1167566993111,617173
193.97534862234454,195.7895112186956,192.50125306725968,193.85390370762588,998893
192.68470839742633,193.89162119254175,191.31494714328832,192.6593039144561,945914
191.84512177818127,193.8502306649499,190.34144088618189,192.8692893420478,236605
193.00252287684287,195.21448639850442,192.47576769869272,193.54233548721294,515926
191.68853231336053,191.96721174279332,190.96797312544862,191.6499434044183,602235
191.94444117199117,193.2047745940136,191.2176025405909,191.70824675483135,207399
189.04727224618708,190.23655515559227,187.5585351619003,188.93781308454308,718779
185.31200198589428,186.05059612209493,183.98635165366002,185.64336238072175,45506
186.69344646137566,187.88490804991977,186.1241496348555,186.34408622711499,925314
186.19912110992536,187.2883702416946,184.50277446007075,185.64869351562868,372846
186.39222109764597,187.22423601776273,184.34710749731326,186.04320790919863,458845
186.3967078186888,187.81117041301158,185.22971356616634,186.02852042050316,653823
184.03333681421688,184.84457768249501,182.93982548233237,184.23939966480154,516450
184.5707779679059,185.64331206568514,182.8499760774786,184.1744587984036,570607
181.9885759847071,182.82662949213994,181.74663036217476,181.93553863159454,89386
184.69110975457025,185.27397818813142,183.49570513569213,184.50234336702093,283634
182.1686775999242,183.35435050214383,180.43074476068836,182.03563436527247,594763
181.6536050647237,182.4930063420342,181.06861259976424,181.6977529328614,827945
179.5224745828463,179.936264928534,178.17652306433786,179.83178614522743,846696
180.8488894128705,180.95153289055162,179.9299085263488,180.87860294277857,599278
180.65395833071778,181.98486718725033,179.7614808803367,180.2981357705536,253951
179.22496092556202,179.6233984796131,178.38072634468028,179.3833477413697,808819
181.2617717292918,182.32000577274073,180.31938784661784,180.93848991995094,289574
181.2766832065849,182.21295111365632,180.58718063129604,181.00984910484866,732975
181.85684935706826,182.6742898737445,181.0863281271892,181.96564202781792,533933
180.70726103858598,182.67154993677084,179.2686925812451,180.20671881904832,764110
177.58424465505544,178.69495649677,176.78478935807,177.71061348917812,528959
178.45618080887613,179.75300410915276,177.1710764868464,177.91902659209376,143451
177.52438037317518,178.56368774148635,176.36327102502867,177.37037783968253,570893
178.49716001871641,179.27134703957984,177.32011084656955,178.5028242412227,484307
178.06135067752368,179.2597546401791,177.78220135152554,178.3780792875506,924401
178.7305842328279,180.43814678061722,177.97226389524081,178.76213940795506,16005
175.82948051079194,177.35486636093398,175.66760789443288,175.901163581821,496334
178.82128001899528,181.2186099997789,178.01417912648114,179.27243573471551,351039
178.91823087208707,180.0101354233592,177.94284254587265,178.9961355114754,434434
179.97738174884594,180.69426739998303,178.76985229581464,180.26718041461476,738565
178.99367438569018,179.65209351811828,177.80756711551226,178.78414231405026,231527
179.82217078207776,180.08051507741766,178.16187875783544,179.3535985739403,436406
176.6153093358545,178.34242332066165,175.6976735982334,177.04975958689744,61276
178.47887803320853,179.05755136323012,177.34085669079522,177.86974256354014,509161
177.20984992105082,177.99386056541044,176.91706478258146,177.25542265691666,837359
176.97911241826372,179.52219444653232,176.23385481327097,177.3249035643786,851576
178.85541926993344,179.44353104870243,178.1023842624119,178.5847723401072,910822
176.2572706232163,176.9917094305342,175.43928836325907,176.4147929719218,701975
175.20024841939968,176.98378214506934,174.58277809691106,175.22889367402686,34468
175.9073511300546,176.2918088349679,174.8066560819172,176.04969725505526,431220
179.5069147107449,181.31270505960194,178.58301684099146,179.80061467510043,395193
179.8304862430723,180.41271849356536,178.43154661913817,179.57046926935624,269180
180.54974072959752,180.83900558233498,179.40737468467967,180.65318324920062,415435
179.95951778118572,182.30401057454367,179.15672181519625,180.4780861129121,816051
184.23890886408893,185.67031453131708,183.1812330508922,184.03607897500856,777298
180.43047560379844,182.27009985841073,179.25680901660098,180.86657470450618,334441
180.63828911037484,182.1608763301707,178.40960699370666,181.05589822327252,480102
178.57929736621358,179.79315529910255,177.79224364910536,178.15436137258015,592699
173.3459156703391,173.98817455596338,172.45747374223902,173.76167171198412,78462
173.48924747022494,175.22658902034095,173.2441288569351,174.29674506760708,754876
174.77496002982906,175.1618612811353,173.69567340471775,174.55750973038536,684742
173.97262774423072,174.2234582623537,173.45456904551477,174.0784198755548,552951
173.83534197769148,174.995010446316,173.02869718371474,173.9110472377991,23156
179.28876913660676,180.92194265147984,178.30878909510062,179.4016128922513,163049
179.0398525947082,179.72913696434418,178.32488983691522,178.95693471040553,811097
179.61934461443673,180.67519187411244,179.55624864440765,179.89015818142101,681768
179.27136520203268,179.555608568194,177.08553800163097,178.74367281368308,942593
178.76074323465093,180.1904225661242,177.4168501884117,179.290090226671,739077
179.0405161333075,180.3439719723619,178.05701352971587,178.88135647619265,245597
178.39514512451112,179.71073496652454,177.7537386498696,178.16633643089907,787469
181.17911267691485,182.65884607566602,180.2270030740607,181.45479758991655,143227
183.24587960415474,184.19927640064716,182.13120106181802,183.6218396083795,813056
184.2655956860932,184.82753441814387,182.5472429531144,183.89149630959065,261988
179.36450617205608,181.04811764328875,178.00372748301075,179.72066247431945,606235
178.87363620374148,180.42265182346944,177.41545314911005,179.09093222513425,210746
184.34278730437006,185.16938313584123,183.97527064546063,184.01622880625442,516162
183.62338092058823,184.30673244562942,182.86037727664055,183.61062320150648,452721
184.99869120797499,187.24451279877545,183.52253069578296,185.6660282619446,142224
189.03968467945788,189.7807493565639,187.96153555451085,188.38145758318782,172216
188.61313117549608,190.17986942270474,186.9801558931996,188.81327731224806,5156
187.0983698433582,188.10857648870405,185.14672189236157,187.24920180547082,521302
182.8559481070423,183.19558504802836,181.1954906462434,182.7624525924629,38121
184.265608509658,186.07821758497323,182.75008970880782,184.0355358231235,256824
183.27648234770965,184.25887942484806,181.89273080762726,182.56044221441613,377966
182.29334089586266,183.42511228992302,181.2278537435201,182.90059580306263,900131
180.94536792835197,181.09511523817648,180.47322534489643,180.6469564229654,76964
180.4542260785093,180.65813892184238,179.70776987926564,180.18646549730707,3383
180.21580640337126,180.96491592029747,179.6990214397398,180.26525853961382,28248
181.0527942318968,183.00370809391717,179.83071735110957,180.76816618769732,868354
179.11605417170227,179.69746745636255,178.09842417322773,178.78199143286818,31714
180.4526643179341,182.6433314564517,179.4087817688718,180.95280440097648,135144
180.52345684442938,181.35525640019387,178.5206954942297,179.89391216020977,249533
176.37284847887014,177.1821137259975,175.86651424161613,176.9244146773855,894013
176.34797205859127,177.3821320636336,175.38761569414288,176.74930478543234,417410
176.73517258730834,177.03235135973023,176.07204577799112,176.8277552406616,584759
177.81159026893383,178.24404488528734,176.142963577961,177.12966214343976,302627
179.46615516262221,179.99757143057846,178.19939011287204,179.57686668203237,600860
179.15923380242225,179.2981411342848,177.76829393809416,179.17067703582381,72203
179.48698917920993,181.19900576000708,177.71960474180463,178.97437842323583,885175
176.9221840454923,178.02572445708856,175.81784340036413,177.02851379438,213375
178.08423955842778,179.0299656206545,177.95257116284503,178.5049531388654,798474
178.70289495507106,179.86538789461207,178.38905653577413,178.85214164277176,780040
178.60863137845624,179.0540025063927,177.67010682217852,178.12029967399994,729464
174.80204039548735,175.32875143821818,173.71534688678778,174.77726921415103,219948
178.02258400313903,180.49177057709707,177.1379694072597,177.3378265242946,825786
175.45007334667366,176.42711965021556,174.1381627636439,175.19151347352,614226
173.9514970921255,174.73922230175657,172.94372513702567,174.1761177265583,642198
174.83672714204135,174.97690151506674,174.677778343051,174.81886893848906,354121
172.46200134104183,172.84621019220253,172.1624018122552,172.75679980429229,782151
169.98530051202692,171.90876393024533,168.6030434995992,170.21285229746005,498240
168.14530772630917,169.7436660233619,165.4704706023044,166.65240737972903,149538
168.21709823163602,169.43829466589474,167.463999303685,167.8750948591405,399908
167.26662098429222,167.54340858415773,166.6625553974361,166.97905033539212,107901
171.7420978427668,173.5951487922508,171.33832529156825,171.95641755178514,888270
170.80657210046445,171.8910824424511,168.66913651792126,170.272059477487,241369
169.09816677922555,170.2758971839071,167.86274744301215,168.72716422563366,812290
168.4241073894599,169.4916657555901,166.00547435534995,167.7926628960534,124616
168.8346676924602,168.91554598932305,167.4735801483179,168.2179423123258,955823
166.95024239902807,167.6809239443914,165.97395613118596,167.44557631556341,836805
168.11689768246268,169.07544649942355,166.8267861922733,168.49089337656602,773975
166.53179059129224,168.02332850295193,164.88037341725433,166.86678828907247,369217
164.28294841473775,164.73501895869032,163.21460572683768,164.59368174641006,928246
161.78114259088383,162.50494507376158,160.8670029256683,161.67655326408638,107348
157.9577769798081,158.84394191709683,157.15473970491104,158.13704222268018,995488
157.9878216918491,159.15349045036496,157.0425979306938,157.33563447898692,689843
157.47609077503455,158.5822051368638,156.27381938442812,156.87848418950014,821264
155.90459132293338,156.21363647592696,155.10111230786865,155.90660613333952,24980
158.49043318122517,159.9707431001693,156.42918994654585,157.87304656767077,605842
160.3154374286858,160.5575587098875,159.2467267927411,159.8397114099713,5875
159.17777507993625,160.6400477343457,157.87443319810194,159.32138947043939,337579
155.87552033082918,157.02864428873403,155.1344123569408,156.50442250503914,384225
155.5677278236372,156.49029109910205,154.20951644592938,155.63557509352833,85674
154.52083279222452,155.59880112934792,153.4345254582496,154.72030505775942,242124
153.78577764422545,154.64592030999293,152.67273645039745,153.7222886096091,80077
152.69598299612105,153.7684428655068,151.45708587143326,152.66873825617319,203335
151.7086436240507,152.6453502105667,150.55193286503723,151.6895253865119,973505
151.27770307649595,152.38973751303257,149.8815394696319,151.1194252022871,248811
149.8128756318046,151.1372726872807,148.10571418693937,150.177061598077,714152
150.6291138901251,150.8108681339586,149.0227100210852,150.5052900943073,802654
150.9309280155348,151.94133746223358,149.96507984792277,151.06374814317286,26086
149.76918681366274,150.2646817374303,149.15916272802667,149.70930841998694,204649
151.92988203418292,152.18394109211366,150.71463184462598,151.63951969601644,9237
149.80788363996547,150.79593116325393,149.69124514275356,150.17563366356745,455986
147.69727627994834,148.60055364307905,146.59147270433178,147.78041566577963,842853
148.32386770401544,149.21195879048264,148.05393303543676,148.3590389541028,567408
147.01463302443636,148.36806164162184,145.7844963407216,147.1659988381817,76399
147.92008322494993,149.23981546211172,146.03888905290165,147.65435573590258,90913
143.95425946631673,145.02821120764477,143.8610927054915,144.16196466857483,2894
146.03561982784882,147.15580656533186,145.3274804297503,146.19801670159632,486182
146.98992815222286,147.97700961752923,146.7243524176754,147.19892682122364,295076
145.33797311579653,146.3991839628045,144.99441191583028,145.02123067632934,804982
142.7660112866928,143.83007395171404,142.0977185844267,142.90675847035808,84369
145.46488331871265,146.16842942266035,144.3275809285337,145.3311654530758,848025
144.84799218980243,146.50736321292555,143.22997169491805,144.27789105908212,946628
143.07224928187492,143.57466354035734,142.29082049878676,143.09366136528598,741786
140.21269520266975,141.52555866855215,139.9005153883982,139.90153720546496,979840
139.89165374633683,140.022749183706,138.67686022683617,139.42559467217194,177021
139.40817866068028,140.44549395240838,139.049696619315,139.12236801620213,393417
140.13065243043928,141.43998022935614,140.02989355512375,140.1353613474106,959741
138.3797101672623,138.47957288324062,137.92450576748496,138.20222872051758,131797
135.78015799504746,136.86806100094458,134.67362661678123,136.13066139374277,548933
136.54626458486845,137.73693876610113,135.64017551985089,136.75962139883512,381788
137.99010985894967,138.95240800958948,137.16661633213403,138.15719030723523,318769
136.6266177261888,137.46474931418496,135.68899997551014,136.01709462465504,965292
137.2863957059151,138.25361794332878,136.75967258163928,137.5098724918032,865196
137.3475820970838,137.81151477714047,137.2253932267908,137.57526276004916,919977
138.8090380704578,140.78313458879725,137.5468608156331,139.09945575085686,951749
139.17136003727134,139.65698268965394,137.40427602157303,139.01571477282525,408103
135.6054281888668,136.460079191874,134.66255622649484,135.56675874900202,221309
135.66867348569775,136.08374921028195,134.40038010969323,135.3744347213112,828020
137.0146133334918,137.2650198117662,136.21201259267542,136.83091518462,25294
135.25256872712635,135.92897329700403,135.23341115983874,135.6270050084368,132032
134.89719875174347,135.20414508393463,134.5642582162869,135.11534998860944,902629
135.25940577855536,136.37863713761612,134.40493781129643,134.89106448210947,91868
130.9958580762311,131.465799309553,130.49227961087837,131.04914219735514,601986
133.58770484107316,134.04961451903935,132.8508482233777,133.27116135945667,105238
132.04895121463423,132.3271784226754,131.36978913561933,132.08849347645875,751938
132.5145259754103,133.47279338718974,132.18993260683055,132.77148032827637,545798
132.5892151176013,133.04787357936047,131.06401852277995,132.66968213955818,895926
134.10199409182454,135.4339479183894,133.98078225564188,134.36213256173656,928096
134.76970759692816,135.71918610991023,133.73711171555587,134.9223189773429,559117
134.6732838813091,135.11562133160106,134.05184304049584,134.6191869707904,71182
133.57157697274567,134.58013576619405,132.58260919814924,133.43504487636093,136843
134.08955000958062,135.19315795659745,133.21470357785364,134.51736670831377,820555
132.0293388040615,132.70260972465988,131.30698916853174,132.03392513646796,397224
132.74684350931392,132.9841183796717,132.53446345957627,132.90276922076265,382194
131.29276587446608,132.09253192658042,130.76708529671282,131.4632513124358,229932
133.16853753531976,133.96283911110726,132.400005448742,133.13320807730435,214281
133.21464196448204,134.56180665149657,132.50603311887878,133.36146009539019,786636
134.60773565483984,134.9771422361903,133.97751059607046,134.23666845529246,172780
134.6794644684744,136.2733051390125,133.16794422329497,134.36020798688563,321531
132.35151947225103,133.2343841732471,131.71187074312027,132.03942361875414,605222
130.79130215851907,130.97872651025145,130.23548812704544,130.92089032536845,719636
131.5635876027477,132.14218705455636,131.2694056670077,131.81733566675055,600531
132.0720686333833,133.2954518739835,131.31798738963442,132.05040446267583,699537
133.59233127135838,134.79908421042953,132.5168892828991,133.63251413172324,66548
134.02253508858144,134.86413939050877,133.9181190741456,134.18592608832904,908912
132.5957584293403,133.63260549105118,130.99654542473795,132.90828813455497,230764
131.8566894348144,132.0662541618259,131.11756070853176,131.8676391879969,52109
131.90993701460462,133.2000651397654,131.09932776706023,132.01662478460642,863943
129.1872841526069,129.45039973142275,128.92185563446444,129.00967729437727,463429
131.37438741920633,132.3641913943073,130.56219327993293,131.19986377249856,965272
132.08405301406904,133.2802229868395,130.75074371660105,131.79389562474978,102723
133.09829074522995,134.1208059334788,132.34897868414524,133.43435733053857,732492
131.46036603413128,132.49927549740957,130.6429828124475,131.3550040029063,948867
132.81979343243052,134.4156673494197,132.17635839686645,133.0133186880663,702048
135.69645473316595,136.8179734531209,135.57894164068222,136.02847690574748,387939
134.1418600680195,134.8576239917961,134.02799053246548,134.25694572254466,880786
135.59935463616762,136.25015579632972,134.1589252287507,135.3101413922304,711853
135.22440701641216,135.70016608064537,134.19036489144125,135.32517510919874,397456
133.68178893541742,134.0431640471154,132.18633109447876,133.26454971470093,725651
134.083433311302,134.93180873130018,133.59733833667013,133.9364036824473,527492
134.96461435899215,135.679995546091,134.35358950356192,135.07107480812726,919851
134.58652005541006,135.3917118424566,133.10741426024376,134.27498907517392,342201
135.98429711167682,136.05639483699827,135.6847420260612,135.86327098698385,746422
133.38164432995046,134.26190599990403,132.2626193880439,133.63088179676242,377600
132.15091119131714,133.2200587848454,131.23480472932943,131.66144590600828,469163
131.92302665402386,132.13980615564793,131.53362603625925,131.85459970132578,941301
131.9062235568012,132.57229448521747,131.25438814939213,131.90126507379827,340642
130.74846789647134,131.04641651603552,130.5328644217504,130.97257052235813,549925
132.3619424687934,132.5053717138754,131.95922071746472,132.05042540874638,722393
132.90396763056583,133.89051147813598,132.07249813554145,132.76661381676305,696952
134.09277073218723,134.63881622234533,133.03995570688173,133.9242302543019,583369
133.63701105569098,135.17289418718835,132.48160276170262,133.77279883232814,269404
134.81931084310816,135.66831244370246,133.67671889594138,134.5947796776976,67450
134.25407622315197,135.1390504967809,132.54949722487106,134.00969250456015,14724
136.62116335856274,137.04636573960317,135.3802026019599,136.80414663104648,950205
135.32602338167587,136.2323890649108,134.3497494775427,135.7106246155362,61109
138.77305536365958,139.16191015611975,137.7239570916972,138.61188493245174,268107
138.23775392474488,138.92424193989405,137.03642546646324,138.67411892875654,709161
136.8349683168687,137.7916745430785,136.56916539117734,136.79337881310204,916756
138.56749099360331,139.74471010693304,138.07421443786015,138.6915492265372,675118
139.21865794317824,140.08136973522096,138.80024346546122,138.88016110157173,465411
139.97119554097645,140.43367187371624,138.99289585817516,140.08125567197993,653602
142.13443122575063,142.98612775816295,141.42727882667668,141.82036351495088,292765
142.16833575431676,142.41972812958966,140.1695968901407,142.31469487466916,111343
141.77146261441632,143.0430148047199,141.00088735701658,141.4884881834105,859844
143.47886014437842,143.63748312261023,142.1300105160959,142.89005550924472,341489
142.60016542611564,143.13959300990177,142.05925442194672,142.90542488632934,745724
143.98736118233674,144.75709987722885,143.39482811231605,143.9033113675474,711434
141.62558186897127,142.4204524278563,140.67370928403489,140.85124302877813,964587
141.51522457080608,142.19191559091877,141.33230803645674,141.49638041484042,208028
140.62711984565235,140.86191315987904,140.3934186410015,140.60974377996115,161852
143.19353838641607,144.39637040662976,142.0192865470078,142.96807802835576,586240
143.8878830808526,143.89620665001945,143.33997117857618,143.87606197495563,908795
143.74351004901712,144.3153545756549,142.19095297374835,144.23599693565984,581294
145.28189232094527,145.96167380388414,144.76989373423788,144.95363398155658,717895
142.95295286549077,143.70119183588199,141.60505754112026,143.52791086832897,139335
145.7697253702727,147.15590595542037,144.35331330884623,145.89133795353757,828262
149.2000060964983,149.418637234621,147.52614778232117,148.84057820321445,423677
149.33492229866965,150.8867475513837,148.48305737283337,149.4414867599284,274968
151.64171536718794,153.0832136232117,151.03736507930984,151.85239431380356,869440
151.271231470165,152.5880728336494,149.67257493148796,151.005683775727,401901
149.56673202980457,151.41906051737604,149.17402803704437,149.82176306567416,151450
149.53166027763737,150.684096975793,148.6625639076589,149.8980788522186,302978
150.6491881421148,150.9446226814188,149.83345122274753,150.56652290894135,846457
149.93460297560625,150.69307320361074,149.58589266091047,149.9894761150025,971237
150.4382001300542,151.3110095383317,149.56052247121775,150.81332508539447,943603
151.48396889522874,151.91909541370617,150.19808114428935,151.2912382183045,605187
149.94254469516477,150.76011546321308,149.472687801169,149.80338106760584,941306
150.48927249461505,151.20979139782975,149.52909667548454,150.59762899965813,933394
151.83038659792084,152.33567418452193,151.57423589661872,151.91890427622303,320952
152.3380234663537,152.98756123736348,151.9128946557934,152.19484076941535,46154
154.3412286378275,155.36712481299935,153.41604331870687,153.97465765364663,435830
152.04069934012674,153.32386375491643,151.1175064332003,152.12674015851252,435628
153.05571645934228,153.08498503774922,151.69265423114584,152.8555708926311,165131
151.26306138039396,151.8817873137002,150.29926358846683,151.09226661661094,647137
149.69605582062098,150.38106053859428,148.43208926429978,149.43326030949413,473672
148.51993338618732,148.735649668331,147.83725983152937,148.50825790493724,414268
146.8620404713493,147.8133177112081,145.94940385455905,147.13050229362906,670666
146.20570655525492,147.13775066618453,145.3203246812897,146.3410717988256,346897
146.14276323141456,147.1009487898935,145.53542380867978,146.04262079403242,379749
147.820748116502,148.5940685283007,146.70568381332848,147.28508276355694,881940
146.68536939711805,147.17359889498985,145.6878529222477,146.82750418361766,365061
144.76481797910307,146.36245555112836,143.02380667638988,144.53218260760664,897806
146.10806950599442,147.2986807542517,144.84855135898724,146.20399583389047,277653
145.03177988111273,145.99742456554432,144.7659098957185,144.99974399846607,488453
145.3683669349174,146.53342080622252,144.69385982844705,144.9291167102447,697570
145.81483388970878,146.65091099642368,145.0982736404599,145.5922836850437,986708
145.53557472732484,147.1902745784792,144.7647071324058,145.89778034459738,510367
147.3487802655347,148.280437898814,146.590704862391,147.5176806410099,37052
148.61325991403302,149.3571053009069,146.94802882830325,148.24081336629683,590529
147.02588927955705,148.04120382192477,145.6781772073578,146.98418162358485,42303
149.8912859157691,151.6981429497615,149.13928182098974,150.236481310087,803485
150.2972021731256,151.97938599276316,149.64838263737428,150.54377856418705,791357
150.54868575417348,151.56918646325602,149.35241891803526,150.33716331294661,65548
152.11040818421245,153.10670634717627,150.56523694374465,151.80848834104756,270290
152.2083035462742,153.28717536777333,151.1896065475415,152.2028682900747,339265
153.5835911032457,154.805634656772,152.2607220769651,152.8270015311542,55933
156.9575458938081,158.35387095722973,156.20358065477805,156.699257766528,530901
156.20826011596557,156.95486332815975,155.9476752390053,156.28436468452614,546888
155.54994117624355,157.19922066052604,154.68190086707688,155.80412190535756,638463
155.69729456054475,156.9419918364329,154.627753747258,156.00146131281397,354604
157.80358892821053,158.90076491138365,156.5616591203446,157.6977985205773,294207
155.20350037260215,156.77622523074595,153.8912111478099,155.35536864860114,5962
152.85679946058914,153.96366409153214,150.9085248980404,152.34682038248033,991841
151.91434068712655,153.09137097670828,151.33758381245542,151.47013579132576,672829
149.2189342176979,149.7907030332833,148.10412535520803,149.0302420960251,391304
148.0633410352523,149.82247302430352,147.1279096473386,148.41329845704584,673784
148.97531090794052,150.23308692734025,148.2634829209546,149.17586857631332,3291
148.2391212626179,149.03638048263304,147.4958903205291,147.86777278448417,994213
145.62333846280774,146.99802077333607,144.26410631236166,145.78751450634908,898803
146.23067227046886,148.09708621204982,145.43134409315024,145.90322407676894,449285
147.3215695615576,147.5415540324433,146.9496535879721,147.18186338203623,155841
144.73763418342057,145.11233127926383,143.9903366160383,144.7226646832167,920436
145.7240730680146,147.83444010523465,145.099440089795,145.92920072929059,170989
147.11375545787988,148.06555081043095,145.5583082136681,147.14148981696448,372650
148.6232699593328,149.4514893364524,147.60582757262785,148.56691913458093,148836
150.713885476303,151.4152842033211,149.78901208987799,150.40329097956518,231154
153.49490739915166,155.0935920842265,152.8180816237687,153.7673017458911,446674
153.15549916268694,155.2026370475957,152.48547609668395,153.23604518980287,233831
153.4331350118848,153.89411479740812,151.63183093650272,153.4193815375255,361571
152.99960232767438,153.7201340371084,151.7234703061746,152.79709167613206,526371
152.53773837292744,153.41868049573912,152.4189847716842,152.81539304253477,259548
154.7827827812504,156.3085836559224,154.12237415351407,155.1914234617402,740337
153.3397768464357,154.66880034151154,152.37855367502186,153.13336374497922,190386
151.37469508119977,153.33317709591594,151.1207950030369,151.83565267037648,459255
154.35222645442386,155.47902160865323,153.9028540621827,153.95656433018632,155195
155.5020596803189,157.50397225235886,154.44671538430322,155.55056846652334,616849
154.5224973497809,155.5099861117806,154.12288656288635,155.0022389148667,637587
156.19766352956333,156.7381923875306,154.8315095846122,156.34788890374415,20602
157.01694034357,158.49416088103126,156.10962595054946,156.89797288456762,808368
159.1158440448133,160.14067118907144,158.54665587550946,159.2855472132779,366155
159.42660197187914,159.56565051090396,159.06148815728628,159.42021567812404,148449
161.31822474835883,161.9718557196209,159.6837302396654,161.07980139602822,592630
165.3419179312831,166.36271466369973,164.36961147320505,165.40880605522784,734910
166.10583409286647,166.927167222478,165.49864819521767,166.41772009710044,192060
166.4169104450827,166.84219119772814,166.02930451920815,166.5164819718992,989710
168.2152567550127,168.9515538732562,166.0972038751396,167.7406044755608,196588
167.70901417063553,168.01196369004703,166.84362233188938,167.1457116124087,434650
170.51062288154654,172.3844735835032,169.84664469035545,171.20225471220877,856637
171.9022536666002,172.045175699874,170.3771485487795,171.52797006151206,813536
171.16314759647022,172.06539558032782,169.47758964094908,171.07755827553515,750854
169.98435115168544,171.0991985611848,168.93256077087,169.67080538103653,373942
171.3709901780823,172.37107320767095,170.89191416461358,171.55987357074972,605059
172.45932326825783,174.5043687426221,171.65225116693745,173.0713949326537,972301
172.43130891532914,172.5844824572185,170.90149517410003,172.2299759353227,930023
172.91695302971212,173.74482687643592,171.4664936975824,173.2429884553384,413339
170.1923316464031,171.35055456278698,170.04349461405383,170.6662008362656,708470
170.54838294232377,172.21989682555193,169.63683247261565,170.99927430160616,361432
171.99888291504007,172.97162651174045,171.6726437295385,171.79241805159674,254090
174.81688248943632,176.81505657929432,173.43069913180932,174.76813879356013,207801
173.7149426291774,174.1635861897306,172.3565184921222,173.4435153142815,493233
171.48670057441436,171.62646794661984,170.87452449302296,171.25753222050466,484086
169.60495837581155,171.50768493748205,167.97633749727962,169.74786352235745,42841
167.48730180136963,167.62941326760986,166.4815337808622,167.51091198663195,208447
169.60830161446435,170.9787923837683,168.64567656394715,169.78196735409517,356502
172.37644480164712,172.80491938589176,171.60718637928872,172.44898642414213,479135
172.68467518364446,173.22838245689775,171.8254158919654,173.01938281923339,500954
175.29972810280964,175.9791282518653,174.4875814785348,175.16293135568287,419451
175.79245986909507,177.1457981016086,174.92825616864656,175.4152746661313,182220
174.97979029002863,175.49996461061673,173.45967230120374,175.26603935286997,952242
175.14845521468754,176.32690379583667,174.0855212606192,174.70077760793345,615152
174.2163252428728,175.48611672796196,173.58095989773895,174.17677962552324,35308
171.60147532975094,171.80481099305865,170.72771139914863,171.5187761877555,493170
171.4052510818886,172.73225146893174,169.81571703969703,171.98982023705426,950109
171.31618401753244,173.61082084512606,169.87824202424775,171.93765691139444,728142
173.29125775632124,174.49594008530437,172.58032948055168,173.24132393734328,465730
173.69467417165362,174.42688799721324,171.9154082752142,173.42076227755612,552681
172.9236371481448,174.2376580615524,172.00292936304544,173.1561444463012,960733
172.24475300937843,172.75187774648367,171.2473576402693,171.67133849871516,560251
172.06497227894585,173.50018118842607,171.1987826784694,171.81243000767245,688636
172.78834327322022,174.54645556803453,171.2125547739529,173.10281613057666,812826
171.16260932478139,172.08050608713208,169.2268397428892,171.15204969958796,667609
172.16764920346947,173.14764785932906,170.2979925405841,171.31895936027217,382597
171.30905885876916,172.07993596318195,170.74367240840462,171.73584441529087,731287
170.70430382704848,170.86543003508942,169.73542191404607,170.5241382748285,952040
169.43215811482736,170.1977528370624,168.97254501381724,169.54159536755716,365962
170.19029608192292,170.9966227937813,169.4147287409797,169.95002200153414,822145
168.47738652093832,169.85685956435864,167.57168936935105,168.05145216782267,58311
168.52711553148464,169.9674088077432,167.72459467253145,168.6573990170566,446192
167.54487287989596,168.4755006526479,166.27439712193853,167.170774018855,479320
169.72457806462643,171.17939213532603,168.20416361725202,168.97392714359677,442511
173.0110116985739,173.38636626210587,172.23800049803464,172.9880822191484,415228
171.79186927866533,173.2060617781839,170.27367933018505,171.52261695527017,847927
172.25494788353805,172.91194537637875,171.5121202583728,172.45860106201653,780147
171.23353262288623,172.72653210726915,170.45556796743296,171.2269371978903,599243
172.97480081955453,173.89419456328838,172.20154824859694,173.0359431021334,145420
171.14982721264113,171.32009733481019,169.23194375857545,170.8774704225104,805442
172.13156101291457,173.3692680952676,171.11229410230646,171.71783233221265,436526
170.2049665849159,171.50697068666133,169.04946407512122,170.2423023728761,774085
170.42842872797175,171.04712820778656,169.4392094027444,169.9072813512983,286847
168.69596212388709,169.35155195918185,167.16384225485766,168.18131135357706,595097
169.87424214092024,170.64230545110215,168.46117412996898,169.587011350207,180381
168.01676176949323,168.32076724453805,166.63015675778448,168.19034312836047,347077
168.93120626680917,169.49238002843578,168.28129489158073,169.13817348390558,972219
168.30013630738011,170.07516008376854,168.0210757803474,168.57402910363766,46677
168.71768313059286,169.14416718348076,167.9520824408293,168.39800778003183,928591
168.25511219738533,170.4459427200774,166.92696948457694,168.66387524092315,475220
167.62717949533467,169.15446515891207,165.51811136380826,167.40057347244283,416899
167.40712088296345,169.39750991658565,166.1510049489006,167.76987604551564,449771
170.65472067227367,171.17506451737478,170.16733592598092,170.37409881627025,580979
169.07629982703187,169.10585376219615,167.81902450099116,169.07047718089365,55850
171.53674160372194,171.83510456360077,170.70941312878665,171.08042270592213,802700
174.07653133565495,174.71376212142968,172.99355272062562,173.6800355920758,765163
172.78001581640078,173.14625574965245,171.32733450828573,172.2855337953248,607478
170.3099500065072,170.9185905805001,168.78370690367308,169.81381560558575,161155
170.39332889912598,171.14220177220133,169.45923042436115,170.34439548394883,139276
169.03873543878484,169.6206176548135,168.49837547317338,169.43140731885615,377589
172.2810122347783,172.96875702726007,170.87177512531025,172.644436734739,623202
172.00092327643827,173.4711143244846,171.41314438625196,172.72181179428566,680135
170.98752457149013,172.39886938810372,169.4890688620142,171.3589161769185,361431
169.44464995961363,169.83903780394553,169.26514676604182,169.42132956842545,916650
171.10335704500352,172.3017488262277,170.13720636462324,171.2950890705098,834902
170.27513338304598,171.25811283408132,170.05010677256675,170.3365007200665,431973
170.59616071508586,171.47313716128238,170.00252806187464,170.4282154957138,75321
171.9775416578235,172.6060009841374,171.38233368513283,172.08219008889932,970265
170.88374135107222,171.43925235742395,169.24978239664702,171.2680081192672,202805
171.18825668477817,172.93384774509065,169.66056001448203,171.20648458294815,847360
170.88760482073758,172.37493172256623,169.5849719654812,171.19523940871665,654094
172.29294239412465,173.7683567526112,171.41427298262005,172.38630215990275,33281
173.89076224455462,174.71658876684864,172.4600525195597,173.42502000073148,327203
172.9673849250122,173.84115860515638,171.44536923433517,173.06101276878462,615707
173.8019365543088,174.9267790451779,171.9582008715745,173.18851752777098,185901
173.05718489505455,173.14441697384635,171.69095161948033,172.56308983620113,999041
169.85200539431779,170.33063902238007,168.24520291966067,170.04902600128025,755223
170.1257844363513,170.9491384288617,168.85943808531036,170.504688058726,465754
173.7607922267861,174.41097076761514,172.76561906183306,173.7790578522755,5008
172.66469209339365,173.0723384029658,171.6431941637911,172.26733070294168,559451
170.79027788656,171.98335929770622,170.21774220832808,170.95788188465596,635240
169.80054389363673,170.6910359672362,168.81618876222936,169.49271451428368,419929
171.1550422409742,172.72600489661016,169.65458338090494,170.7423784051642,169212
171.26147209581882,173.65758921774005,169.9757525491126,171.5270046985519,251317
171.04083377361073,171.4798994136967,170.9267282491691,171.27241157408767,40533
169.96617687950305,170.8911184760585,169.5817310363194,169.72426480059494,147503
169.9497092559586,170.8736540443099,169.53359043707022,169.89811203195703,343006
167.04773833089394,168.10652459398966,166.4168040079437,167.27726332015288,299392
167.41610359154424,167.826543255668,165.9783606122813,167.53410806605228,973784
168.99365259172086,169.3975108886207,168.29085100014393,169.0174906674108,971257
166.41016206817494,167.8876702163059,165.45092063495488,166.9326125429895,244726
164.66204239373738,165.01836278416255,163.3821083803523,164.41028319381294,893969
166.8844349296566,167.9593988481056,166.56246688883863,167.04436059089903,280567
165.11774486772697,166.74987020877376,163.56899548835636,166.04217345187232,493166
167.94785568743723,168.86703042814935,167.44307457799619,167.95587422613931,394822
167.46545168161046,168.07312064974252,165.84449088109486,167.71419573614318,797764
168.02515824039222,168.94466041467794,166.6856298952165,167.459539467262,783212
168.01517750131958,168.60863534687286,167.34521864318023,168.21213541559433,469881
166.38230876095028,167.66249828100158,166.10484422391582,166.74836924272392,294965
167.15578572339658,168.66322808573713,166.0523877958203,166.9861502810787,228166
166.14721197550855,167.3290573235396,164.19279786714378,166.36696522411992,334297
163.94498581107936,165.1805198069323,162.9218437028192,164.20096072525712,26233
164.94042574756398,166.16949904906102,163.81497778501728,164.77252209184948,492327
164.01365521377892,164.48539864653304,163.52158322944334,164.3556686138971,253398
163.63588391657385,165.78107186757643,162.52709514508598,164.11420252512642,504704
162.71610325228315,163.0143992978546,161.2688823324754,162.1563402138112,517042
164.96498890657043,166.22515365112082,163.98120662286723,164.77401623777206,621569
166.15374263989526,167.44529822752872,165.07633791093113,166.24158778198367,850604
167.86778623097715,168.25396126099142,167.79265902832927,167.8689536620858,196215
167.54306245871828,168.88787339009002,166.58733250229554,167.3737256541312,654246
164.84112709452603,165.91151278249149,164.28906232267104,164.52085846894528,951727
167.52849236352566,169.5723957265479,166.6763259361427,167.78217071429205,88116
167.8192630586054,168.7557174125223,167.22231482062023,167.69646010603626,382241
166.2933903313617,167.240189772404,165.7891088764976,166.462084398052,767303
167.11087996175382,167.75177098142586,166.94382320037602,167.174065487646,27613
169.207897206717,169.24682615933216,167.7416099887633,169.15353367398123,722818
169.12920052400472,169.81565005824035,168.62743469161467,169.13145963762213,66456
171.57698956832334,172.29286106842392,170.78916585794016,171.3249476476373,463809
173.37653464742098,174.37972153936153,171.54641785462408,173.20780026453534,841904
170.8536466804907,171.4957771468638,169.70826565144586,171.37055827927014,474390
169.77448165767166,170.96590248318483,169.58706459997848,170.23678457124575,689250
171.76478006659534,173.04850088386826,170.1920879106359,171.89188266058395,830617
167.92041440704293,169.10031207301213,165.64486413036772,167.30852521538145,112917
166.79080653095068,167.17217764017502,165.17908557405784,167.0753665661105,677871
164.64969612565145,165.89095803621254,163.49639617757455,164.71829230394405,828393
163.77571323639017,164.6500621604671,163.4981345753448,163.95158279648243,870521
163.2975918924735,164.2053985173986,162.50521915344007,163.4787408490439,571967
162.9684996875317,163.3096817560346,162.80377385660253,162.9104254625039,511582
162.48335044289257,164.0238085349589,161.6402293410241,162.02941619433201,482761
160.42362697644708,161.31083326646603,160.01022705942546,160.27746405879947,722961
163.74612690299355,164.07622605279872,163.2354176939411,164.00970064788348,313677
168.03823626285043,169.0675720768407,166.20021881960528,167.11800780112105,215666
165.22970748346563,166.2266102369295,164.59823093335999,165.20374630254196,331298
167.66125371840232,169.30993833227316,167.06833399040985,167.855032603308,89755
167.67477884322767,168.35737174974057,166.51246862749375,167.20256656705544,641713
167.27837552861692,168.27865660191236,165.6894955890189,167.43545363201866,744644
167.90284271266475,168.41856915529462,165.42325721321706,167.34627789143076,855064
165.97296209659442,167.39203415061212,165.36750742602206,166.26247254284985,690079
168.40338483184487,168.8495744794407,166.91419506534857,167.92311451831782,124239
168.21906743354276,168.60950867467977,167.73508358577007,168.15145451918949,74157
167.80093239565065,168.60580758746812,166.14648234556762,167.3687687504907,444119
165.84439942231361,166.06371349664883,164.6260667313911,165.21599519393595,345703
163.39162808605647,165.36850586182405,162.92323568958665,163.7625854825207,215857
161.5237551075309,163.26527195994456,159.3396625551094,161.11266910111814,320261
160.694392592216,161.73493436641058,160.54465879920147,161.14847803199896,336798
158.91396305561366,159.38128813085626,158.53916732401768,159.24748600753307,581635
158.58580313015713,159.79563094532736,157.44327318025674,158.84103190542916,314436
161.2106165829685,161.78350953334945,160.4207727517397,161.04839683727857,20122
163.01854161712356,164.4081187404788,162.50864643881349,163.0077779276526,356544
162.9169920757113,163.4014789357622,160.76730611214776,162.9714689019964,670155
162.8935188270086,163.97407944569125,161.67491855137604,162.84589119833453,499202
166.14899180314006,167.03655652200413,165.15210757532648,165.9527395487203,652361
167.05886100804852,167.5552288799688,166.35603125164118,166.8358854731015,678171
166.6704460286711,167.62382589476601,165.2525670629698,166.30651188895965,517513
164.56503182837642,165.82158420286135,163.93561907574565,163.96817625045279,822151
164.62470502549365,165.4977916370417,164.0564706418281,164.63173887453672,275731
165.84632561511066,166.8978974602747,165.0355521705103,166.01934731388155,564075
165.19294203648607,165.586373760045,164.05986198960775,164.99048678725438,738839
165.1094705324548,166.8836899621955,164.35447346760844,165.48819185358155,672073
164.680260808328,166.24537356508097,164.19933412952398,164.90410300054526,9975
164.9463969317942,165.56796813974992,163.33960825142466,164.61736601371527,496291
160.54869286056353,161.33162494056452,160.5414618586327,160.58856005451128,532246
159.8616003851533,161.72994893637232,159.19558044812425,160.24882322451452,519253
161.34378377742746,162.08476764735218,160.78775948851685,161.82596140413855,92978
160.83915823848074,161.93493373827144,159.5311868104852,160.8234886658081,734710
161.29159448933913,161.82775334326973,160.34099282591433,160.9240771964084,7647
160.08865005397544,161.74304356518536,158.7197668543702,159.728129042807,878669
160.35647883674437,161.18878351293554,159.35913816524004,160.32092590696675,80031
160.63297917785454,162.0435191425256,159.90931583287826,159.99016766827143,386242
158.47712848974413,158.94087569762542,157.71595367445542,158.51035871735635,729975
160.60826876385426,160.85431641784166,160.57161675792955,160.65279131482356,838760
161.33560202674374,162.86518873320358,160.3588995800028,162.16831554022346,277120
161.06219369502764,162.13950019542162,160.60976429164774,161.20642926226466,672039
162.30319758001207,162.86603341262207,160.64014515396914,162.02709853198834,734787
163.42607657595462,164.614988581378,162.19025428324542,162.91648640420823,710162
163.71037805102685,164.6992933223172,163.270024785835,163.98266622867516,950005
161.39297784571048,161.59380098169063,159.85727777224326,161.24390710242565,751049
163.23253906289577,164.31941246717443,162.50309673437158,162.8914837052257,883935
161.98595944551488,162.36701340592592,160.7376423902761,161.98232840001143,575383
160.68275359673765,162.05187975608314,159.653968444574,161.41988734520075,796715
165.83316307634627,167.43501087219448,165.1041421000967,165.75118585498726,209141
166.5221311151473,168.24037892982273,166.10397676408863,166.26892661004607,297655
165.33052454796868,166.1866353225164,163.88801776717816,165.64439513272916,201590
161.96526692548596,163.13876226886595,160.91226720694806,162.04763720791374,381641
163.952101909237,164.88126201954583,163.51202890139572,164.33187156361174,162484
161.3187693926073,162.8234900393384,160.39379708156855,162.1522799622909,559736
160.8791410975488,161.39116691769584,159.26200843525527,160.54937127233597,476227
160.03307047657978,160.06196116073266,159.17912498943764,160.03427026432286,562075
162.8520882970976,163.71278856364884,161.40560920008286,162.33337634406638,334449
163.8903612496657,164.8514956440128,162.285241566241,163.60982857596142,305622
163.2523974105129,163.85611033437738,161.68324992339555,163.36813058370848,454136
163.86168201495224,165.2432226442557,163.101166770808,163.88894679650895,584047
163.1087085277069,163.71086662727078,162.76330491396968,162.92422050758643,251369
163.48375445228535,163.98865188001875,162.99000122008263,163.16822515020695,877983
163.40964789131843,164.4848031982062,162.8262658207991,163.30426091357475,486113
165.27512943353446,165.33660418399964,164.54844946487964,164.91048163736514,894366
166.43104155579707,167.81546657531203,166.42315161128624,166.52984995620727,171614
167.03745485831465,168.00616271713244,165.2762996273831,167.37124116440384,661676
166.76093230671563,168.11145012869764,165.66292866919898,166.78255041191406,547146
168.1101432493739,169.60033738728387,167.46503700959798,168.041184225325,827581
167.50001588459352,169.065469390308,166.67885552002207,167.90349988060782,108626
165.66923511279023,166.53925771266304,165.60972717705553,166.1133298256885,57527
165.6093596224116,165.81595810680477,164.0595268409015,165.46130937758744,730716
165.48318906224722,165.73335402234648,165.3427217724938,165.61778890871096,937904
167.09342349679304,168.53765886512127,166.00228951496882,167.14886373467732,171915
166.7390289170179,167.6258823431054,166.6531138871362,166.85906488070447,921584
165.37144619554292,165.90102090226026,164.25046550492118,164.8700431230496,693365
165.39644790100718,166.15789238442525,163.54015944284342,164.9801168935398,908081
164.77513872348246,166.54534393769904,164.75896707756843,165.18392059083888,439031
165.33136704059856,166.72193084209744,164.57846894268832,165.5077298309311,299664
167.33790978628875,168.39473544579442,165.90403246791118,167.0539167019334,246442
168.98483811706177,170.15314152410107,167.702708428326,168.78164653864263,315779
167.7845673206031,168.72817083163727,166.91031610118574,167.7984804867691,143429
166.4049892312784,167.76954287028488,165.32547171932632,166.78445729688997,491396
164.84972546224105,166.0098987434793,164.32755931909122,165.075066148777,91816
166.07747625496444,167.08051670608666,164.28410730038033,166.24930074847256,436541
168.78580919087455,170.0112146986461,168.66399051923753,168.69235553849998,81159
168.75155042231472,169.77820892110978,166.7512915438174,168.17848990215018,565915
167.55922061951551,168.18534733173885,166.62616984573262,167.78972350887312,781554
169.93656092110484,171.40760950652106,168.77226985502716,170.2859997970187,801665
171.12901696922924,172.14898159913216,169.86546224760534,171.16618963619857,671622
172.28647828700272,173.46392549844762,170.78545199333664,171.93170101116414,526843
169.421583368914,170.70972055872443,168.9866892245311,169.91327260884262,179003
171.58494958263447,172.86072159298345,170.37904594587437,171.0875521654,982216
169.46390276624408,170.33860984814243,169.35455940299767,169.52222904618748,497580
167.38124950632888,168.82959731374686,166.6942310215735,167.62743386157092,191632
166.52919421356745,167.67040144363168,165.53542175752756,167.06386181733788,390442
166.33939716465582,166.97784733275392,164.97162037122493,166.10468434455203,348691
165.69683446366017,166.88172391610217,164.67377199574415,165.75357894010565,87001
163.45435181844368,164.10893416246046,163.35522114555766,163.39856575634602,596643
164.69204228517881,166.90602888804673,164.1463387929025,164.98929086588507,447558
166.77056993128608,167.99503493962825,166.26804825596523,166.87706955348997,123502
163.51592232264113,164.50581898760353,163.34104266503343,163.67520489302956,629317
165.26783127640186,166.53418448403193,164.85595082089563,165.30108757584514,252445
163.76349705118656,164.566532631271,162.9440511167786,163.98308756671975,683942
164.90342084016976,166.69604664988788,163.37948804570613,165.41096153592454,184889
166.21643299820573,167.49392357642134,164.9604068367951,165.3143128770479,520631
164.927471564641,166.8272414696561,164.661376477832,165.3784268638493,428788
165.14902030690547,165.7563676217075,164.56056007405172,165.0891064962618,518920
166.52680856230234,167.34165715216665,165.52558291817533,167.11908791118125,213614
164.41746090180152,165.60001012816588,162.99177676463776,165.0767932755135,861829
166.132359437425,166.8226574082877,165.3124695491677,166.09986150392885,703974
168.0146467834714,169.69506792208,167.84482657487408,167.95607459231599,519410
169.60728998349637,171.57219655863847,168.96038633038546,169.1804480545278,717101
173.31515613939362,174.36093752352477,172.21306992773293,173.1767716752733,498428
172.2287853689462,173.14665974591964,170.85340707551697,172.2804042713256,771847
173.62459157773054,174.64213715528476,171.8106962695085,173.95496693584775,869484
174.3089130842736,175.611710285424,173.53541417171908,173.7878927870722,381265
176.28915772595326,178.32807302520965,175.0086757603794,175.96227217441918,990532
175.52771464697767,177.78891933908287,175.19237511122734,175.9663387170467,484874
175.31596955549972,176.79106582278862,174.89874091188915,175.30265927047742,648930
177.67619183594007,179.16332514314374,177.2608744796327,177.62501727571308,285206
176.64949550688436,178.09694406885072,175.94338922772482,176.77169907522386,781555
174.5784686049929,175.42659316249646,173.89920867970014,174.30938703486584,121612
173.716632374595,174.20136350606413,171.27129482206283,173.4281405114241,30677
174.45601090307952,175.38421389734717,173.82431045894643,174.52249898308247,837651
176.88718536045218,178.09578393474325,175.47857356427812,176.98660554928603,444669
177.73235244311698,177.84594088810178,176.6657197448942,177.20111821164198,30834
179.90541828927144,180.72239538588494,177.4694741274792,179.57039778732548,908094
177.19136032773653,177.63827289702905,176.09968008717885,177.1657207664704,518430
175.8250026256587,177.81830990884225,174.5044170419051,176.39978688021276,680148
176.03009027338976,176.61994506578964,175.34144715122687,175.9090647994077,681201
175.9705731695338,177.0236973952152,174.33184950175715,175.72523141269775,208017
174.92166757316656,176.40072900673493,173.87132119475666,175.89065680999926,460991
177.21705052792808,178.9525544670995,176.44356763589798,177.1278243531249,836700
176.2123573578432,176.37736881076347,175.9021662181654,176.35933239905785,700629
176.5443387309979,177.75759825146594,175.7874279235348,176.62235433684162,975079
176.23991539243187,176.76659289809467,175.52956815346582,176.56033035398548,205531
174.8987633619515,175.55804387052393,173.56829363243713,174.95061497692973,746295
175.25589834988128,176.24058414957676,174.0172666702449,174.76934344218876,721715
174.3800784706755,175.54229003000214,174.24674203773813,174.53590360138963,691102
174.60197431298278,175.59507551384698,173.05629434073063,174.26544210676337,806297
174.05708089082086,175.28928778294176,172.51154108529352,174.33822960517057,489863
174.75244251719585,175.28971317234772,174.4873416897371,174.48765533913462,128063
173.75293145960856,174.53618187949948,171.94286567347157,173.7523560419774,597931
176.11936820406763,177.0166791339175,174.37806824429336,175.9954586616615,709841
173.96909904786682,174.94090455974748,173.42603365372182,173.9666101924366,755272
172.95580718590966,173.78650676426716,172.4493901146048,172.73414601273777,247289
176.7091074677597,178.8981010250632,175.26734981063012,177.62122268374367,827478
175.30542122778186,176.73292181256087,175.1492149007026,175.80464499816551,225976
173.60275527361833,174.57562127804815,172.93856019314885,173.4580633227498,428860
174.04000316398773,175.4273979642033,173.85645870128621,174.75423713617505,999976
170.99728941219377,171.49436479123514,170.13927230691,171.1789377755623,739938
170.77518816363667,171.7266406034979,169.17066041715665,170.7937503157086,373973
174.226693219105,176.02047391862828,173.15959819216584,174.5157401973102,687443
171.61978881746236,172.9456189031932,170.23752468196128,171.85748882953914,673152
168.59324038347717,169.02273472776477,167.83704563129612,168.50171624981962,328290
166.34612009982243,167.58443722687642,165.13249686266843,166.01101194590063,960774
167.20472845752914,168.19506553784058,166.98390339546634,167.5258585685075,391122
169.24285712152968,170.64818692878242,168.44583459000413,169.4377302325569,310203
168.34172748602703,169.2447090258035,167.87675253933446,168.58829156238593,885953
168.93891476239926,170.78976471198325,168.17544785941627,169.7610265872719,290170
172.20362774782632,172.79678451953254,171.4123374397536,172.1548350080647,606405
175.60469712113058,176.22297360381378,174.56598514588148,175.2770280240702,310592
175.21882280387,175.27159939642638,172.88335634052805,174.8632756810098,675275
170.60426224222059,172.01894662329977,168.8465889766412,170.9018934872581,922712
169.09730957330473,170.55755330243088,167.53342542536387,169.5216895091857,423929
168.82388121589088,169.88398176539658,167.0633963517772,168.81658646630456,631211
168.6761533047331,169.6588591710736,166.83785651577983,168.39685913636865,81090
168.14967566887833,168.60590775957704,167.26841233767547,168.09761568658035,185480
170.10437926971775,171.44781225053762,169.21968830524358,170.00601221479747,530477
172.59695644583866,173.97399328492293,171.2210725310579,172.20370142153115,321518
171.6713654680792,172.37859152759626,170.921514343777,171.92551834021907,108520
173.76540839222278,174.98861418345803,173.43875308161483,173.8418884227503,811853
175.05263345793261,176.38740515897572,173.4545461829387,174.48221427960115,203850
174.54353112067608,175.23906893440517,174.4908823773305,174.6122623916119,241214
175.77335723332507,176.94461536256907,174.8219092474441,176.22001751801278,440887
176.12891971320911,177.52944359522198,175.77389993546842,176.36502171811378,55305
179.71204570222997,180.13432936975775,178.85717645724597,180.04988404908912,722121
177.62310265172036,177.93118074644286,176.50701728698002,177.49631256782203,9670
176.28546196167724,176.96053496008633,175.59064346350195,176.60191387280202,622034
176.49187796394688,176.5605243200634,176.3824177495268,176.3962591073575,451782
176.93001312243496,178.65353972702374,176.67595162019853,177.19086118235415,567963
178.7076567303661,179.64290134264326,177.56844351518802,179.4698214647429,644591
179.55402439333477,180.63661521659557,178.8468512723047,179.44398224211426,72922
176.98016592436778,178.29602233963513,175.74530365823534,176.92763126935657,861247
178.6271915012428,179.36299479643012,177.54500617113197,178.44241159472858,366526
179.5706334483392,180.35117709662774,178.77935467510648,179.81265668792946,214471
176.09728896436224,177.3773312193878,175.0331452393583,176.37226902020484,279836
176.52482116487425,177.40841598100502,175.85840267289532,176.38319714877775,40566
174.1454553168849,175.54045002700397,172.5413597692361,173.6179970455732,83459
172.48896980453205,172.98669766635942,171.83976777263752,172.48511717367546,440763
171.09717604835495,171.48109716424636,168.7964993219475,170.95200869828972,647285
172.24745433940743,173.5104798439889,171.9721696380198,172.35831095963349,115777
172.04426158146046,173.4660554639365,171.36842800383423,172.5770519911174,836257
170.71933535397085,171.9580923462054,169.69970016813872,170.38965542321895,702425
172.22534154561913,173.22184769304616,171.75064988995874,171.9130051021813,511264
169.72356833361385,170.50358200980162,168.2661895106173,169.48264061627756,976027
169.99817252442855,170.75613453784356,169.36682859270917,170.06005582723262,722444
168.8996813780688,170.92228293906274,168.33733476970897,168.69823675552874,66537
168.39976302542175,170.01721560695987,166.90823334486706,168.09928159330886,521097
169.5134971839714,170.61304907604307,168.4436364418169,168.9659937395325,804873
170.20218750349596,171.0932626199283,169.0704787573842,169.86635285529854,145697
172.1918553455197,173.33080074853228,170.95944437915404,172.1698791603159,273609
171.59536674727752,173.33251224781046,170.92513579417718,172.0455249835594,434736
172.64455727189664,173.72470450143746,171.92094836687895,172.59082688328382,652627
171.94235589691155,172.41448547062853,169.72418933909603,171.85416810707403,44892
172.42859542582337,174.2138404585555,171.932825355124,172.18442765371813,661986
173.42845321161585,174.42369401399597,172.76257627003127,172.96011462924747,481181
172.77455580556057,174.71554473095145,172.47672405536582,172.8074412386027,183385
170.44856575106454,171.39650564198635,167.97568431954636,169.73534219185726,648106
169.71666048192728,171.04199330205645,169.19628203232864,170.31592969074944,829957
171.09844101408717,172.66440587126579,169.97709369151687,170.95506378098176,804410
169.54200019470048,170.81570135526397,168.93541869404345,169.81319879890634,236998
167.02331181710062,168.56827669858578,165.88594970141918,167.66285237827344,798391
170.1040473804758,170.41077624442957,169.26001502134028,170.17272036950718,322642
170.52975168406368,172.22207539023373,169.54762009640532,171.02818689326628,769314
170.59881011348534,171.25462021774638,169.08700796511624,170.65390671638997,668321
168.75311274683799,169.37017982939645,167.6747967098307,168.74137872511662,891743
167.7514929061067,168.34337946715698,166.90927152782882,167.37705656861718,55423
169.07717543109445,170.6598215303982,168.07349930832393,169.58851367558248,682870
170.14769539157106,170.21471166500552,167.75757522493444,169.83911634321197,787069
168.95660140025964,169.69451326967686,167.79253758697496,168.9234652211962,581767
170.15303198850154,171.5041894760397,168.87722478384444,169.80362735193978,146482
168.2977578704271,168.6559516370931,168.14825204805192,168.44320897723097,74052
170.55179598051953,171.9511714469417,169.3283843562775,171.0074434622171,302737
172.9317696885986,173.8922889689659,171.61460362627625,173.353886167811,775330
172.1183619487363,173.21803345658032,171.09629395168716,172.5642013919247,537407
171.66378384600446,173.3744918648139,170.58369283679,171.4998936931425,7482
167.5783167658501,167.58644975202319,164.82952776724863,167.0847744000736,125726
164.4579583438275,165.84537934282892,163.2136228487134,164.64399009094046,524757
162.67401476919486,163.2541453122798,161.05283552058407,162.46958406873304,55072
162.20990029257962,163.26161203930653,161.36630394831639,162.70564553960187,214044
162.2504214534358,162.5206191850815,161.44499916768467,162.19192815125436,181133
160.25451223176117,161.41823224884894,158.9368310352859,160.04051801687058,738536
159.14487144686254,160.3135205768567,158.41242763992767,159.60713353563028,645667
160.3663526204598,161.08103744927817,159.58878459987034,160.43177139263202,753861
161.5279116872808,162.38877643511861,160.26633535637097,161.29696116886277,926259
157.34889793444054,158.98812835787766,156.8042236369418,158.27759827832642,494613
158.51276927313322,158.6716091555803,157.1955378769231,158.09052432366505,192747
156.04454457528098,156.59499598985968,155.11710832576213,155.9342431237049,451574
157.58801314372195,158.79928546211713,156.1191083687973,157.36244111919711,347960
158.48617597058413,158.693264743959,157.98439970604034,158.61710464477804,233051
156.67310244710845,157.4867881636465,156.51646135049566,157.21477730971995,644083
156.19730483317883,156.778300360283,155.3958969367179,156.03064445866755,101352
155.30245870441425,155.76662732779286,154.34084792247802,155.3281159036919,199732
151.892958320696,152.63971628716945,150.68449152552733,151.88320272424,914949
152.74110373913047,153.00393600925713,151.96432012318473,152.4095802908593,152241
152.24118794404646,152.82525158340405,151.0022455121234,152.009506037976,583627
154.09663734326043,154.84493314218577,152.21649569068393,153.5067913605818,544621
151.89179287998311,152.94695801425337,150.74362239765594,151.84506886802527,761648
150.7143173064993,152.24117362608948,150.31822580952996,150.92295695649238,608873
148.62514497974772,149.30791750773557,148.18665311189156,148.6811730553913,915437
147.33255505255082,148.90373604612122,146.28201361795197,147.21017529667918,171058
145.79057315780742,146.43909136098463,144.05805777077495,145.49496913206045,750913
146.5347886818864,148.06627626807287,145.79588767256672,146.9659968961939,209731
145.96045122422862,147.5360247018612,145.30056185308229,145.95795895845677,97588
146.6244121719387,147.41881227364289,146.02368576793125,146.15393049300192,847501
145.54309342926084,145.7411035680651,144.97443628027045,145.61304852123789,933683
144.0583448872837,144.81792298935974,143.38018393481494,143.79060337456272,397114
143.70474933171394,144.15958511458248,142.83363201246604,143.56316230852016,155897
144.71640841992803,145.3208460101311,144.3736156386944,144.44027887478424,377317
142.4894125833562,144.28404526949112,141.9174275029206,142.72055152555774,881530
143.66260923334826,144.08602037082824,143.37913460915308,143.89439480512652,228595
142.6969277570208,143.53903947311377,141.5751996238968,142.69114251812493,604615
141.58262430906495,142.35396287059135,141.2396428190055,142.0178299354724,862491
142.71074465943877,143.3699254824074,142.24223209387236,142.78777598205903,105140
141.92953581250967,142.95632887223945,141.0284362736806,141.85779076456745,773851
142.43186533696925,143.27997471550958,141.40885014019736,141.92529546534064,376382
141.60748425865714,142.2199229194964,139.78451085687,141.49352023013614,702027
141.86803271978525,142.30081520196626,140.5868636722515,141.69085440730967,622241
138.69349903212694,139.51848049860016,137.67224021822122,138.3712391004093,788677
135.6139457204535,137.25157539794938,134.78611694793435,135.87609352999976,937213
136.6841573822355,137.04322349718927,136.40173106810502,136.7293006561884,713037
138.83885935521516,140.32929335197377,136.967227029763,138.16862749736643,910996
136.90835406926226,138.10741423575993,136.01356350738186,136.93002248464254,953637
136.91497317480133,138.16200297944155,135.95687464230025,136.6099420949131,159761
137.29096971067116,138.1044595012285,136.10910969826128,137.02685377233067,20522
137.5859055797844,139.16864211687957,136.61406096853602,137.99384677462174,241520
135.3214539918759,135.58851171391413,134.73021724437933,135.237477123633,32935
134.09726197180268,134.49899970490338,133.23473587406855,134.05791665100742,566390
133.71435245002775,134.69012510695484,132.53762820859365,133.62617019174726,453509
134.37953741014658,135.37487743123765,133.52425287819455,134.58251812310326,25729
137.69285216465528,138.62970057056023,137.10873402040173,138.0011244618097,73797
137.56950807780987,138.04593104667768,136.75923023936429,137.70060180474576,315564
135.76377030555878,136.29188168953578,134.5219774938079,135.79032953532072,939361
136.67445363567612,136.876436426971,135.34886032831338,136.35130528333463,252486
138.6804925538473,139.57922576077127,137.9695073117015,138.17826683510657,982752
138.7278476573333,139.3419257000961,137.4062377592191,138.34143296269508,189409
137.34241514807755,137.7702502812939,136.23420434610196,137.10654111014875,878077
138.16208635360485,140.23002418288868,136.98876686227152,138.44016842373983,213533
139.2617929973204,140.50674141776443,138.5517725196861,139.3757734386109,504272
138.02469895591096,139.15203175403033,137.42980951393892,137.9667733157383,564836
138.33267334594856,140.11548063700607,138.2087956683039,138.50786891271085,242358
140.07157478477077,141.1090254575341,139.502052961102,139.91006102862826,736212
141.79163635575588,142.17265004586008,140.36658408928665,141.58761253988413,800412
141.65948869521006,141.99044930910114,140.71613467832367,141.5077103375492,523082
141.3051281159347,142.42069088034992,140.353142338498,141.01600733809707,444154
142.51329995931346,142.93979374512875,141.2468025972278,142.77159982885934,859273
141.33153798925534,142.00521753457716,139.90188573225305,141.06835277184618,984505
141.50542811880194,141.9170264994016,141.11023694686585,141.70257762559305,909685
139.5253668753568,140.52882448673188,138.3250316787845,139.7884307959557,621821
141.45017006985736,142.51984606685107,141.29636677317683,141.29979426928156,535999
141.29249491834003,142.117395346941,140.05067386619956,140.94974079148568,427124
142.90281186193656,144.01950131693894,141.9034743949911,142.76347086364993,107106
143.48707273193986,145.05028989445046,142.268781319289,143.48110276339426,871079
141.83880709408336,142.4869231674136,140.8800973312525,141.7508779397908,274975
143.83836877493064,145.76910434507477,143.18563960020097,143.79913262995973,920495
145.73288992316873,146.88530467557928,145.0766092837034,146.06180676761102,763665
147.00467624345984,148.52742106388575,145.08189227622486,147.3709284123086,846046
146.24439904360094,146.73065988703303,145.47691994042765,146.26745836568898,626473
145.85841833878325,147.2962821580656,144.84472701576664,145.8351264752946,870054
146.0652806561738,147.25208013699225,145.90663544189366,146.061970197151,713873
145.2483696007205,146.6157891566587,144.6869982483418,145.05222950785296,486594
147.47907487627955,148.3044973679311,146.51215720800542,147.54265889154377,330761
147.93691552688412,148.11943229799914,147.7474159570569,147.77053206038613,961796
143.80208085797028,144.7615708068917,142.84605636717356,143.84367664238243,92545
144.87347480362303,144.88666690110523,143.93935549124362,144.34708171345096,207230
143.88300867642982,144.45730944511368,143.586675712639,143.8597857575607,169995
144.4394474549668,145.24444335030148,143.36192732512595,143.7664128682097,831837
143.3526146018686,145.09172162835742,141.87903533125763,143.2517620405037,427248
144.36526846884414,145.2871459713865,143.4990402232551,144.42698996999087,239420
145.8050538720149,146.85929954550767,145.4742672779699,146.06781467262283,942353
146.0737426033734,147.20127925799378,145.00360350830795,146.49649885203954,346827
145.72533234964502,146.1570416244297,144.6339640000287,146.01486296823907,418346
145.712322454551,146.73654249136916,145.15044470909433,145.96911316030878,582638
146.12762303215376,146.9033631500597,144.8621107082485,146.0123258532062,750590
144.7074121478051,145.16321443543507,143.54682268372156,144.85985262402036,59783
145.76996720717284,145.97984143531326,144.6147566518157,145.7154908727321,638462
146.77739605797868,147.29923196576505,145.96593344812237,146.40202759480945,458999
148.6634804831654,149.46200539801157,148.44600895490052,148.68959285927386,900140
151.2091613468926,151.7576480015147,150.5711539618239,150.5829900818848,484340
149.21723852111066,149.84527796219618,148.7645945812964,149.56896819134545,154335
150.77058599060112,151.70096750134718,150.1830982818296,150.81600680951536,328226
149.24240363788067,150.39209780021451,148.62443684963375,149.4035541730786,425193
150.74379055052643,151.5523641326988,149.73097042484164,150.4619732866398,380599
149.03103821579637,150.1973090633226,147.51107577660278,149.70163917273877,559003
147.76472384227708,149.19785643465258,147.1764328047428,148.1924413981215,209512
148.59098222971593,149.28105046460777,147.8697695002417,148.62289061981895,660141
145.1640442836452,145.3720279052134,144.6495055180354,144.7150289400595,748317
142.28161771293605,143.43534137102722,140.55572474647082,142.21738044487276,135418
141.59559351721182,142.83984668049834,141.4465956178711,141.97937724896957,243715
141.77042584444172,142.77038232564288,141.3622069926163,142.11068617635095,327276
142.07476604058223,142.11551924746686,140.59742248912258,141.60097210409626,15155
139.2228158638204,139.78147157913003,138.42387497102195,139.39598325584564,541624
138.01357606838346,139.8030707162933,136.6431621481102,138.27435136575778,51962
139.24044330469897,139.30657886916828,137.8362051715847,138.8302353441323,616527
139.93665110226857,140.53081542842983,138.99002690050088,139.65424312817973,319505
140.00138607655074,140.69453191881715,138.5099197817408,139.64555255081737,970368
141.01607505652666,142.1267853655876,139.8197054158691,141.28452749283016,352522
141.42858360360506,141.9334251617492,141.0015366413144,141.86129051240917,733680
140.85647917486153,141.63436313343487,139.708041134209,140.81897443793844,597703
140.5327002225013,140.54089558189196,139.83002021750838,140.4385709520662,192526
138.5970014606787,139.33049648500796,137.84652345432988,138.4960096708149,857503
138.76920128300353,139.19144907499958,137.60902815438703,138.36015775794297,872461
139.43625876863806,140.2575873270592,138.89836145554443,139.9214411483371,375542
141.13994910176663,142.19912700112633,140.37690121912132,140.8976910063717,545876
142.58787349818698,143.51479291824498,141.4537063754727,142.9012917689767,396693
142.72722339055485,143.6436937911313,142.4244955448982,142.4833672905035,158092
144.29154995724681,145.3704896061973,144.02964359977062,144.42874475854416,109023
143.92955200449003,145.43431012790586,142.91856176473368,144.16424326046987,834083
146.13758319891775,146.51727808522475,145.43885533525724,146.31606032143813,560677
145.87573120031516,147.43355901527912,144.71243964498902,146.2987130241315,37349
147.363699814222,148.10779585005534,146.45680045444175,147.35178526130065,662022
149.32533864878613,150.13458459605516,149.17617965514967,149.5564552355101,20485
149.51713975980286,149.74922750711147,148.50782671022313,149.28237881906284,119337
149.81524810376845,150.83695402554588,148.63565132394274,149.62371296906332,487150
152.09157758494166,152.4312477258548,150.71547054520073,151.5797965795948,986245
151.5043824281963,152.49725424186894,150.84917688577718,151.39346325535848,766088
149.57741062125612,151.1903774797716,148.79749832104903,149.42180939312036,561495
153.1012701487096,154.3168836882399,152.1669153052108,152.67375316256172,657742
151.78264856468675,153.36767490566498,151.62716109061017,151.97342466358427,943702
151.77699012525375,152.66289354317928,151.6841358000966,152.23010553485608,734733
154.0771426189381,155.20008751701997,153.06522207921938,154.0155074428322,825722
152.66088653159312,153.3364434690082,152.29669491890618,153.09648690417114,630384
152.32030140947202,152.975210358237,150.55675981378891,151.57638311262755,582461
152.41907777386206,153.97738240561833,151.48809995643074,151.97667419441046,64391
149.9369541173089,150.41322486084883,149.1324994462532,149.29083046947912,196229
148.89511192251976,150.13601399241708,148.31433523891874,148.8765181456111,66669
149.42104901278788,150.6234312586655,147.57261348323465,149.25669542242238,202404
148.73240019248533,150.09353731642494,148.0313994535394,148.86920367581212,111544
146.86266165989824,147.03874912057316,145.5867030346869,146.60378142946448,793228
148.612361698698,149.9541290222737,147.79404089163484,148.97453166015399,814646
148.3851976357,149.81942240194223,148.26880341246306,149.14377065048768,108771
151.06943908360415,152.55936272457322,149.6574096936977,151.30872191007523,537781
150.49151608896534,150.93615023792816,149.85094374816146,150.93086783854716,42467
150.06571179564907,150.98161740871464,149.46357979786504,149.62344681085287,516869
150.58660541467034,151.44180566178093,149.5221110511024,150.0417505670197,853497
149.31317103997506,149.87859518414282,148.6589900642618,149.7333014433817,822438
148.3772781080349,148.7250357113186,146.92221109608155,147.9949433517116,351140
150.4870315268167,150.5608388905652,149.75698137334498,150.20123313140766,422048
148.8157189448768,149.70552677120392,146.90179450711545,149.28440530254892,460157
146.46254691438992,147.55134784846965,146.1420146480201,146.57695536731526,262336
148.37921236867075,149.38140434435138,147.3648943154191,148.55158084481155,136255
148.04024114702054,148.8556764390998,147.68282799918768,147.81910512609352,431686
146.57693455330178,147.2143979793098,145.89844399446113,146.93804342053687,137624
144.3526672978839,145.58844010812595,143.47187021816438,144.38121799812268,70905
146.72993976717098,147.6578724942368,146.48911921852832,146.93151055278216,884681
145.20085521348807,145.94154095664675,143.68583803064888,145.0635261312381,402468
145.09991505218304,146.2982028894249,144.18528790138518,145.16285535285817,369721
146.35151880319884,146.80517520840618,145.75922270257374,146.50835473812876,145461
147.07945352368566,147.97882158641542,146.15711348983805,147.14222338844493,627371
147.66805736203844,148.59399329935005,146.5956078509425,147.06917906610002,99182
144.48161625516343,145.08852533888162,143.2168040013404,144.60218545215758,234350
143.15171246392433,144.4483791590633,141.99992870106547,143.45037764731558,284968
143.90212274138128,144.82761046627627,142.85472477398108,143.7344037889551,909839
142.58072737022965,143.29148518547723,141.606177242202,142.621666825397,671579
142.52174023140623,143.5842564313375,142.4407292538298,142.92628849759544,620031
144.56070591220873,145.51056269877145,142.5654459816821,143.91839915165846,142983
145.22238958768645,146.39521494328338,144.53956458043314,145.3248374786505,620785
143.4596307857296,144.31306273286978,142.30117462058539,143.568130808119,135182
146.8183020608241,148.0457865148183,145.70736048982675,146.7713835493448,776042
148.42877541920868,149.4641519028607,146.729301711853,147.9169482340289,648275
147.43223813161876,147.98325703856565,147.15849905132487,147.92920491283476,778954
149.64727117023446,149.76479065489588,149.2299147688851,149.56471568003386,211500
153.7993933684214,155.11387151377644,151.36118254944563,153.16002007601256,839918
151.02622253381114,151.66954600487352,150.92061727951318,150.98734972913311,657381
150.29044248614068,151.4901988500745,150.03387131082854,150.6626799420313,44403
146.95428536286158,148.3748367253848,146.2004492641983,147.1362625663164,340222
147.49574213212927,148.23038396099722,146.67767037166828,147.43473878866,904000
148.3831297624372,149.14163506489828,147.4890448341062,147.98924044113392,626598
147.84568311738312,148.30024511017476,146.83320089677693,147.94608994009886,849400
147.23862249041179,148.13824804758343,145.86280930281114,146.9955941461806,433461
143.61449666837956,145.00152546211692,142.90425159140523,144.02796316548114,388298
144.16394988249803,145.05367375409958,143.55924980911377,144.58141958521264,2215
146.57409714846005,147.04351970613365,145.85101584374792,146.71576609428257,247080
146.28531045698492,148.16929962640808,145.35410687722595,145.86579205994295,931133
146.54393858503488,147.23581275866164,146.50987765746547,146.52375504341725,477187
144.3420134813801,144.76766696208398,143.40687346164216,144.25839808374175,37153
145.01457547324074,146.04704435080455,143.87631243958865,144.93396911420842,678905
144.69967523288517,145.40112396784588,143.7241565747431,144.37938170746347,856149
143.12223624854934,143.5468460286967,142.86529826577572,143.29712198658402,988768
142.42168048688328,143.34018079363707,141.758705125519,142.2258965536048,540116
141.44590553823332,142.02713943782237,140.3543439746782,141.6813466877423,679699
142.8026391296347,144.19201941483746,142.14097436842843,142.23844389683208,209447
140.1735271710346,141.3085483915415,139.1800259815387,140.39827423054007,123404
139.60900705982482,140.43893071208907,139.0975143347561,139.85582162176945,625130
139.9655141003395,140.7112561056196,139.12062932993516,139.81181343351267,40181
138.31953789117756,139.38596276711215,137.89055596949564,138.29746881496195,440270
140.91080190985355,141.69396776749306,140.59438819832067,140.8187480165818,236654
139.69942605802032,141.2872956079339,138.33694690948326,139.6359437053187,306663
138.41564776508324,139.88444934267574,137.38479486176155,138.7181621688068,822648
137.82471658403796,138.71545320867335,136.42880027540127,137.38142548504604,656301
140.1385358749324,140.44530506896012,138.80781101514876,139.88854323992197,887254
141.0605528744921,141.70369528742324,139.76264950517592,140.67820359864265,464954
139.2334328535333,140.27785248081244,138.14290178184584,139.38071112359884,707254
141.0626522566751,141.4197404767189,140.5212329914346,140.94523823619338,92814
141.29827472676246,142.55304305814875,139.9525445752527,141.2425210883837,489068
141.9399980108014,142.23488232739285,140.36499415060675,141.6205014157595,611382
141.4751369114994,141.91205781743318,140.28075404597405,141.1476044228118,788763
140.16188134270465,140.62625201452119,139.5282974092347,140.10778550172108,241236
140.1690457517155,141.61259647724708,139.98270329203933,140.59588110542848,665601
140.34333536996115,140.706149683223,139.050421438207,139.84557967351589,232590
142.582064460715,142.6390872645852,140.99165890292633,142.42369289369773,763540
140.47026673140158,141.80368661256114,140.2571047198616,140.64140961773137,780806
142.94897928756018,143.4731504864023,141.68243622001165,142.83284414781104,542132
142.25697040278897,142.94425155161235,141.74688194857117,142.68820084225501,966782
143.43201717996314,143.82436461094878,142.58004886252317,143.12991199661815,960527
143.91711017925817,145.80693608486334,143.70503061183223,144.3418249553883,505607
143.38595943963247,143.88380572834967,142.99272040317635,143.4493165535408,725836
144.7796673635634,145.449982120602,143.7045878892563,144.7089178858138,980715
141.1501683482345,141.6666713837519,139.82736670533862,140.85751159468344,463416
139.89078271304584,140.07292224254505,139.06271290126733,139.86097982736285,604475
138.76438459698662,139.14901786731468,138.10366623938808,138.5883876352622,85141
136.86799270664858,137.02581156927903,136.63677772043482,136.87570343746395,253490
136.58666443879594,137.67014175498215,135.87842496765458,136.5954573481748,220689
137.16054911055,137.88786173979122,136.6015657108366,137.13710490525395,708680
138.0656923990568,139.83721339941326,137.28789320912958,138.11791697148698,140430
137.99779632005607,138.86270435823613,137.44079762246616,138.46485773760156,203949
137.34854171530296,137.8932881226188,136.78362638858988,137.55992275619232,320078
138.14988491232393,139.47630054332987,137.32602637371397,138.08228677271364,597407
138.1989452420299,139.39802785117163,137.3619326344119,138.26783608618192,886294
139.53863834789402,140.4411643191252,138.32859222535885,139.58213467647988,316045
140.59390907988112,140.9182767782089,140.03307505608734,140.6848910313803,805369
140.49875789094023,142.1823379819273,139.56634019523904,140.7418467562378,234985
139.36106046514772,140.16595215996264,137.91019111434684,139.4986338674817,942672
138.5195477605031,139.11854669993463,137.5892187605511,138.60460434556637,907341
137.85986514056046,139.02186929184117,136.68764935238784,137.85844708982393,563357
137.54638380886212,138.22491588799133,137.00695588946851,137.43825334372778,623288
137.77116555016033,138.02807621750068,137.3800424309538,137.82093276916356,114495
138.5381257647124,139.53491244523354,137.91167331501433,138.82400750259507,789893
138.37892149567915,139.13549516354433,137.70900418086072,138.7669366193232,298450
139.52425908385314,140.08626606822415,137.6632763641209,138.8031939230566,909503
138.70202609353694,139.3435160513785,138.3121418895474,139.01615116761434,908011
138.17117020986277,138.78722959099176,137.51705182500922,138.3146370675108,889326
137.1960071575182,137.40633750924744,135.927093228246,137.05429293570103,180918
134.78005506244887,135.68655061557953,133.92234725928722,134.6828515906028,14880
133.90257224795783,134.25977834571344,133.0987515004025,133.76322689632457,749061
134.29204943433493,135.27603420542877,133.52450418404723,134.41106157692303,863458
133.5466180924988,133.7202341435051,133.26704361432292,133.48293123142304,166596
133.19553321877098,134.2248225818834,132.97027020322466,133.17919381927194,958168
133.73167921383504,133.97185278981618,133.70020429363527,133.8152150659878,675475
134.5932746160382,134.86577097919692,133.77119679753625,134.52724602262296,762836
133.3770299392527,134.53898231554106,132.06373141290052,133.09609986284843,62684
134.43725905703414,134.77023716002154,133.4563027160652,134.4432283964537,909492
135.97681895278845,137.3776795847148,134.83041416854152,135.98104718925498,353743
134.7540226358255,135.65603583851083,133.20779089761717,134.4667583323521,883406
133.633305742235,134.61828876987252,132.6520971533553,133.3768592913553,166788
135.4161219479481,136.51792405253687,134.33971697161465,134.98849555351202,836417
134.33039207710695,135.5234736636339,133.06393936827095,134.80388539562117,570379
132.09638478016058,132.80602852068796,131.47570520991835,131.8576909291438,159818
130.19441897291586,131.3458610276506,129.8475346157665,130.03796248616297,197976
129.49727718085538,130.41903729890413,128.9814426941518,129.7270633502747,422807
128.30437277714762,128.6656098202361,127.77397971255579,128.23984558563686,344954
127.99204369608843,128.8569212202518,127.06640264226623,127.72353771969291,821158
127.56580310537423,127.94904012523713,127.25327442351552,127.77769914405413,222441
129.78760518026576,130.95033033641423,128.88063136557832,129.67282853631517,325084
129.53501440559918,130.70359088598838,128.8838922361374,129.30966550091566,112245
130.43709983018604,131.8405490996878,129.30430429570453,130.71710097478885,745143
132.5736636791708,133.7358550493019,132.3858991366622,132.611401089231,524888
134.6216037232984,135.26071629004082,133.9242099630687,134.540618780045,354891
134.72291203727676,135.56927084836894,134.18465936302303,134.93776845478578,565327
132.09494604422196,132.50111060104348,131.3429731383689,132.3276185425622,648144
132.91620994031652,134.31409683147072,131.88210674783886,132.95211887223635,648646
134.58218446579903,135.05927097243355,133.58761353414798,134.36675700770118,365783
134.44417036884175,135.2534780161564,133.65174218640684,134.27130036598203,593239
136.41257185941797,137.4353767959901,135.44762136758385,136.64799249973203,586456
138.0215790591068,138.15666663826397,136.8039660278294,137.8417870855785,172298
138.40940722213256,138.67364412373232,137.6055808331634,138.64119860719487,65469
139.71820348607673,140.8727943992016,138.8571515672549,140.1695971900614,572540
140.54844584093627,141.16351847532687,139.57305274855952,140.65172459381893,554691
137.51075219868054,138.1614103703074,137.19324361843627,137.2026035556908,832888
136.71225153576148,137.83277890231972,135.99415478728423,136.53313083997872,152025
138.19086905032725,138.97551596401178,137.34393842331576,138.19130347054667,128569
136.9792302574387,138.0909183958859,136.41416661214566,137.0934854717601,353543
136.6945009129935,137.66791062801386,136.12919269423472,136.80114072265596,469630
135.42222994156907,135.970825045711,134.5635318207749,135.3927725615344,742509
137.54897633817663,138.1184721256619,136.69714447912023,137.84353072900103,531204
140.0973690382451,141.00728605802405,139.20058083277362,140.1949748392488,170790
138.91527436089396,139.70504491396107,138.55085380770953,138.975191975447,764333
138.81784636134904,140.27209176957172,138.71420635677035,139.19396919444725,529608
138.03194966399886,138.89253071872184,137.00869668812265,138.26380375283688,920535
139.24480969922243,139.81682394712269,138.74480679795224,139.13058160192037,996935
139.85816226811446,140.46116099328296,139.49671305084686,139.85550170182034,741176
140.92235998006112,141.32583644001915,140.59897903939085,141.00943663252076,460651
141.23447899825675,142.81404138145186,140.040611176297,141.4923991077565,295639
146.18147047153306,147.41215564531484,144.90060695206455,145.72190734317581,513825
144.00434303442742,144.4423995158241,143.13634674838042,144.24609349071525,498566
141.88513886047872,142.93676943606232,140.81134772548828,141.8137802063377,991101
141.13370076015767,141.34712722225845,140.44597198563903,141.271544799622,771458
139.09769962745202,140.2043425229696,137.9696123426438,139.08760762741304,157021
137.1663171762061,137.56560128155982,136.84772313166195,137.04089467930712,965692
135.317241784341,136.51404879537031,135.08135961246046,135.68909954982468,676923
134.4552075788893,134.5630100219499,134.2430787269122,134.45698677939464,968137
133.51005483243526,133.69748790349985,132.35840770959157,133.19286171985638,500030
134.36999719726776,135.23078603244107,133.02535634386052,133.8982730741569,926675
133.20088511776146,133.6215501093961,132.72372572891564,133.2355300790501,722167
133.02095577967808,133.35086256706742,132.43756819928004,133.00986775595842,240621
134.81164226212167,136.05023569684522,133.03635663137095,134.21804068930078,790967
133.5091076978589,135.06220281070838,132.81822557151392,133.20674855105196,677358
132.70407255231464,133.90594575953665,131.92293678585864,132.86810741722422,637941
133.20320623882438,133.59828654794336,132.81120886539634,133.3683117945713,823274
131.06719829560947,132.4159529013652,129.7327319018561,130.81693256273837,764616
127.48844180587538,127.78708529354495,126.6106483717772,127.74675523143908,452376
128.48139313138236,129.00643563839068,128.09951774224498,128.20249456552776,730075
128.93385513990197,129.59971254162238,128.30427987850837,128.84770757196054,295691
131.68441342665204,133.10293287841506,131.38547514726127,131.5482029543722,996814
131.70185532018996,132.78914422597836,130.6875710316314,131.76951469757202,280324
132.70004084507468,133.34688941121428,131.22150669662003,132.86740722256403,598990
133.00898541710023,133.2969673196659,132.41679076322188,132.62120292131604,958827
132.9636313314831,134.09438718063166,132.86806984747187,133.02927789600722,413134
135.16815540170697,135.7392767996837,134.42446558352503,135.27933745149596,379023
132.428329785955,133.19792720105275,131.77352154527463,132.4495580243991,558992
133.06317442631862,133.18168987470415,132.5107086432808,133.01182597366633,847229
135.61637533668318,136.80810974837416,135.5875080280104,135.8965464861879,128438
136.14001377847026,137.1752795492437,135.32721154190966,136.29399095911927,830571
138.4048591156114,138.75285208793528,137.34432613110772,138.57614812404944,144865
137.95354419496482,139.0702601100219,135.85584872881634,137.7207189723975,7097
137.4463813449722,138.60795959107392,136.22010345542625,137.6903583519208,208480
137.26658561375024,138.7448679081746,137.11506361536874,137.75030071453241,408787
134.21255464018634,135.2632985072707,133.5462797969963,134.74265773904634,361470
132.7994172962526,133.92856209850535,131.8995374805639,133.19110039251814,374349
132.11008691125403,132.7957563094327,131.36459947427554,131.75131800577313,102507
132.8564556649579,133.46168175885242,131.87700994116722,132.85214950180276,443819
134.1636574581188,134.90310177563137,133.07632718525545,134.0292933363383,132345
134.6220399284021,135.80258487660262,133.30616781562202,134.47774860500712,356871
135.61935997159074,136.73480912431495,134.5997395439485,135.60412242969423,994940
135.37500043534328,135.59217178518313,134.58232146789416,135.39525050012892,25741
137.332428605298,138.42507362232817,136.6231795666087,137.04613199135935,449921
137.11190711414355,138.28742646816582,136.91825798247066,137.07188324430194,206096
137.5487515798852,138.1741124370755,136.38898865240327,137.16493734372335,828056
136.98467897123749,137.87855075595644,136.29647895546677,136.81480151975276,189244
137.59799385279828,138.66123352389945,137.03681305439713,137.7682192376966,846802
137.06646463829927,137.53904187852297,135.91985274522446,137.202881079014,145476
138.36139119490133,139.09703052970698,137.10136554595596,138.5629905931685,647772
137.3504477637767,138.3465723700713,136.8395126427565,137.01679869931596,796560
135.42309895068365,136.00895821018028,134.83147495023155,135.5328944067535,192466
136.26348750247237,137.56326089932568,135.75926020688615,136.4814409381867,451655
136.46150375362723,137.67804677730157,135.56357700415595,136.37428475035216,689698
135.74388776834937,136.91495385344612,135.49970717439822,135.77027257738487,933739
137.07850982805246,138.5780683714523,136.91320512281197,136.99779935209003,877684
136.69672028738503,137.3429954725818,135.5490950728804,136.18200300191876,842020
136.17144436254455,136.92469076291218,134.92305919951164,135.9232292975063,466458
137.85970464692085,138.68162270932265,137.13185943213082,137.85225771513555,387978
139.61004136684343,140.67906647704746,138.63074376926608,140.00441234331612,688093
142.09523413080748,143.18000270966897,141.30064821978326,142.23746092312697,820966
142.05264739253676,142.07162734322384,140.59853913065967,141.85092230164665,133698
143.2854598511688,144.42822980774017,141.93031430974833,143.6218339747206,845608
142.88883682960525,143.01282005162855,141.8928010729342,142.27960401765438,358680
141.01326555717822,141.3111039293337,139.93034745528144,141.00919982125538,842904
137.76072021359693,138.75241409927895,136.8485502040936,137.74726274868837,710222
139.89820887482435,140.70172816529228,138.1475220684812,140.08498283565032,493173
139.03176643920565,140.01789698954158,138.53175293867747,138.89377887091277,900492
138.41071278666388,139.33379037130317,137.7671315669035,138.73201663844347,603141
138.0838804182756,139.23263045282673,137.22691898314574,137.4885843834401,648309
138.8263374762788,139.42089706749226,138.17336757790565,138.46153251527258,826034
138.22777453491503,138.34730775886885,137.10684113959047,137.95619495034995,195782
135.8027283934754,136.95441961323584,135.0399746795704,136.1814296130432,72160
136.85410149645958,137.0602830853434,135.89170366153965,136.79790128786897,913219
135.1901920651827,135.27696217201725,133.97945880363002,134.86406744612282,891778
133.9114571369588,134.22630445382694,133.17858616045876,133.75279812346633,888613
130.71484378677374,131.23627637963662,130.15637993727108,130.9773509786067,660966
128.97051345306696,129.5729487036399,128.7012741187611,129.13841761078538,245738
129.2651659385275,129.62454659179122,128.89074459131044,129.38211084152906,348589
126.72471819764561,126.97708047229727,126.11268917403967,126.87784398047795,901646
125.40721980655938,126.61432790806876,124.32592320845541,125.02494881519051,465146
124.55410414197675,125.40528801523315,123.66573897405152,125.0344899379304,736329
124.53222632044675,124.74297257559478,123.52005852735623,124.36907420813723,30659
126.55613485511287,127.3811163195736,125.33218132946921,126.88408030551992,316851
128.99692001838451,129.45552271901755,128.72835672250483,129.24539467413794,688231
127.62625251682275,128.44181608075402,127.0771732672904,128.1413122586639,206990
128.72860113283554,129.7890908712668,128.42685017845895,128.87011454770828,799985
130.2446710545638,130.7207839849188,128.70548928394086,129.85232701367264,204763
129.16008169779988,129.35927369275515,128.64084556570833,129.09170846999177,913302
126.88333661575906,127.99438680455407,125.80925872153334,127.1881714435412,738663
127.44398048017466,128.52085949288403,125.99500298622671,127.18524812149039,979776
127.29099884066821,128.13247081636808,126.18591691934492,126.97830099387927,265342
126.46513276884677,126.76367479837607,125.69546559257559,126.43882173990923,923871
127.52889642676293,127.73996076659239,126.36223592004025,127.01202122025657,607778
126.28183830768108,126.93122316224071,125.56424515738559,126.07468143709669,748737
124.8132773805962,125.3458683391998,124.18343700197515,124.64310152904514,183866
124.59110878992007,125.29305315306169,124.02325368515571,124.79161864843,579661
125.44394516375891,125.70132225951959,123.9745908285378,125.28673574720644,37499
123.88726953894351,123.98430396415864,123.60145954810156,123.83357746000772,20372
125.13067245908732,126.51003105088579,124.2989819958168,125.00071446561967,917211
122.6511972561488,123.44344402813115,121.77621368549899,122.81935798861115,719609
122.15487074260032,123.00096000867364,121.61715202832433,122.1235829531399,976919
121.62205941022599,122.43247129344365,120.86213472855079,121.8210813127038,793906
120.5407263121544,121.6827284456216,120.48212006652797,121.06059248046583,444129
120.63086718890543,121.21154676392683,119.30997415699694,120.39049442770424,588480
122.30794738311602,122.87758869119212,121.28136221495619,122.67656321689321,811218
121.6753988501046,121.73094751777334,121.0769942575826,121.64932052888327,421352
124.75109143307667,125.51939300098354,124.37378395953527,124.66806197285416,460679
125.30852315983704,126.00568053956204,124.30272451117426,125.22673431978473,543816
125.28362934302459,126.33422635016441,125.08873291728257,125.35459987103013,621479
126.03393543978227,126.94214637383101,125.71542500481365,125.96560880258649,690926
129.32772569336998,129.6606751925858,128.58077202670535,129.20602213008758,516422
128.12945518700454,129.20545738502463,126.71902234845611,127.94139034623879,879681
126.967224562716,127.89346082458088,125.65276633968001,126.52856487278909,340142
125.64842242837601,126.53707400071944,125.20541733056852,125.58959772982135,995403
125.65863081143877,127.13486594027859,125.63671981923878,125.64253629276949,434581
123.28121492487927,124.8800308403122,122.64945278914473,123.50518638461105,54399
123.65285157490601,124.52704524650643,122.83422199964755,123.54513348135232,277036
125.83554929136717,126.67809274038756,125.06691142265203,125.66781214250209,79549
125.82240234778902,126.90861358098333,124.51143671368665,125.87081306410973,883795
125.65221164678177,126.06034745704,124.93759615070007,125.5154970284806,930955
124.68149246292988,125.16498400776328,124.45128540254764,124.75447787292113,607658
126.06199773498737,126.94698626734885,125.4173539785663,125.89305111049897,288537
125.0980661649468,125.40212598837239,124.07548720793542,124.87015258454299,649122
127.43851587803002,128.30233344789877,126.42618625406149,127.20988717894474,185804
129.73678091208558,130.44650551793563,129.12642838998346,129.7062106301095,859553
129.78216360317987,130.36887877227736,129.26649423500263,130.05266486215902,162765
129.8915350297709,130.71103980986945,129.76179044695846,130.050694464667,824085
131.56756694481075,132.74052400876113,130.7202769005982,131.41114633245107,242349
133.52177661260805,134.22238024240613,132.341648558432,132.87102421426366,85467
131.72775409969952,132.5108934796536,130.97061594768743,131.81758007486872,577472
131.2579808840106,132.0438166187794,130.2894523821922,131.13842521341707,896254
129.2847386180796,130.25411678516662,128.15696132472831,129.42867691169545,751091
129.71902790052454,130.49306602069086,129.4422976891362,129.9722051895706,53891
130.6776172162181,131.64638822122853,130.53151264415428,130.8546153205453,149665
128.5752070915432,129.35217436727783,128.15372473003941,129.1129553140849,885459
128.887363002472,129.22282933338363,128.1803845545865,128.53942347707238,255780
126.26626334701734,127.21075731042457,125.94759617847309,126.83196696012624,472527
125.64334798629291,126.51538905990664,124.4705025980885,125.70967951087206,144583
126.11904367185596,127.10976724827724,125.43229425014428,126.41691425811909,283550
125.28362172799547,126.08255049961107,123.91587782994348,125.50561108671954,188891
125.48565766628107,126.37313113393022,124.51658545731682,125.1411384408225,51136
123.18301098391336,123.93893415513244,122.95071907547164,123.13349482156173,911881
123.13808081654388,123.88584751084913,122.82094161424962,123.37629481884824,851781
123.1886018801688,123.56764946187923,122.19405520509494,123.33401691214745,308300
122.26300846724858,122.76160672635027,122.06757779846217,122.45047554617818,12005
122.22082247064291,122.30475429064006,121.40516593139242,122.23146777346967,487673
122.50663556727638,123.1708308530693,121.983036340333,122.46428945261678,146271
121.94312805664948,122.23744799707866,121.21402942033849,121.48256946850651,912352
119.2554941347144,120.13499119577284,118.16316637668622,119.71431138794159,503434
121.89917677193957,122.47054002497781,121.50491803398987,121.90766454791886,306583
121.07374812004447,122.13540206716006,120.76897075679598,121.15021030467632,923148
121.2742960499797,122.21858280819573,120.46856898457075,121.04514584081392,338407
122.37393083822447,122.96571582038308,121.86216850623993,122.28715144431872,535917
126.8420433578067,127.95781072001164,125.21712620984911,126.69245448344601,40122
125.22443422575384,125.35429766525931,124.11430386470359,125.13806738895275,699239
125.48048109713143,127.05136861175004,125.07543979969608,125.71481127397952,727101
125.14336718336352,126.02906925734511,124.39475605548765,124.8409361463556,39392
124.38085242475282,125.04111696754511,124.05110376367816,124.18253170348717,655815
123.52947334042993,123.81679313137148,122.63635130542757,123.30369692450158,389698
122.24396404621851,122.69453059238437,121.599299481876,121.93569836559863,866018
121.99937613620928,122.83239430421601,121.25587613384135,121.8975489941186,744631
120.48117413683785,121.3120410063487,120.01739327702481,120.12536463171503,829377
121.37184985458941,122.2220815233198,120.68358320992925,121.28024941168141,373006
121.30594125205232,121.70067716913309,120.08123478075053,121.35911076294764,87787
121.88343650993303,122.15446798274652,121.25422259502047,121.88504634580369,929655
121.32450103885175,122.00799134117231,120.99984232308027,121.3302869813131,66331
120.77207716215051,121.78137250888273,120.17563220297995,120.89766355677534,20056
121.65370612023177,122.26313699707002,120.67502941069823,121.25794713681412,422138
119.93764466781234,121.070390084703,118.47909691660088,119.86661282409553,172611
119.4728464749931,120.0820877881665,118.97223646405075,119.45021341267986,602464
118.53162142086573,119.12402753786246,118.27500195606721,118.43964728925577,489208
118.10096064854173,118.92904678918143,116.80671909337767,117.40128316074716,94356
114.70153891306713,115.9570521283101,114.06074732863532,114.96174889704814,147561
116.32653737255693,116.6344286502083,115.54867485746054,116.52347101360765,701289
115.41823672001473,115.92830560132326,114.57945943601278,115.73780523908674,704063
117.04936711349715,117.57931050613662,115.7774410058811,117.1038436431957,826077
118.43211571280683,120.14663676825813,117.99365303553841,118.3739897174351,241182
116.7643663766133,117.36582349651202,116.4210381823252,116.87313377848574,216898
115.49472649043156,116.15538861176812,115.42977116696899,115.61953241049501,379883
118.66385003358016,119.47729734574817,117.80143663762318,118.63006303697044,288215
120.6163052527203,121.6950955626906,120.33429746752748,120.73755179173111,417122
120.78645728513231,121.45191279970693,119.78507698371854,120.71157366071081,283979
121.30447796768054,122.33472205269545,120.60809675966205,121.0347558035487,251323
120.44851779154081,120.61932420265467,119.06139158441694,120.28564369981206,999795
121.03179523993948,121.35879104406173,120.73439876697469,120.81890909693082,349597
120.22806350834875,121.24849449065624,118.9995225885839,119.96751364464993,693187
117.63221620355762,118.22423907310787,116.6591031522402,117.56571441415602,42787
115.99702666715716,116.17455035074293,115.23379763029688,116.0338421226973,57860
115.89065512873165,116.18975483234105,115.69964311916964,116.0699258420691,237531
114.68617483278823,115.07062083830566,113.92999699110283,114.77597053955857,234517
114.59010440175162,115.28453130442487,113.97353811036133,114.7102485970317,874056
113.66153444465083,114.38921135406376,113.43975147518074,113.49545148255658,988184
112.70035224532299,113.15259847283896,111.53264159084095,112.62224138817756,740447
113.75686647191482,114.45703970836075,113.14835514243282,113.59856508508264,504441
113.62713131184121,114.31155896506466,112.55407610233925,113.89143617381453,377651
114.21794747426213,115.20841817153635,113.34547753474929,113.89181836984153,504544
114.81066156319217,116.36301967012892,113.89826373978192,114.90878915816045,888881
115.21988024321286,115.915286757519,114.94088398331904,115.47392672546029,360831
117.06526188456225,117.92272608688174,116.40462692288243,117.16818658260031,655830
117.22170270194128,117.94791840099627,116.00869789450789,116.6422784529028,277752
116.06376261544874,116.78293139205188,115.59611886084774,116.15383221516365,763879
114.58924540822231,115.46183070143124,114.31510994019548,114.66379900114376,376801
114.14051411177138,114.91932845414524,113.66107804604114,114.18438482132937,680018
115.26858955180688,115.7164350994887,114.98471508639953,115.30286226300743,703303
116.6406627617627,117.86877764726943,115.8123359061195,116.82325191235986,128159
117.99609869456803,118.6574666793663,117.86625315271255,117.96231120198932,621888
116.12557370251454,116.5721460624858,115.70994986986722,115.87630178215906,796443
117.22358469227407,118.66890548965925,117.06847931017404,117.14994673913606,92718
114.77167505181271,115.56233713295688,114.1258933595315,115.02730374851546,486020
115.99670299632957,116.74580632712821,115.72761613626601,116.0766440303902,624954
115.53450020648468,116.30126761661278,114.53385255759832,115.66208182103888,689586
116.50148952301893,117.03859822366356,115.64998430772553,116.48915577509523,284313
115.26468254616684,115.99615154328738,114.31497632067165,114.95878832199928,769374
116.29005777379203,116.61143567110109,115.60256851206378,116.32469526554685,119389
114.62424058047776,115.4228469532163,114.3134764078648,114.64445351401025,614262
114.29697054273512,114.32840930578205,113.58318493941576,113.89205131289295,201350
112.96985503253958,113.09477605283736,111.96781831314115,112.77223162245602,586228
110.94946091981656,112.1118976873049,109.96443550907816,110.82221899668154,233503
111.37258220749715,111.50973307865416,110.14970573279498,110.93811932989317,281570
113.08192957872276,113.18142771747884,112.56589103460375,112.97126038910908,509143
115.57521589912223,116.18774864229974,115.13302122041311,116.03623415633105,606458
116.35408631390135,117.54324506654461,115.90453753020424,116.16064033865445,923437
117.1027529460858,117.52092361798591,116.2473452634425,117.4768010677159,569219
117.86800835277549,118.11936865236716,117.65740625426803,117.7615506465658,98685
117.95666134404136,118.43637324681033,117.76643158475879,118.36234676642098,956035
117.85971027394606,118.46269235979325,117.74013239098461,117.96986000876448,594487
118.12602978979768,118.64846864063098,117.95733780463317,118.21203721049937,206937
118.67792352902164,119.2838731746753,117.60134591899822,118.86099778001167,41480
118.1047780081278,119.4362878842959,117.23547769968694,118.18723771596724,27737
118.35140153764608,118.51742181215951,117.94164723268271,118.10749498123548,2000
117.88174450544109,118.60437087871514,117.32979845043643,118.05030922955264,572308
119.17161582645979,119.88852887852677,117.92314646982194,119.0418266942545,805271
117.56383090449899,118.03389737212736,116.79959595171366,117.79132119822687,797018
117.69777397521291,118.50298704967732,116.3627129650783,117.74239824439432,858662
120.10504032595446,120.56150776087104,119.46830988061178,120.02730121962202,92673
121.20275240395702,122.18839645168303,120.83495984462454,121.44479879004663,981054
122.78375650753887,123.68236700465111,122.56806565904292,123.1067197068751,668392
123.27026363193796,123.4122208880615,122.52463388428589,123.14911491415914,141733
123.83494064883814,124.93933732181294,122.59265070424865,123.55741083623124,955972
124.7947181154244,126.21379668409338,124.13363368309221,124.81445503006292,677039
126.67386428572041,127.35654678654595,126.17661679860963,126.78982953665489,227665
124.39053637703803,124.67739884680556,123.26130843844314,124.3518193416665,912846
122.75264834665532,123.92101273829282,121.93058699032973,122.73902924391172,637802
124.42965249589925,125.75745982144271,123.78971115427748,124.36923329039415,605876
123.41055193647264,124.59512532166397,123.0773155332869,124.03774759167787,603195
122.956204333153,123.75493480329484,122.43527927108727,123.21967369696398,762450
121.49039752341025,122.27542596031292,120.71064279173072,121.6961199720407,858334
121.07118038840424,121.07404331837928,120.71283444697242,121.03465996417124,396123
119.40546189336055,119.89820314278393,119.20603375026566,119.36108872024423,332268
122.05060486055287,123.28878696888388,121.46161706832271,121.89550977060435,913300
121.9431400325811,122.49114445779725,121.28894304931312,121.88035172419809,486643
121.5050073483687,122.05093604202244,120.40054256701757,121.82192344470182,74519
122.90736369439112,123.70503947302396,122.36642870591979,122.55269506308358,648632
124.06494264265807,124.43693941387208,123.04721145964267,123.75014250006416,360437
124.62433203982296,125.53851348035784,124.10498685798652,124.93872717572678,360220
126.38399391431321,126.53482735420816,125.75481955692496,126.29995258850239,76993
125.36878077494038,125.7554995391937,124.1629714413898,125.51825403342964,147397
125.19220794022954,126.09521655240245,124.50116806246389,125.15744821515489,936145
126.40199334348792,127.07794068584113,125.85128795176779,126.13627207945395,244756
126.01993590254511,126.35663947561795,124.52334140680969,125.48534217708082,330887
125.68004069327165,126.353510436861,124.55710808640214,125.49148278686553,538757
126.07982312614755,126.48057539283442,125.75392803773732,126.00549633078207,141043
126.92514523584606,127.34788535640995,126.74476051268493,127.01146760646722,794699
124.83149305328622,125.89157497387431,124.00842570029234,124.78603727567983,94266
126.0355333476487,126.9617221842731,125.0776672538532,125.69370381641289,787987
125.40159698950237,126.03187148307327,124.95162447261328,125.41281109123359,454784
126.09197038151174,127.00210591678093,125.06193824905426,126.31583049244142,304072
126.90135355111093,127.9471325072537,126.49233044938276,127.31377120102093,630417
129.52312013878458,130.3599726158324,128.57976296432773,129.39035324918868,69628
131.2314843499877,131.5728824035994,130.04855702845288,131.16661245850813,297185
132.78634806968236,133.96692703748195,132.25751217464438,132.95810552380095,526500
135.18182328973924,136.00111943004507,134.83925573820045,134.9049944299121,817449
135.19803991826646,135.88195974786416,134.6855316414827,135.3121830147973,748364
135.3328232719975,135.84803252388588,134.57931024619685,135.3692766186201,721404
136.5650787570452,137.5970973634963,135.47132660655842,136.5696303860956,239361
137.49028428428716,138.2126767223314,137.0177964572407,137.58685725395804,921223
137.24070614812985,137.63915993288927,135.78101493730225,137.17599609745227,749560
138.0634498342503,138.59448199723025,137.59420864956346,137.74621612592236,220651
137.39698489311192,138.71799461172125,136.64234143485203,137.71165103003557,100366
136.68776648754425,136.7107765603189,135.96955190916498,136.55434739015172,738038
138.3894137832096,138.9338063618358,137.09099455077674,138.34178030951145,486152
138.47457918411973,139.61169753403584,138.35184728814585,138.43200751290624,188387
141.55785996596077,142.1942120469826,140.42445822689916,141.31145671356734,951972
139.0606313055271,139.86974866311851,138.45356635508077,139.04692199504964,60533
138.4215382580385,139.5649426447357,136.96288526873946,138.28871768039542,924993
138.54577139640713,139.60938575389858,137.99984402988196,138.34769495360715,435478
139.8030458250822,140.45918183054704,138.92984232170627,139.94421180594142,333929
140.6024968550073,141.25050836224136,140.16916724790394,140.51841528342217,613819
140.89875408452838,142.05694041478245,140.11476713463782,140.96946087209216,95553
139.36623337150994,140.49313726878066,138.8238331778091,139.4032259077342,171817
137.72471790834223,138.46615066556822,137.1952612969187,137.81348671631304,189591
138.40276057253274,139.07254177711363,138.1394252249633,138.27248565569639,491943
136.43502421450629,137.22676362961548,135.56102205245543,136.41274945603485,679081
135.80977746326974,137.045741786163,135.46477091056212,135.70269608490776,200599
136.3930202039764,137.51662886477226,136.16797701884795,136.39779886345812,884024
134.64463382869639,136.03437057887146,134.59964235347684,135.07799673446468,938745
137.2863183118791,137.52849030267765,137.0262335136115,137.2777059434766,993434
138.99978079215055,139.5801743463176,138.07853569913905,138.98211951279615,662231
136.89526747436213,137.48845383078165,135.95953421174232,136.82887921399697,790123
135.4116247771491,136.82739783117236,134.46494411461546,135.5726116119055,840760
132.2052714064837,133.08976994766115,131.95156191245474,132.5221237780133,146568
131.6664885495862,132.81993023767106,130.75997038672642,131.50221423592606,136574
132.45463529215698,132.9628924541194,132.03689331998277,132.52715588969747,67740
132.03817094042108,132.50391553538262,130.95494728987026,131.99296492126297,18676
132.5411971374771,133.47047385428567,131.7090979530727,132.6158492725385,783150
130.62376010349305,131.89298958588483,130.22791198021216,130.62534375964404,772641
131.5667111705452,132.2598010466635,130.49816231197343,131.68503948811392,864720
130.71558690851447,131.32124998352472,129.86305553421695,130.9691651073657,964053
131.1223197671928,131.16263329726073,130.8882973919253,130.99820377392973,740518
130.7318002429801,131.66113334483452,130.72989593246038,130.88968463927517,63784
129.2912007453109,129.36562230156636,129.12513598094466,129.24881967453183,555343
127.88470573793423,128.1920525245697,126.50871326462709,127.77980868068288,34321
128.88392175820414,129.68531538818996,128.6321325663405,129.0353609393274,948294
129.2522252107691,129.86841602615385,127.87847819476444,129.56418613560484,843083
131.58030267727344,132.08831088777836,130.70949064084556,130.9449354291702,440896
131.24520608297584,131.58169573251362,131.0511725358414,131.3838875245515,934484
131.74911115749057,131.81530992738175,130.57975540980357,131.5850464060009,257369
129.8480214211533,130.18477534151717,128.34042604544516,129.34629656622914,863952
129.2137718643163,129.44537116928026,128.1497891809842,129.00995993077504,261391
128.9100276210467,129.8141433344566,128.0040052929988,128.98753437530962,365381
131.5270583197037,132.6746298404065,131.1857278900989,131.54471593196908,839757
132.24414569425664,132.9822304000059,131.2524455779446,132.4647278718303,539644
134.76585388962502,135.19867096015656,133.75912466640966,134.5286270700027,655418
135.50171467903877,136.01084678877737,134.82000319316228,135.34842697987773,106423
134.26426444389548,134.62772794359046,133.55483090874253,134.4025447219856,910984
134.29301330366337,134.72608754117007,133.19423626824346,134.57351155054488,888150
134.54878883333515,134.91381607265782,133.71787581707372,134.90527162585667,999085
133.92130735789013,134.05676033998654,133.46066523243985,133.65759717523375,732689
133.19019287043378,134.50823942578637,132.13632214478451,133.1581355475903,849420
132.9548527702508,133.34424255278336,131.9084314498242,132.8977108647509,39599
134.83997246675318,135.57886879838676,134.31911181731698,135.06227108754788,465256
131.90701412183293,132.7227186300065,131.20127929493668,132.29424018394994,94516
134.17032764732735,134.20101996708718,133.1976612673234,133.91251563657625,199297
132.68830953983343,133.3754299559265,132.55265288095916,132.67715430023682,811959
131.1197200403659,131.75629828735492,130.3855415706284,130.88223823454132,201560
132.34673132168723,133.13341501292405,131.8291141545117,132.44896420740787,564238
133.3720549281142,134.08612801555617,132.76870383948744,133.43525462648566,834582
135.32606233227023,135.85138039018705,134.67079387898434,135.1332816854163,76063
136.43280292705074,136.51907097578905,135.28119298720466,136.2332625905653,510037
139.30432007089394,139.9696427670389,138.7246598842473,139.08246528483474,644257
139.7931310049162,141.00266096007277,138.71249774040808,139.8757139770055,849795
139.84264651115106,141.30274627553868,138.71461889933093,139.67097768411952,996312
140.47569765478318,141.07778014983978,138.89191210916417,140.16478428013565,983200
141.90302280883836,142.58724009778734,140.4554137231329,141.93276397124794,809918
140.7003138324508,141.7606310540324,139.26216591083826,140.84495832684496,785710
140.31960434210552,141.649795558253,139.74182664575463,139.9437859756697,768703
139.343410341993,140.02011183887527,138.50281320591336,139.52603477835305,797781
136.805956550127,137.77426281079093,136.24499303163097,136.6339408411917,323759
136.8204274810242,137.18282324247826,134.7898893672378,136.83641608020554,933012
133.79850195486463,135.09747610066717,132.88302396131365,134.29312114372198,280872
134.6811482178936,135.7467202138992,133.13498020411947,134.3778321695193,339435
134.81148537023455,135.71202207506772,133.9613495150288,135.55919017954488,461732
134.39234339399445,135.38984038605298,134.001754994457,134.92777135023658,238628
137.3681944185981,138.44850588085427,136.85992347866167,137.22347029160713,981138
135.3899786903176,136.31719475137677,134.84934156785366,135.24740866271367,615248
136.7073338230227,137.99169624878306,136.1838002147857,136.8818800823205,278650
137.86367516803583,138.90390056733128,136.9851437095878,137.8229286212348,102717
134.8055922348479,136.030374963381,133.9288169092095,135.49156708257263,461643
139.4254846123713,141.0424814920172,138.82736398612084,139.22862217271498,186472
139.22331396478654,139.9766137224932,138.55694917233222,139.15381345710466,653338
137.93930407614764,138.52676016667368,137.45067179792036,137.95189711256168,387623
136.0436598996959,136.60864389762156,134.79417845521766,136.03798943304227,664102
135.88650599501642,136.37467639651072,134.83262580368316,135.75258493611892,807172
135.5854578929313,136.59475344283797,134.9819985525817,135.59329559856909,379770
135.23732991091222,136.24111208008335,134.4703932692433,135.74612144264023,713234
135.95058449365197,137.07855425593803,135.34774488211485,135.35601095366414,584237
136.5566300871297,137.46804974621415,135.27802698575337,136.2294611898755,949184
135.36721315805693,135.98738337253724,134.85100609639522,135.7159882272861,483559
133.03659307894983,133.73806764591114,132.69364287731256,133.12848827443096,918286
132.8803294125344,133.29849764684198,131.69202108606606,132.9430876405906,497662
130.1258061709583,130.84856080541974,129.08984032823437,129.84563834966508,886504
129.7560519671533,130.66490405477063,129.36630277838876,130.31883880780256,215076
128.93295450798954,129.73588930500924,128.52206831754057,129.0617602779907,730294
128.83044603882757,129.8265090211324,128.04487417780047,129.28569625568764,759552
130.93421890870667,131.6041358023599,130.16635336331595,131.00891901939858,843883
129.6621821598173,131.2322960401504,129.00242529988464,129.7848290550921,27475
131.20353976567588,131.7176666511726,131.00029602736026,131.1826308108373,473064
130.47036382317614,130.73332505310321,130.23113232817803,130.62839136261414,523232
132.75234928151863,134.0219782306748,132.38660885091636,132.9520494797038,486652
132.64488940437465,133.70921444875358,131.89625762488402,132.48070429448353,968414
131.50449180903163,131.62768791561336,130.744375314093,131.38501743703787,277394
132.45019004444558,132.83393813057452,131.70625844722127,132.30428531711294,957737
131.69553448109903,132.57309945273343,131.08219346232337,131.742144875799,45560
130.50191978274358,131.51003670135694,129.11289169749526,130.65131657975792,424547
130.01059372650363,130.6898699080899,129.02930623393033,130.04150523783008,745332
130.1268088088098,130.78440153188305,128.88313552266652,129.99651016853434,297538
131.19258298867044,132.05404372494235,130.35389609700135,131.76623512043776,621789
129.3570541444303,129.64158095360293,128.58082101334261,129.25517213363028,907216
129.3778795296247,130.82025165999391,128.4924277163846,129.29793766947014,457175
130.1376407982049,130.41014877947842,129.3827069757467,130.121466464121,112067
130.34752931222792,131.10744040173586,129.37983777597486,130.3864662110994,688216
131.44073362161652,132.71643241859556,131.16804948846962,132.1187988435335,66661
131.91766290381702,133.04936422512867,130.97125376054353,132.03381391159422,748785
132.27525675206206,132.98222721106274,131.0784734940678,131.80354800992944,516312
132.60325687277307,133.32731346748992,132.54397629917432,132.59983545343408,916379
132.6632823501332,133.13021698078717,131.9658495774313,132.74486464621725,154737
132.24532222493508,132.57593325354682,132.09785265146607,132.24085084555628,661717
133.03278772901263,133.9951334977303,132.4871348043831,132.93846181011787,118256
132.26107606823285,133.1821428203211,131.48967874711667,132.08703284563353,771017
131.2352361155972,131.5769718647292,131.17241454384228,131.29533791232367,493589
130.7279977600607,130.76276019777916,129.98496788123765,130.61699431747823,899420
132.85359291600358,133.56831042764446,131.72033823960808,132.40958364657493,324430
128.48348062083696,128.9614805592356,127.2938406563263,128.22542674449844,135267
129.3491749513508,129.55018062562428,128.2780930996945,128.74656372957645,958507
128.63438604810267,130.12773777803227,127.88529334686359,128.80357478804373,323412
127.093957476938,128.28040524126428,126.07222495985889,126.66931392708388,160157
126.87400813628899,127.89608413905168,126.3988411499716,127.07495777510309,409053
127.78402490172287,128.54076304002012,127.69223045440316,127.69372854259542,104747
128.6499209594379,128.75933930650012,127.86243100742315,128.46173055436515,362091
124.98461954914323,125.4599908121404,124.0805386176852,125.11242869914983,303440
126.86868432666442,127.39068479326235,126.56745233830344,126.84636842836635,340914
126.15591417319824,126.51441884635295,125.37925290302964,125.92661160992944,31080
126.62670348476831,127.3076323382071,126.02034670069342,126.80683789810026,739028
128.18940677459682,129.32999423314186,126.7014694341992,127.76283644279182,643772
126.30955751117646,127.08772347130204,125.66660100589394,126.66030437101455,16930
128.0070334385603,128.51614076649497,126.7645982276665,127.51236415537181,635520
127.28886750690103,128.20771414433923,126.40258819451896,127.03446165395242,431984
124.42027660078986,124.53489122896067,123.98193369853205,124.44260797022959,502528
125.81547983353705,126.22908188318583,125.61460557525776,125.91688528746346,342585
124.83052633374092,125.30547490317242,124.31313080195847,124.95724003842061,95662
123.87277567605183,124.5466243921319,123.10723227102748,123.90642758138257,346837
123.4083788829574,123.90972536656751,122.74577102338172,123.42034963533384,696705
124.07989586413402,124.58365742124938,122.60097753537796,123.76917921957238,857887
124.19777394780736,124.57104266195104,122.74109739642243,123.71068684596595,387096
124.45261219751708,124.67507238919305,123.31800285537398,124.40300527487544,717753
122.55240761232128,123.5981616994012,122.41798847604197,122.76002636327952,766504
121.73122402948262,122.35005544563955,120.54580503425204,121.86423300022338,36516
121.69055175586226,122.56987362703016,120.98469364633227,121.73512891639837,640496
123.82436045762807,124.28660338520277,123.05333385376227,124.07999555011067,726385
123.65898926954137,124.3236352590835,122.70828881542666,123.95125179470901,474967
125.84186302025095,126.38757008247411,124.68165927463633,125.31625476421355,949618
125.45299868085925,126.03213976466046,125.1528351542404,125.37711705792749,808007
124.57673725666439,125.69098597668727,123.41291360913401,124.78466172918775,247819
124.69293264725042,125.15535291293318,124.15407424820656,124.48961531856722,28575
123.99963605869279,125.19246164206275,123.746323667337,124.29255536059578,161338
124.78348700329683,125.82357320504836,124.24728022382781,125.05761631160794,727983
126.59756786342243,127.39458036046094,126.11118150200322,126.80122137796891,556682
127.69199135338518,127.96603159706194,126.6330409936476,127.27084873438915,898749
128.73839138361004,129.74001738124838,128.13262895451578,128.8035350764553,375659
126.95656059137382,127.86293719215541,125.80869690253441,127.57958451717724,234692
127.37191419912602,128.0006422018551,126.25398893023777,127.06440159175496,693029
126.0827050854001,126.77039591362126,125.77675165060259,126.16001123809181,493862
126.10183617110216,127.12420917911282,125.74389772012846,126.56999529631214,898502
126.04920242346407,126.61242023959326,125.56574901962817,126.12908842277481,863599
127.19802046973676,127.52031098726515,126.57674523422276,127.06561710646281,192606
126.00245338119548,126.02125177389121,125.4656296204424,125.90071322470679,115251
126.42058097298913,127.58509330754902,125.75401087244833,125.96749730490704,847916
126.63203301254994,127.29549636844189,125.88855020832301,126.84837745197031,249252
124.27948032267399,124.85311261047461,123.81638036112271,124.26786870313222,966725
126.76762194311323,127.52884351615901,126.49575665597304,126.94523591733254,431398
126.20847574336871,127.64805763723383,125.39362011150028,126.59895576334823,669988
124.29320743724587,125.63552220560682,123.13752255980019,124.07346653565745,803658
124.39735417337701,125.07899473244872,123.75237579803577,124.28220184917026,95500
124.40674908189543,124.97018625256517,123.05001527991547,124.3362060775324,12005
124.35290213142792,124.55555122430458,122.7997988350466,124.24684745935002,5611
125.32499420531893,125.5810308090374,124.5115509675203,125.49704383860696,542751
126.19688126983358,126.49193180299963,125.743384215489,126.45122401939695,668178
126.85068761925733,127.18208061629201,126.10458833849114,126.84113714826411,393468
127.72208613039398,127.88462070926772,127.25709618540924,127.4261487366372,910881
127.71540374075813,128.76733036879057,127.00241858903495,127.30596810771655,317153
129.80559349369415,130.61938223833215,129.5931887525096,129.59941826155722,849015
127.71671946538291,128.25888695964946,127.31150384535651,127.70926777602223,107804
127.96954092623987,129.03529070705773,127.7339472409976,127.90052991117633,593696
127.99949076404907,128.22816592056,127.1169089274296,127.99652281668972,440646
128.78983727768937,129.38244890746546,128.43534010511883,129.05464278012448,583821
127.98929874678296,128.09186679065024,127.23686644735085,127.98298985647196,208738
125.44750871200763,126.70442541116627,124.53880216923234,125.78330657364656,801287
125.96205140113726,126.31699102958055,124.88960706499127,125.99331720374958,440407
126.77426203374003,127.41410274327937,125.86295607844987,126.3607829880885,834760
128.48106407994513,129.50990564864668,127.50908160275372,128.26996782787853,537338
126.42959617587978,127.81767437366241,125.66754121578275,126.6634470917837,808763
128.1287496554264,128.7768443210343,126.99913147266362,128.14731283671824,338711
131.0114181427897,132.037832186656,130.04839588666167,131.2304092324806,901169
130.73232904607357,131.0478879425554,129.56749942303935,130.74867623094434,42113
129.35332413912204,130.65334057287328,129.0837618904303,129.08454228718668,336981
128.74104405494518,129.32057808541015,128.18648208401694,128.57312551172024,615737
129.242934849987,129.92027831264812,127.56288589226477,128.6039931532831,383892
129.65250802048172,130.14252199693985,128.47197727217653,129.34402835854797,132578
128.64667734230383,129.75274892587137,127.99948015205575,128.5942108062861,109716
130.7997022683307,131.5320212568139,130.15545098726184,130.6227998172957,708577
129.13566101898638,130.1288180749885,128.1844408138731,129.18796746338555,256758
126.6869204484088,127.74294207025463,126.56799548173812,126.97324619711603,140235
128.73443739313197,129.2929867462642,127.45197074999533,128.39911627572064,233593
125.77734591633453,126.75695091217501,124.86226966675954,125.52404054222028,530182
125.22019855469377,126.03678463107228,124.77773530628315,125.2805973867076,175478
129.3317144040943,129.60551776777734,128.419753682661,129.2608960464645,638029
129.57905782533692,129.84240987715125,128.76166337744493,129.2582545585875,493508
128.0468191621452,128.74422362573233,127.18015957741429,127.83044021137431,719825
127.39598567901427,128.75655283634288,126.77668033878304,127.76986618117765,770550
127.77997490156892,129.04733012570054,126.79388792265986,127.71774570166399,841952
127.89298985620574,127.97831073394832,127.19245018979906,127.93588203034464,57896
129.08555145571574,129.74091616030788,128.7051620534212,128.79884504654564,976332
127.74303374357937,128.56939614579233,127.37515098257981,127.48015875952365,45392
130.00461629332295,130.7699544321239,129.4360821831607,129.66266787555662,359394
129.70323932461173,131.03746659054144,128.877077161456,129.99387816555085,830398
130.74983549235134,131.86751522788586,129.87766122736673,130.95520246174118,836757
130.43819212091913,130.70474249468057,128.84527752484908,130.14820047243717,502578
131.6903895598552,132.10424441603254,131.43270982006095,131.8464023042377,780621
131.12087362058932,132.3019631902839,129.95025807288025,131.52107462181917,253815
132.04030980192135,133.09287128023468,131.79249261576263,131.89981104975723,428446
130.54480879093097,131.39750636294158,129.88513011948072,130.68783838109223,157701
129.86759614470748,129.9021670015648,128.66216950864415,129.40438260545807,582084
130.38824463848422,130.63056933364058,129.56505149288643,130.3110523966165,503312
129.78882442472005,130.7070216368551,129.21900932497707,129.74723802510078,488490
128.56199552616852,129.16572528808072,127.87371487087772,128.657007154179,832975
128.2517065623303,128.9383497714539,127.67947105531434,127.84494604745773,313080
128.8468581812743,129.90291977316375,127.77657415112579,128.75452716138486,759901
127.85540663934118,128.13824571585565,127.12031843381305,127.95994979501029,651056
127.61926556024281,128.3025317574839,126.8424853458718,127.82226872210995,784056
127.835476077394,128.29298052702114,127.30330330359563,127.85426376398961,481612
125.19347670363018,126.19968376805151,124.69069204864282,125.43874629076583,746719
123.87363068845397,124.78022023617245,122.80655578215867,123.61925256780553,850855
123.59941806190483,124.11742809318481,122.39186144383015,124.04806071171512,458822
123.11510321647219,123.76316730032262,123.01425880708426,123.14946537247455,737569
124.62204982297804,125.57017279684396,124.38704311451933,124.47016297938546,166470
125.77795724645138,125.84894121319853,124.96311456243943,125.69195392966965,404914
126.43017685802462,127.22041036738935,125.92402632074459,126.6118098487991,999501
129.1201226322369,129.2947765371332,128.2570826506688,128.94984212026023,788157
128.62728565834848,129.2518976031248,127.9933290949505,128.85562798196293,40917
129.70163064043174,130.03366521828676,128.81109559937684,129.70743755330116,352362
129.1326613221037,130.317867018521,128.43042457175935,128.9645324349994,44383
132.30191167583024,132.8221906128531,131.99774142325185,132.17953648257972,292709
134.65910943312667,135.1888332403251,134.30489697890965,134.84115551376001,192344
135.19367633026582,136.00278359799742,134.2612299226707,134.87066257251385,545155
135.43008111400172,135.68375104149536,135.23936392820903,135.4066030791412,425415
137.47746191346462,137.69581274881523,136.60228460740825,137.27347478983958,659051
137.50458234026348,138.81513679703946,136.3749351964965,137.0853476540675,57231
136.50619713312767,137.92940925446985,135.6669721154209,136.2017805560256,371789
137.71896420387745,138.16294383782838,136.63782372744672,137.4111277140582,375730
137.58570641795674,138.71419320533357,137.51109160760794,137.53270683334742,791584
138.01719959049663,138.8547047035097,137.50344346582293,137.7983936218937,635048
136.7256125923326,136.82931980691035,136.45240161393463,136.66722928827025,71062
134.0282619369619,134.6508887616791,133.00434361925525,134.35321519788894,999142
134.76587245576832,136.0668077711614,133.07908874592778,134.68432277043533,478647
135.99197836222234,136.08984021633998,135.60184561711478,135.92228801928513,87177
135.78761641308043,137.3957488846168,135.0468456609411,135.62927483307647,904084
137.5700871237638,138.05747240417108,137.16842205210733,137.60531325150276,576519
136.44564133405268,137.9850944857753,135.67285746779845,136.65375285297773,698515
135.4111196586351,135.9640450502491,134.804220368207,135.23355635384365,874453
134.80119017488718,136.15630058683112,134.01282703218365,135.1561839164637,797768
135.45215686415332,136.69629839165307,134.11336392766802,135.05810616470214,337010
136.05263676853957,137.36379752543445,135.87188741392626,136.11563600170595,261387
135.14470547224366,135.58350727696342,134.29295537056876,135.0783743795522,485664
137.1057596288986,137.43862988684276,136.90042848436698,136.95276745914106,282555
139.8521721814583,140.51736001445283,139.09621687226795,139.6871491234471,715392
139.25292529883652,139.79985475173063,138.69188101067283,139.6464445947928,779437
141.64979135065215,142.45971546906418,140.80683998552556,141.4167121212046,559500
140.02935652463583,140.38469642609104,139.37579800323303,139.94450709846157,113473
141.29174285530303,142.6383607073388,140.79507148738006,141.4714855989373,973931
142.76079774659664,143.44550533451806,142.1608235853071,142.97516525899803,273748
144.13307272876636,144.2621412071925,143.30943681337752,144.22943330220218,202241
143.84679719951296,145.5486426759605,143.01266247397336,144.22140991382662,487865
140.5194360554668,141.29933354100058,139.28849158035877,140.03707348508158,613423
139.56882109852,140.27886417093887,138.69889086074068,139.15520969992772,775066
138.42570547372213,139.57231111160957,137.1610265318012,138.30076450747583,189718
136.90692569926284,138.01109782746784,135.59589604545636,136.96812262262935,261476
137.0953067284513,137.52165686036187,136.9397368619524,137.1493732024489,598408
136.79671558281245,137.2961132214247,135.8393672301907,136.58962775756828,117714
135.95777791048783,136.18362203190463,134.99433827341866,135.48147195890087,827575
133.91502359265382,134.14929896157378,132.8735940194183,134.06796745569602,223377
132.82787106655067,134.02213259534918,132.16875029402084,133.1254293099808,307918
135.0570463132401,135.89123330838018,133.94561551990967,134.64029668739536,769895
133.2884827835913,134.74075531758976,132.4241198390537,133.76660169482903,703750
132.8244082484302,134.27004670024178,132.27884751548095,133.092864757363,701583
132.43425081141865,133.47001928854058,131.10561170815495,132.49966798901497,169150
132.5479315848008,133.97212973548423,131.68249708697192,132.9628910752206,39003
133.88140861201072,134.04660270980648,132.54301162552667,133.5842773542802,369783
129.8134406660566,130.34295543792294,129.0291352130116,129.59134565185477,712991
130.78465409576467,131.9687422543603,130.1789337308985,130.93517539981278,851249
133.18271677977506,133.3818747239129,131.855072758893,132.84274188348627,21003
131.84916284461653,132.54466904409153,130.53025764213683,131.4680914256567,864454
130.17957221759417,131.06300602538357,130.0163277626481,130.2090439014173,318675
129.52020761041538,130.45747013849126,128.82301357118038,129.6370542003389,265031
129.2550569565957,130.04433860475027,127.84727589219088,128.6735549054334,275900
129.16093282815663,130.03880586872114,128.38045125454045,128.97490926701636,450207
126.56615662308957,127.26761558654746,125.72499479177384,126.50130581646253,183236
125.44867801563753,125.52535417676876,124.51498709984328,125.10749837104143,524505
127.1374781022078,127.96652463756229,126.83963320391038,127.06075103571943,67863
125.77207926465665,126.6364391430493,125.63783949461998,125.8993939152933,678356
127.50782260411546,127.59079891225925,126.47705232382148,127.48738388780019,27319
128.2197957652361,129.39162284498917,127.4080341420034,127.95399583253379,556577
125.17162363895137,126.5019765757553,124.47453373116407,125.6723489181593,642806
126.41310802926249,126.59461748772364,125.78242929261087,126.48597172519189,190383
126.69935919838774,127.02223028059147,126.03094064939245,126.34986097831612,695158
125.65949168463216,126.20435370599185,125.20727275624736,125.78826576157557,973948
126.49933863383919,126.91750872252982,125.3543832966729,126.10938104666529,212519
127.08059111912631,127.82771704838979,125.9245724113982,126.72203269406504,384444
127.61792258381539,127.89897446352816,126.14199215973997,127.63465015527622,566382
129.0134535345485,130.24325207163608,128.5532917720254,129.1603189704819,136987
129.62697356596996,130.7569497825904,128.32915900409637,129.70151532881076,447482
128.62414058757082,129.50623876060345,127.63284559914077,127.9423067382213,128868
127.82789880134396,128.48400429491417,126.52705827651198,127.35048109117197,85565
131.20017534531743,132.22515605713875,130.4414513512781,131.16728095965988,491157
131.9735238637277,132.68552444878878,131.363489005374,132.13423967802942,163341
135.34746690911095,135.73003104708025,134.64150998242297,135.31579190828006,529524
137.29791430914457,138.47460259711866,136.80116434209947,137.23099308658286,179137
137.2348639091807,138.39592360158022,136.17654793366688,137.57697898701548,424211
138.02816355313905,138.43504671122292,137.6648988088235,138.006071190944,308605
138.33429664343737,138.85260383708598,137.14812045041486,137.9693939968113,12974
135.11802117685278,135.98446632306027,134.13604082399948,135.60602840329418,947675
135.86830992498167,137.3718999159321,134.40257035163043,135.6440675026543,853002
137.68753414282054,138.37766472477384,136.2231362639027,137.30998715959004,369258
136.34969961725312,137.24985715911976,135.43379936996166,136.50273483853152,47818
137.54440409553376,138.529725048493,136.65679022121853,137.07992910986877,24918
138.07519971183677,138.4533009693646,137.71031189652751,138.2661001386486,693879
137.14860724728788,138.28552007458026,136.81063813518261,137.02772613889985,375188
136.3406486642429,136.8576979070928,136.16378712600044,136.42435119318097,284279
134.97329729979856,136.4729671906028,134.2989993362732,135.0562208354158,463529
133.79839143060804,134.50794694337944,133.4213810274842,133.96378286769902,294221
132.4479329501185,133.52247244017425,131.12598561916627,132.26314137494586,320312
131.31317519222304,131.64019678198053,130.6628704558368,131.09063430051953,561805
132.96084055755747,133.174063447843,132.2584393486765,132.97797402472145,635903
131.42089257274444,132.3221465173615,130.86812727066737,131.77932395634414,446397
132.06567582560137,132.20993763378087,131.85523139893672,131.95927174244667,218521
131.42131569039228,132.31532934337812,130.22476842512827,131.31048586923626,378195
132.8233135431119,133.6700711384671,131.8820682704191,132.88090811814362,478650
135.15096719476117,135.42498808512934,133.64748230520888,134.6481287970607,968480
135.4053485693735,136.50285427779693,134.48664494679306,135.83020623856146,842963
135.65603646930353,137.2712658484959,135.28684247577257,136.26029192056325,673890
135.7606804779438,136.137399301148,135.3832857288767,135.95940823891027,259615
134.55290479851104,134.7116143834135,133.50799681148723,134.36199668072803,83517
136.7232749318441,137.55993203064045,135.40679950913153,137.01260297607035,273848
135.72249388654674,136.67892194048946,134.88672336130543,135.98929697767855,131881
137.16888220694608,137.83060762842388,135.82205291439993,136.90847644254507,237621
138.50867670440178,139.57074521971626,137.90706970620244,138.3806613294951,648771
137.7319404718269,138.61778186682332,136.48672574300926,137.62815207939983,583988
139.29545617888516,140.28304766350195,138.55772299756464,139.0780968849449,338143
140.03984759503274,140.2754211167665,139.23875275382602,140.15903686465748,528973
142.50814247935583,143.39128495406774,141.95214457961097,142.6162410474739,743736
142.19255748581324,142.77250013653887,140.8741465994539,141.96264067801496,101424
139.78588953703135,141.47849515615565,138.70837992620886,140.16289598897453,155429
138.8724301383016,140.2404404770534,138.79332051975533,139.47012093049636,734927
139.65456529477154,140.19401650919235,138.40104078952447,139.77569048386067,25077
140.13147230207832,141.19051644040564,138.17453980697678,139.8710678201845,387753
139.40699326979967,140.33961119225964,138.78762883700898,139.33577605182788,967889
136.94889340264436,137.29608554999996,136.08291947894298,136.71448506956295,551075
136.81898695870012,137.91620117267766,135.62615943734352,137.3729555761686,67836
140.2117486018657,140.7733892818663,139.39464798081138,140.12333167403608,511370
140.9735610335356,142.19754752232953,140.08717797980893,140.78944659002866,651781
141.28110980330766,142.45852327696724,139.77068671033376,141.66382807097852,904120
142.73702147960992,143.7619228857677,142.35782012244445,142.49134997993505,664974
143.04062774315386,143.5761801062944,142.6639859486397,143.07253832634274,609280
145.31332983076175,146.18584931531691,143.5230024999818,144.4261670556611,481442
144.38136670398202,146.30489722149622,144.36095605616757,145.0128209926172,948942
144.9704421023132,145.538257937951,144.01347397775675,144.5745638771043,879946
143.32959972874994,144.209445644409,142.7772786704725,143.44267791452472,852077
142.63746718579884,143.23052986141406,141.5127249047035,143.1002969669528,999530
143.4135752534719,143.95298239052903,142.3984137847951,143.5648797571185,529291
143.2055529995406,143.77789852665236,143.11901318716053,143.12612394296607,253015
143.88903289674207,144.15054863455404,143.17171451053946,143.59109095491763,715606
144.73422465915107,146.0319002881546,143.81488961157808,144.237481076304,5736
145.8724573181833,146.23509317489666,144.8260181690065,145.4588035831711,883081
147.06699466150715,148.43606095679823,146.8158985882247,147.35149563071877,292392
147.81458912350047,148.63651343417027,146.54399800814528,147.48123295897625,537601
145.69354833148913,146.43550086270088,145.15490246225815,145.5796220991077,787961
144.90263919805545,146.46495229782144,143.92224738601476,145.09259530045168,67467
145.10953072014777,145.42972320915504,144.38522560049597,145.17105728995992,420581
142.34225028552072,143.17343802537536,142.04606814904403,142.54461878810088,759699
144.56307133277352,144.81733739045308,143.22754979336693,144.55234776255165,10767
144.56151231373127,144.90079847355838,143.22385863326437,144.77278151608098,86021
145.0416457252721,145.5462377228215,144.1901010096058,145.34046399644615,785973
147.49467327481395,148.23977397496802,146.72244977074547,147.35347353937806,80689
146.62664487453236,147.04071245113028,146.1743451115634,146.4424991290006,949984
147.24502102730403,148.43300296524382,146.03564759015904,147.300287211291,551174
147.55576919402316,148.1988854742475,146.05433192496844,147.15326049682932,756129
146.820795745065,147.48868582274352,146.4452263634799,146.89730884966153,463262
145.6936467175416,146.37076093329165,145.2653712392999,145.78192482949717,990347
148.44106011949597,149.13940357790833,147.30079643834435,148.24523143539923,988470
147.665264376972,148.25747263343305,147.44765469022576,147.7043840558866,961925
148.78124827639107,149.14520275460254,148.29146369776313,148.75601993105283,125463
145.27141420330378,147.1707417337621,144.9985504694532,146.0074196382077,984629
147.76020737746077,148.22235917214192,147.46345381036622,147.7552701691692,294486
148.78738658558868,149.90795415938945,148.36485919545498,149.33310828315857,858430
149.12858052724388,150.43367730848982,147.97760428406806,149.493629191087,320248
148.77128632656442,150.05815346267116,148.7320643477973,149.16966555960514,281858
149.47019522591614,150.12996506207102,148.52846530991908,149.78251668309153,933203
153.0973432044329,154.3790501849678,152.21338333439098,153.26558401910825,670949
150.4553607593349,151.5978261639045,149.26600642444487,150.60189417814456,879014
152.00111181210565,152.84227448917932,150.9233817370819,151.7994386059335,639589
150.5038507785335,151.0616254916716,149.85572967988844,150.43694009398826,394164
149.8500929908889,150.99058624545964,149.46736524045508,150.42201990202267,823669
150.08962023730717,150.7492053868302,148.86842071778193,150.0646210808641,583553
149.53330350764816,149.72837032661718,148.46820455387822,149.43818453511173,918674
149.33928914569958,150.16707236847813,148.81352628619112,149.4374894563161,458189
147.7489698248612,148.90126814469687,146.6073526630148,147.76696369673962,121448
149.36736604493862,150.50690664407284,148.76370569948799,149.31053543149648,857343
146.8945325484165,147.46117008242288,145.93730773679766,146.67024452851328,198011
147.01428319901973,148.68698926139396,146.54581500037617,147.47880603943253,987567
146.94088537086415,148.58836104243565,145.97085133776793,147.01272079603865,976879
145.75425247340448,146.34475795698543,145.02271806084553,145.3158820922428,882437
146.03743897247932,147.0705872775592,145.02715843154618,145.62483682875433,420197
143.63345747834632,143.89033584662775,142.9540479032644,143.3894267617779,527353
143.61475536863807,143.79076384172413,142.62992827287385,143.46072884779053,549341
141.91614684705672,142.66452221743128,140.57596423702782,141.44805710629265,293684
142.66135022247687,142.9437912795518,141.8764119512582,142.1162355458021,94677
140.78635328063527,142.38831947062567,139.91076153495783,140.82270806758345,358501
139.93122088798646,141.15554462520842,139.8514839015277,140.20305566961503,19286
140.55382795411566,141.7404738216025,138.92678815428968,140.62985029044003,371403
140.42592604770917,141.11582749805288,139.07790480791004,139.56156669276422,775738
139.05680982729808,139.77229021630473,137.92380525591804,139.49464343419737,136656
137.28325907682444,137.88576477128765,136.5139924474758,137.41257506648907,376215
137.9053074864077,139.09306636708368,137.11574630022503,138.29604668957384,105635
140.80772226906274,141.24229066300242,140.56118638503665,140.77259560343322,743553
144.42489293159773,145.78850494490746,143.33732689963873,144.77312761521347,132195
144.88814569407108,145.95355840718864,144.1425597873915,144.9196660178874,801648
145.51130583695232,146.81363800405302,144.5785173876888,146.08104973306212,295753
143.69454411188906,143.76307279596034,142.83873654020294,143.51726565376066,418076
146.06100786074117,147.54270254707185,144.91943698619258,145.70480470698482,140870
146.7421246507225,147.4954709641575,146.3989703614709,146.8548926495257,472161
146.1210435196235,148.07931564833808,145.45746011309942,146.1605448705486,315217
147.94647901642253,149.02453586106031,147.39311001118392,147.99484587227553,239662
147.68689273471838,148.33230435970265,147.20780619720887,147.633475791136,718704
146.96230029161907,147.9058416021181,146.168178153699,146.97352012873571,543823
147.91545192248003,148.07192525232523,146.78912060155685,147.68856773736147,20097
146.50144356807928,147.68494481606115,145.30039881026502,146.14104830495216,647899
147.41607310831253,149.5318377972575,146.72421739719414,147.65647888886843,704858
146.02965838794543,146.30529303900107,145.11940775140692,146.12005658167845,702088
144.8689667498682,145.4684016447534,143.78010579908425,144.60820361216662,505992
142.90552610353419,143.98428955020358,142.14918694361324,143.31301345435844,931680
143.8508376741822,145.52136307127319,143.0598805956024,144.42006104985498,821915
143.61138262032873,145.23676576842544,142.31922939817937,143.54640893568185,682639
141.77915957177345,142.65090948630228,141.44241785124086,141.63855599389987,37227
140.59395546816359,142.40601397989872,140.02536377795786,140.7973513748865,258435
140.60341056238747,141.54212477717067,139.7577479995616,140.76631972096988,210973
138.91607060178586,140.01165259055165,138.88109260589673,139.12759806536897,437675
137.3097492700405,138.37142320462382,136.05367353743983,137.54823734720776,958166
140.6920791693207,141.91059910620984,139.6873210565502,140.49721071244932,559945
138.9783538680705,139.8272970061444,137.88449620263097,139.3072578823864,218648
138.7981017036971,139.90711923578047,137.63784872586788,138.87184900513788,117583
138.12607771163908,138.55757514527266,137.26453580714758,138.3766324518342,692055
137.407477302017,138.38000149594492,137.17418948181083,137.80857991629057,642669
138.92273722228475,139.35197640737368,137.92652797079174,138.68138219821955,737032
139.8709659514575,140.75356509221783,139.08270063989707,140.01653420345806,39020
139.65537516798346,140.22122533586543,139.3599366503247,139.60276165671635,243642
137.4850907606166,139.05889345097194,137.43435596151912,137.90102116826418,676985
139.47642788382902,140.0139132542544,138.58586978875482,139.68370158233037,350314
139.77559096109573,139.8027001304953,139.3897501575384,139.5645448392404,602441
142.7495363283743,142.88202910222668,140.4263474337266,142.01467529696035,946785
138.3261464467864,139.98361120574884,137.5253194160134,138.8750406192155,151017
139.1046150292247,139.45161801629618,137.84508740256555,139.16058758714638,47144
141.98747612819292,142.86688028218833,141.147879246116,141.87049522293407,461578
141.21012574387933,141.9662262589004,140.18570043796012,141.3843395704293,577946
141.31969477059258,142.37573899914815,140.35205026399066,141.07999365751846,415531
141.26636303267313,142.12125882865735,140.13387032559493,141.51166860559337,499722
140.78048976746442,142.65189123026252,140.58026423663046,140.73718559404617,79151
140.16619287132906,141.81325277279683,139.09189700101783,140.3126995078438,150931
140.19456977271466,140.76297035468835,138.87363196554315,139.853486395973,12036
138.8046427556748,139.49909530163794,138.17481043938764,138.99266216141157,209803
140.6262570153312,142.7513110989487,140.09574328707333,140.7252921008613,105781
141.65720347542793,141.9070084623593,140.8097030380594,141.3897819418349,923921
141.46729727821764,142.444157868879,140.63995395549688,141.75876425806268,979013
142.94357477625553,143.6679194366345,141.68875730205065,142.9239227206557,464473
142.04120524315059,143.2726536996539,141.55862985363663,142.5608493310927,602606
141.16771416276694,141.50612396319997,141.15284902269184,141.4755461231774,404852
140.74709267224696,141.66051417173597,138.88811757161457,140.6396070872529,177661
140.377484232492,140.95000337431532,139.39277496780667,140.65617968632426,152608
139.036517450474,140.48367202879024,138.50451296442938,139.18811360867983,741524
138.64399078127937,138.73162832342226,137.32086935992848,138.50739855166165,542365
137.6485273765385,138.52178600281766,136.5747199678399,137.80816052997034,430057
141.01305443218345,141.24549498427325,139.86955333007566,140.78137275892107,89519
137.00278065956385,137.20323643139506,136.45498245746452,136.94371333367138,16160
136.8307525705407,137.1703588530192,135.75437630199903,136.7116266766472,496060
139.45048427722782,139.85563949628653,137.95501847480313,139.1052346556037,783453
139.37785367747,140.68761235041987,139.26644156934572,139.2887581630232,117307
140.7881556089831,141.4749518377477,139.55987346130385,140.3561821477856,119602
140.76649853204898,142.01611380706913,139.68217239986524,140.51041484919685,135945
139.4436847222114,140.12872806570422,138.63515816833566,139.58982198520803,802323
136.86185745284453,137.7950165718197,135.80734781814985,136.50880525536567,979500
136.875433764357,137.26191168711296,135.632446207767,136.80323831207693,738844
135.65269953018898,136.1154967855878,135.0604331698231,135.75986285642892,373669
134.76612559910708,134.82846172666723,134.01880328825877,134.69113342944044,435671
134.33229811157784,135.13926741891828,133.23701825936183,134.0341186205276,699205
136.53113372112742,137.3211370269486,135.79782588689693,136.40699105692582,255752
140.25041916975593,141.2787266404084,139.62343136444503,139.74109283775508,311603
140.36331333448834,141.1556298297988,139.26868938701097,140.05895666184728,260583
139.56934210661726,141.11557333569846,138.63204151435522,139.4234605420688,509544
137.52273816137088,138.56733429800906,136.98577997619554,137.8055338812522,377994
138.41679521459616,139.57090647609706,137.7796550586384,138.4665691037389,70882
140.99173789729485,141.5596064781403,140.3315768091933,140.97153269005565,860672
140.83329185679742,141.15362983962962,139.42431924638547,140.63734704439975,353899
137.51987667381093,138.50356811106036,136.28682841677025,137.34480790556012,152880
138.32889268363138,138.98354191972905,138.14558781833742,138.28200390829454,863325
139.69895341879615,140.7461548140374,139.2500273952727,139.66533599605967,365912
137.67977587049882,138.51395142178436,136.19683280758332,137.48167662675408,749267
137.50177700351603,138.0993039840098,137.29065017941448,137.73829741331764,141402
138.84428375080032,139.98600218895157,137.48455409726344,138.3750495796966,152164
137.72155615306684,138.61776642766384,137.23623230187474,138.28775236760816,767146
137.61164590443633,138.5578606629166,136.35735517041456,137.21224589693927,548421
138.61467539236625,139.85333778787825,137.90075241715854,138.6272032792348,652987
138.3598214885408,138.8919831764179,137.5098568835644,138.08294314555494,719462
136.15992261735775,137.31292257651887,135.22202120183977,136.06091369350077,83057
133.40635417750997,134.23251978496944,132.84471160608052,133.31409165116872,928379
135.1687943056704,136.19010691722488,134.97150333888175,135.01912439757731,391439
136.08774632104377,136.4265684639786,135.56670084618403,135.86789731090633,794538
135.91163444593462,136.7685177120267,135.65932480883248,136.00107713915946,745522
135.69741524210414,135.80268333565152,135.39174611398585,135.4171561312582,49142
134.42397243669743,136.08136422261583,133.60288390150342,134.7161638811982,835931
133.28664673651966,133.4269532356038,132.68929598141477,133.28806774015683,922755
132.94941215344207,133.47266707656922,131.92292912063223,132.72749975759965,229203
130.21479262031403,130.5018998592868,129.10336982275993,129.9561752623826,395274
129.1349261665186,130.04198296225616,128.07815791978848,129.0160278727371,136686
128.52715102017166,130.0139176327655,127.72761378883673,128.62835386360493,152733
129.66029025563049,130.5633411522745,129.16139774929056,129.42817175891796,27592
129.21622642827487,131.18586805678052,128.3454929916581,129.38944427967317,664721
130.89202322132067,131.0053992046641,129.69616361641272,130.43513267152755,404952
132.19763404188967,132.36499674692394,130.6680658613678,132.22002441815948,481549
133.22841823781673,133.95006165317778,132.5591113029386,133.63992917527696,318138
133.96277461378617,135.0038891431768,133.13907778762982,134.2836274733215,283431
134.32471249605717,134.5825129000904,133.67963267080765,134.31298868144472,401440
133.0526007174986,133.4178316681178,132.33081416962057,133.0154028878999,977235
134.54462761136352,135.4677989234177,133.3540938887009,134.01669385746075,492420
136.01738227452984,136.47528141741986,135.51464444648602,136.30047818715758,967337
136.79204169062885,137.0109653103324,136.02456411842,136.78124631302276,266195
139.14748422006912,139.97343635643884,138.19219759504182,139.44294189549026,950244
137.21019037397463,137.90680416344534,136.69682119612355,137.34551824623688,692794
136.24032655078037,137.33434279694123,134.7637318746858,135.78301694539144,757424
136.65163869056818,137.27766235245036,135.6755454658951,136.96291052348158,774883
137.500349829823,137.890735329596,137.0150898424284,137.33910207102485,421741
139.27862080109105,140.21805653976617,138.8757612075441,139.16925954864055,231736
139.1549174441767,140.1920231966259,138.2720546087732,139.16164491508061,748521
138.11611581264384,139.3986860136051,137.52610752136417,137.97277958320566,42382
137.37271065505223,138.57440548219122,137.11680342030576,137.69216208395468,283501
136.06065983137776,136.79417539058474,134.23487743640123,135.6114273126312,659189
134.6191980376459,135.52452765530518,133.8211905411699,134.1029431456525,360152
135.4396809787773,136.0082244683136,135.36879540581435,135.42692249027255,474561
137.28987394480967,137.86315488934594,136.26583093395033,136.62774688264315,984185
137.02888183651254,137.18252980659557,136.24850994843422,137.138325881538,331053
134.9197102566179,135.95592707394647,134.107938611946,134.81174438541888,685619
134.72760088534628,135.48670695883072,132.9105573205305,134.34287270490185,984269
132.5986443392463,133.69347242118695,132.2413147071336,132.7204829264987,551805
133.93353836769555,134.76764128050874,133.1689828862688,134.3046352525682,666421
133.10586049233083,134.18511814444398,131.98970573623396,133.53630597878225,465140
132.65199247847596,132.97464927942895,131.70813655920952,132.1074912240658,513584
132.0202435265244,133.41613632449818,131.08142478491746,132.16007540196023,216657
131.28109572226438,132.2285258067332,131.2159129118614,131.32988129644866,442055
133.0096612441126,134.06654513933438,131.64281890139634,133.3063382533543,315889
132.59462586399323,133.08578302190892,131.28694500142026,132.3436125716532,78594
130.3137547350958,131.3258867107474,129.92828990534213,130.51776963441938,36597
127.6251228494813,128.03366546107318,126.66928044771775,127.75064118302781,86256
127.80060099808556,128.40136912496902,126.58229333859809,127.72408905264037,811632
126.75077064523173,127.4357955619229,126.60703600032078,127.02108317769081,641217
125.18677317914643,126.70916664519088,124.78612964867311,125.23150143062674,923552
127.09779056846244,128.29376085749354,125.59682279349488,126.74235188604082,921799
127.71291509932756,128.75877435402955,126.93977401274776,127.60362147525586,338256
127.61368618911665,127.68120237074615,126.77553630331766,127.58037691937278,676106
129.401435141004,130.3839118282596,128.67188300540897,129.34585142343107,654992
130.11733532000116,130.9430871612746,129.11875418498525,130.21868063757685,386129
129.6801447304385,130.80452091798384,128.31990072363664,129.16448077458227,645728
127.63425620248059,128.6047680167335,126.95541403703854,127.84191164272407,602666
128.95919211483587,129.60138916105447,128.73658249110304,128.90481331977145,51973
129.45948110898652,130.19757529561696,128.53404796772585,129.4297056585966,304388
129.92415934185038,129.9783247076223,128.73058331066056,129.66256187984396,329275
128.8661588462921,129.21381270461254,128.4176977769444,128.58246120591548,536363
129.3712083276143,130.17129683711994,129.1790657852775,129.3794934810271,898549
128.49321108076487,129.5748881426878,127.57705655727322,128.4185571374573,833364
128.38478585274012,128.8146849594504,127.58418509899211,128.30048351718142,687259
129.5918429542376,130.8184133854459,129.4720507498025,130.18343335783266,403470
128.9278698667671,129.36438891724737,128.6011750393325,129.33890622112955,700668
127.17898011951905,128.52719027508775,126.42334248321373,127.3330693533068,716590
125.87092111512165,127.06355626388596,124.98604468708729,126.01245797433242,663015
126.9790760196786,128.1698051523957,126.56676958348226,127.28437584877082,28653
127.81310976883734,128.60816080942445,127.04013070136732,127.62178363935,47262
127.4707004200097,128.70176747242184,127.16908300907934,127.47016034907614,222735
126.78108784198247,127.16341535739012,125.6436369518827,126.83554964382915,926381
127.14516816132874,127.75353832523099,126.44284815280697,127.46540083247457,318080
126.38904637665183,127.43483816415193,126.01026660079404,126.40030734571425,291179
126.1338130751931,127.81217634572532,125.9406901359307,126.7999400141867,210659
125.84765114703002,126.06738050475418,125.69671729018845,125.88867985671335,958156
124.7919297951934,125.2169611690562,123.47416481670999,124.77616216378289,554976
124.0556515815791,125.30455448636032,123.44022461833109,123.99565876588655,81344
123.15692731149164,124.31368951970668,122.68875404452166,123.54339619921446,243129
123.55096149447638,124.46047998915657,122.95696055670669,123.49543381362382,252809
123.54107667854369,123.98746132717706,123.15694168168906,123.79893283821085,634944
119.13398998427029,120.15959807781715,118.57656579538084,119.32789060680851,545277
118.54983427549324,118.63772420187574,117.77555330234237,118.37985704584841,125215
118.40406063462451,118.51529699850633,117.3340626026518,117.92901573666946,963861
119.74161518766527,120.60141648845106,119.58418022082752,119.7293168894498,991327
118.26146148350163,119.55706660980636,117.35353360016316,118.4550396333766,181919
118.70467811719816,119.20782472448684,118.26344570672948,118.6599028832412,736949
120.68550653190647,121.09105182691111,120.095006931965,120.45927698514585,774092
119.0475847075475,120.25383983206409,118.55646659163361,118.89991159618008,248706
120.03616155364328,120.5661992175225,119.16123927373599,119.38120928977713,523329
118.26967455779447,119.00794930831215,117.5833091568429,118.4391224656951,998491
117.91418244226733,119.1029780988223,116.94902187762227,117.85472909679619,806538
117.28591782843856,117.74793585960211,116.59269257203458,116.92370736938923,540023
116.42775886927598,116.7814567572384,116.02127247853458,116.08272404408319,715227
118.83243783885173,120.18607092708274,118.60443924437853,119.29771753013225,131663
120.32062325810176,120.66608374761911,119.880834276262,120.32143124539934,731771
122.02778646442925,122.58498917990221,121.50769411753564,121.66655341432364,117494
122.98577612434585,123.11399177157955,121.88708956596261,122.27884713962935,746421
120.51185177771707,121.18143867590902,119.93986271217702,120.34245872353692,500821
120.74188476913531,121.45962192298326,120.14378622868618,120.8307831889029,863407
121.89986522575118,123.11185892721713,121.8224421596597,122.14640630234965,255743
121.65802710120226,122.57919365361792,120.30416249748723,121.1205562419577,680869
122.48591832299249,123.30100748382465,121.08668208031911,122.30765697103652,36407
122.9755354756841,123.9460937334888,121.83341843750138,123.18447283031051,288706
125.44871329992546,126.09962384623591,125.04127249379259,125.49970542818696,835298
125.06652077349382,125.92055851013835,124.11331249362746,124.9889809801894,47299
123.77142202254403,123.97725432796744,122.8146729516495,123.63695282731615,627475
122.98130260241018,123.45515793815753,122.3824544330972,123.20297399054422,250485
124.84335161902197,126.05758819185473,124.15284092842752,124.99689540993441,418864
122.33870834935084,123.60645641950893,121.47632672004276,122.74448555437789,481109
120.49381811584144,121.05038396547474,119.32388809657822,120.24376824428067,347828
120.28110760748919,121.3531734144449,119.97258858602046,120.36334428975242,929178
119.95556143594288,120.29209769310631,118.97575246915612,119.8437899284153,627581
120.20599572998597,120.55261241173852,118.6664606237796,119.8650375907973,307909
121.06882486686474,121.36757270449874,120.09025813406855,121.01560942831581,424583
120.3335994158903,121.16755611205663,119.17726707991326,120.36079384822358,788023
118.18504295342123,118.21472226314107,117.81427469341604,118.1392234880278,177242
120.6067175523559,120.93224897446969,119.7730066447471,120.59147633238977,500736
119.70442161673273,120.40698423268687,118.71512610263596,119.40682041651081,23704
118.23420365753489,118.39825914518735,117.20585885275612,118.16074586374235,465150
119.35398667417019,119.84481184498605,119.16026064903446,119.48408118541177,797964
119.28692967690813,119.48192834666457,118.62302502918142,119.03746309004124,301251
119.26671723711426,120.07980853436344,118.05763532441587,118.97392612728595,419818
119.24163877951541,119.91275701694444,119.02450043168102,119.56166485525428,234275
121.2469011177458,121.45328228822514,120.18409456700368,120.87634648585946,29986
120.57387600038237,120.70830765165205,119.88968331418324,120.48599068176571,272766
122.41285460002788,122.87133474344404,121.80373694674687,122.34354210188397,106141
120.01133938998802,120.04248632165572,118.96558432473634,119.77021209872778,146958
120.55888237779077,122.00253527305584,120.35953855055581,120.69574565435212,286848
119.92710682785831,120.18545786110019,119.3803257984065,119.69868235765612,162854
121.27327653246036,121.80748687900686,120.71757162282921,121.36473103955443,895040
121.1908410264666,122.19613018416224,121.02160372451793,121.54939976607331,799822
120.50535635467827,121.06916620842283,119.45783156160022,120.74630712690796,713182
121.6993332471815,122.38527878638483,121.24496777736175,121.56147722392963,506530
122.43242889129394,122.98345347005079,121.53145001831109,122.66437946575385,377990
123.86421478544987,125.05210770724845,123.17358659891282,123.46663342846233,355864
122.50474024257862,122.70606072986078,121.3447873583786,122.21404595730876,820933
121.9604899954413,122.21095681739166,121.61500304697614,121.63610131245413,709966
121.67366805513538,121.80805667608996,120.52104861615247,121.64331109596375,3028
121.66800643651936,122.41741861495112,120.58315076247365,121.60529176210856,417443
122.2401635026271,123.10201570468533,121.83160638025923,122.53270097800713,181988
120.3396925897774,121.21292538152596,119.79748143325062,120.10050438611881,868180
120.60630676783558,121.3908789971612,119.74666604342647,120.51475569575783,224721
120.31416385875978,120.68607406328275,120.12713202607665,120.17780876486457,820391
119.58869519429626,120.0111720996755,118.5778909404758,119.18624809345837,877787
118.17302344881224,118.77122409745637,117.86846383273779,118.31641418358956,106441
118.04487163567016,119.33251374494822,117.54470729223274,118.07465987686638,518029
113.98415102957149,114.79030016987511,113.56020230923268,113.90972903725705,684866
112.91335620805569,114.33261469069981,112.61922887250923,113.12499846567019,870452
112.10769504189196,112.99340188752979,110.97379493608597,112.14977337247424,845508
112.8713287447577,113.41415516166882,111.93231513365147,112.76015854718958,475966
111.79387244625184,112.08391568501033,111.73122192442122,111.86668004073806,981743
111.92972571116624,112.55704246427331,111.37259465125466,111.63746120228058,971708
113.04127410911944,113.93011792031417,112.18528634629492,113.38390315751016,9972
114.78559236583179,115.32727225029795,113.62294537386063,114.52841394709313,313089
115.73084118405316,116.23689775379236,115.48036944875324,115.57800418889732,415698
114.88235834389508,115.14631885678865,114.0671744344712,115.01320394059084,552817
115.43720854055356,116.66673352596659,114.7682398338057,115.6510261395295,863940
114.91227819351231,115.95187173472652,114.81747442692304,115.39237570017508,140354
114.99466492778234,115.26505534645088,114.55878836272227,115.17783800531369,859679
115.90447586972007,116.65151361193496,115.13117394857028,115.66223827813955,28011
114.97239903181296,115.26499785676198,114.3808113790645,114.98529709961136,690769
116.99808426090256,117.78038281012552,116.60539112740759,116.72658269309149,659718
116.40697861915915,117.44250482891016,116.0914047145085,116.55147239110704,267000
117.45200915819801,118.39854426730939,116.91889894614195,117.28614165168392,389091
118.84695597916222,119.55537900428536,118.44371148421732,119.01774611207954,719727
120.0317306178884,120.71601062604196,119.61846045013903,120.26397840127166,894363
118.5678864901179,118.9637081406781,118.0222250694458,118.59329562958969,224012
118.97556031155985,119.47142756345288,118.27016494067485,119.1340005530145,658276
119.79305278422189,120.75844352487539,118.55646777269708,120.16383563849456,376699
121.20823815797834,121.78256254036312,120.28552029284151,121.25245036637784,607254
119.94755896711303,120.25031722760625,118.84865811224594,119.92203106448176,680926
119.45084445765306,119.63822051578269,118.7246992636099,119.1485981566138,751537
120.57703928359285,121.14058401718502,120.11226063523578,120.3515472581465,134426
119.74162919006078,120.18436274552198,118.56574219789346,119.45018431006844,738393
119.27623843323866,119.46420574766988,118.51491177013511,119.10464258847449,362529
121.08904918997524,121.99621359882498,120.13838436099655,121.0085512138237,381971
120.66550625035109,122.21070563672274,120.3815683288924,120.9628195322243,228681
120.13488820768634,121.08248393115586,119.2647146250504,120.09888923868677,897230
119.20350786939998,119.54197859679518,118.52868702494675,119.06139766690416,703218
119.81838476095378,120.3994213657347,119.03798511777568,119.4701441172473,647126
118.06161580342922,119.19752047564619,117.44001159071455,117.89978925455323,309235
117.91209099529591,118.08647131303142,116.85914615301378,117.62030244584172,845169
117.7811023653672,118.89192505929739,116.91865920066351,118.02470485845306,900788
119.50191729146907,119.65839793902192,119.03576928812288,119.5799833200494,363037
120.49632779340625,121.70757048228747,119.66662404372543,120.3929461986659,90633
119.8258582457683,120.2702991152654,118.82830502276873,119.5482784546771,333535
120.94235018174558,122.3913687582539,120.06974984560274,120.9774889755474,731525
120.60785693364548,121.85624354226444,119.64772846966584,120.62774747432653,957302
119.32199071266466,119.88050216540054,117.91497686787447,119.15823386210708,625117
118.69742546332661,119.30337828005591,118.26958191785616,118.96530459509871,834159
121.08868817499211,121.76488693500688,119.56848283704458,120.7006585993934,488653
120.69976309309746,121.45157139473847,120.05387172962945,120.9123599325365,603467
120.47552786234688,121.39859665307551,120.26884048241406,120.93959471697396,875919
122.95069901336397,122.95385395734962,122.5734101899377,122.94822357173491,234971
121.62480444113457,122.04518102638083,120.43754709352537,121.21305370930638,483581
119.81705040998337,120.01697266330117,118.81844563804523,119.67668088172134,522988
117.94711780246821,118.73204916252615,117.54041282232171,117.77020562708003,760263
118.23149986897496,119.17418491303515,117.90152902447718,118.22171447742515,291835
118.39445961368516,119.28586352160718,117.99184149111633,118.43055191588793,906430
119.91216189968345,121.00878272518577,119.62318606824758,120.2838170917544,108239
120.04417864541898,120.8834849229235,119.96731976333255,120.58909332604696,208341
120.16186868017651,120.83672204556999,119.91557515406382,120.11471828689784,646680
120.4442366471598,121.33290980809576,119.66584025919745,120.12888650077265,797278
120.36518445697328,120.75532332011457,119.59002390813146,120.28239800247289,307611
118.44765155843749,119.08217080277443,117.47593969323168,118.30010777591895,481705
121.94747604411825,122.50399740332033,121.45144868898375,121.56243492196508,465530
122.2886246204656,123.50993334449262,122.09046191479604,122.20826856511317,668353
122.44738792878331,123.40270634565367,122.02908142452846,122.477432892417,217803
123.04375705568361,124.08697223245089,122.42730446652162,123.24551607987667,348533
124.63741096465202,124.65611669709085,123.13900165683746,124.13535481661371,738542
124.10395336189094,124.78882251532147,123.08659520977415,123.97339752760634,342944
122.9730971036951,123.76434363892565,122.49393052640045,123.20561115589027,70967
123.66842833417408,124.51771506680473,122.91646667106833,123.9587813679304,816625
124.76215974417457,124.8008060185983,124.14295620660975,124.45027150212304,409426
123.20261425676213,123.6731869558768,122.55912241111346,123.45877682248857,750205
125.70004547941926,126.3028963028469,124.63298730630211,125.23571299444278,283329
124.92368215218521,126.66421926029054,123.77277190272412,125.61619488802708,63596
126.90902993112371,127.3187463798529,125.72885246726337,126.54897400571217,632800
128.46055653873302,128.94873026703107,127.99066420342744,128.33558467819853,736435
128.4069653868607,129.73511406836357,128.0275454657254,128.3765159091841,149439
128.75173539362876,129.3262276324903,128.236635055376,128.79693241002644,74207
130.34849533321952,130.94987524793862,129.81763008942318,129.85744463993376,84479
129.11478010847992,129.71571459494254,128.37676344396036,128.93245444038496,495222
128.78201053175405,129.13936829760218,128.19360264464504,129.01506427506428,535743
128.74592878325572,130.05762315519664,127.9220088303348,129.19006094722002,783569
128.01898929609828,128.4083426200686,127.09873483994062,127.97361056707841,672641
130.98702871251186,131.6304292612763,130.29322326927934,130.98730932231183,891422
128.77711807815342,129.98780750542494,128.76294976978437,129.16976005756734,352585
127.50246228435057,128.89729737441922,127.33200929078413,127.51658947124716,923001
129.0681044882482,129.3516775805059,128.6570632023234,129.21642805469367,662162
130.15681306525386,131.14534710427947,129.2489270087745,130.15439477881802,515532
129.02582060185958,130.00721289788018,127.95550296837065,128.8387663966137,386413
130.02352723991606,130.42469606843548,129.08535995133505,129.63653368046363,791700
131.80575321807916,132.70183615291845,129.97737629525437,131.5665943477689,245504
131.3501410913234,132.84616978850892,130.07805401800073,131.53993763380169,660408
135.11635565271325,135.48185706507272,133.83942292752366,135.01673621944028,755170
132.73893850935315,133.49879053556128,131.7795974955721,132.72218707898378,695415
133.30350832018246,134.49022683831367,132.45361510508639,133.6596119985986,603038
135.34915745444857,136.24280521556463,134.40879751286818,135.24144230210104,132318
136.97268806860092,137.97366739006682,136.40929769435434,136.4659429857818,487839
136.20980425797367,136.95881032357372,135.94952418323905,136.20097118800848,237060
135.38649993468047,136.70784397307122,134.79979040120097,135.81954225835347,48423
136.446022477492,136.7551517274222,135.7032341718282,136.43776289794806,631144
137.23512980800706,138.3245990859202,136.6001935801703,137.56906832085187,29283
138.65329844656034,139.14842607577472,137.6090957870729,138.4142278677244,620180
140.0221464072968,140.20564729029303,139.69209218916757,139.8753150950969,212177
138.42391731305366,138.95210017232574,137.52180962556352,138.47124957039125,651604
138.07851352915992,138.9725700093351,137.36238137749154,138.1700274805877,197563
136.83287517465388,137.75440615385327,136.22565874920542,136.89098109819557,504321
136.37934055456864,136.54226240204585,135.31580590078377,136.37708365175442,356924
137.56964085408646,138.08376775356183,137.31329360596933,137.78244170771174,243225
137.56223129857594,138.9347126103122,136.972183495615,137.9450987702308,421337
141.92505991075808,142.851042055776,140.7737384954778,141.6025745058799,52866
141.78152651158192,142.97796614847442,141.43544261542294,141.89089629155552,187979
142.03725403111463,143.3302889348393,141.8464029417653,141.98981719146647,665994
142.23598941940705,143.17669008218977,141.93583740984198,142.15488097578154,167479
141.3561964803408,141.8870705773988,140.5863181188922,141.26521589517847,155140
140.86617486350843,141.95229326248324,140.26707936545674,141.197655562002,458862
142.3346950672502,144.23859304068907,141.63082126952864,142.81335979601172,440366
142.82216136461508,144.89133881007626,142.39052858923807,142.9905162606641,265062
141.98690300111178,142.8940983724058,141.72377785199254,141.87462015440704,940809
140.37759570600826,141.51104899038592,139.61800905784094,140.58226939475858,296855
139.865430693587,140.96932843673673,139.23597597115173,139.964783674571,523884
140.6782052374079,141.391637668137,139.11375315697103,140.08221218203357,484444
141.25512742612113,142.98233007113063,140.86569471685164,141.7784099542796,347621
139.69329225788755,141.02717083288954,139.54486031587572,139.90455765230817,948719
140.0008128068299,140.84965584278535,139.07938029211292,139.47176736396253,485551
139.6746926899201,140.25231828972784,139.14454449394182,139.68715241290494,646674
136.96908873642863,137.2228235404141,136.23168448861753,137.16275848192294,165828
136.35572092021795,137.33710585670906,135.4523487499394,136.0377275851333,424603
135.14439850434997,135.90642032380535,134.68293007162964,135.1294719849116,238312
133.97816076510068,134.44517404363665,133.94790142764174,134.07155726296332,630285
134.3941937855355,134.6106005852955,134.25275470690212,134.3425071376283,582595
133.96383582254222,135.0772703296849,133.14641202804074,134.14039377221337,159470
133.13944660275567,133.43712284244788,132.56465747508273,133.4109354718239,671032
133.96606368187116,134.78694201647366,133.44233071657584,133.99650686485845,169119
136.06332980832386,137.3657279567293,136.0123404652658,136.33900645044622,709079
138.6091955032349,139.53090211254855,138.31498758503164,138.60623118394093,850325
136.07658988060217,136.59746122192894,135.28190440222778,135.9802053249748,614368
137.01421986010774,137.1857447484979,135.98016086625088,136.78085518270518,408831
136.85926353596454,137.7845769161638,135.93574991134133,136.55122446022133,524042
136.665941648111,137.95342869594242,135.41712267508814,136.77693243625234,830128
136.38296789539612,136.83054951067547,135.80087387212157,136.24688053054993,757777
136.55520791474603,137.4456468183738,135.21205447269298,136.42082700304633,453546
136.7307851915815,138.0631645294691,135.86909331458443,136.64119810739925,76051
135.7356985523167,136.6834262972104,135.01298735457786,135.86598300067212,288235
134.39013873996413,135.18002757093151,133.3422224745268,134.66703242283208,815047
134.2121622972773,135.30230872150366,133.65820458597227,134.07754793259016,209235
133.94662181684228,134.78007565383552,133.4091757814988,134.40544506150303,146397
135.1540288032854,135.37594933922665,134.9743583754455,135.22646676353773,660574
135.7023718935227,137.41339168808426,134.64312836187665,136.3989973136095,167988
135.37735630227428,136.25346648901896,134.56421000178457,135.74016326855255,251647
135.90078960679415,136.69103988797224,134.7737127087134,136.13961496009148,921390
137.77156837347385,138.20130243143043,136.6981970308988,137.47003494318218,865146
139.28708801335387,139.7859513788543,137.93989885638052,139.09566233053494,155746
138.8737299401512,140.30807506418847,138.49069777454778,139.02775453065368,590658
138.9371879148437,140.32482256470755,137.63024238667055,138.73480995501518,986521
139.26090431501447,140.70711988087643,138.4849551405501,139.01412006460754,52162
137.39459689502254,138.57542832980067,136.7065802874248,137.43876005011106,90437
136.80680456817024,138.06447271137375,135.82383857422573,137.18664094296932,886403
138.16827055734737,138.32294072487178,136.51252780855012,138.22574822659618,530820
139.10261144643815,139.74722936081443,138.06488390043387,139.12985095792118,23856
138.42616086275007,140.3599197973164,137.35432178295278,138.76821184674642,738382
139.18667348349032,139.70070869557514,138.6167105078449,139.08457239100602,489294
138.03332566813413,139.35049948865932,137.2013650386188,137.956122151431,284988
139.0676200702091,139.78591927167372,138.28918888002005,138.94394809062467,555924
138.92720306026797,139.34876753815783,137.56913526964993,138.84974625773373,823885
138.68310268427223,139.6429917732759,137.84918645452677,138.4809639502021,752494
137.94525630741535,139.20893220134474,136.7057318868659,137.99474895979094,284692
137.97743862272551,138.64704480107156,137.77074489626352,137.92177750136173,875840
137.20993444585088,138.51372964096024,135.94810633839833,137.3191691766122,195969
138.07812752099386,138.24021097380822,137.74455873118558,138.23972954797102,66011
138.07671506884586,138.19315615796205,136.66683824335047,137.70813933560822,326189
139.36135553566712,140.7190070208909,139.02591155263022,139.93333828986098,885784
142.26197376101948,143.1769094784939,141.0394465011523,142.01295121388736,554078
140.59184436350384,142.04326266192797,140.2948808544596,140.76654715631554,71483
140.66745988900402,141.8532154883198,139.52672516579887,140.8787888290879,27001
140.0523552715243,140.25110535202342,138.92427871370242,139.97912449710904,255419
139.1208749487485,140.32345092620912,138.67597505410833,139.53658502540546,344847
142.1407438234188,143.34155110600318,141.18353201800002,142.37310329764972,31225
141.70900049296526,142.03846395258023,140.5976762896159,141.95007135979918,451606
142.41349338711944,143.17031418586217,142.09590519599615,142.4765815210813,537736
143.03384619052238,143.8363448872556,142.76236917092845,143.2642545634438,391438
142.30628713053864,142.7383177445868,141.59868329546205,141.85204321655834,530007
141.16383982923398,142.08088687991247,140.46687440017664,140.6583092195336,685054
138.4239670730988,139.201585885166,138.17871835978585,138.98602475671998,512731
137.92385157569979,138.7859637173939,136.7027604301141,137.77386469035122,51445
134.1460634812999,135.04195439631462,133.02239016525724,133.91608578775924,474563
134.8070616857351,135.91939383642105,134.64897298006946,134.66082401616995,940988
137.28843076540085,137.69341129995925,136.81210868613806,137.46937166215625,335588
137.61928080436817,137.75317933617217,137.4092063162336,137.68649813069388,797587
135.56062934499482,136.556220655069,134.5324574713545,135.76380657598872,510220
134.7940440921884,135.46611441134434,134.30190257329542,134.90743757928914,352814
133.97822201185633,136.14424844473368,133.9290898222046,134.30322642628227,14899
132.92627822634248,133.8044676198675,132.19378860778212,132.95680213563338,361946
133.71570966315457,134.81281346871083,132.80383854690714,134.11881764049124,715404
135.1693392346793,135.829471150462,134.88022489965587,135.2234650104614,804302
133.34955344652312,133.86329572404412,132.78878493686153,133.68338269406055,795011
134.72538830590167,135.6269227309722,134.3609120406027,134.66968451751066,251234
136.56946172268627,137.40659610878998,135.37691776597532,136.755290161082,288494
139.47699808702197,140.14161420503544,138.87939546458736,139.39598661845415,596564
143.772422904541,144.53202005626602,143.05545003402597,143.46209123827256,1888
142.64011119742779,143.44797309301188,141.49906335845677,142.18811028494193,359911
145.53611537905869,146.30754060133413,144.89905257186211,146.27568659299712,602744
145.5298558098655,146.8679733931625,144.50161749781006,145.7730618643718,357029
144.83860175422606,145.28306785407736,143.586017005843,144.92645213392012,516236
145.5496612655822,146.21713795315418,144.15490208697187,145.41578340491617,545781
144.10905352722222,145.86699492214206,143.5536171843963,144.58629079974293,786898
144.89376555202188,146.6798337030237,144.0366695345777,145.17892378938384,437467
143.32672974865403,143.34127502044305,141.93306663173018,143.28937214520735,326430
142.9862401730247,143.71414515647146,141.5922504827703,142.96196859278663,729632
144.9355868498299,145.77892928203232,144.48264022453446,144.8262087655061,60605
144.88651899845087,144.95568926010156,143.7770805585065,144.7580677166167,388120
145.07585854023603,146.15054772668705,144.0687267743644,144.9776812686288,788536
145.73933218308923,146.51886097889715,144.54961661241538,145.68290764387407,883210
147.42955728310244,148.2525796592247,146.1260814650036,147.4131237348978,550741
145.20047977903636,145.52679480603382,144.7354983938949,145.00768826127165,738460
145.21905107201886,146.78240970122917,144.79385476081822,145.87236164372698,923271
145.945683180067,147.04241709988702,144.37265098512978,145.49629358324538,378701
145.11090024131542,146.53795224503472,144.3209031118098,145.75352228879186,569696
147.00341783872918,147.8308507449169,146.75619871833695,147.32138506588234,754118
145.5210867610753,146.12459100901967,145.5209190227658,145.58711366082676,992448
144.32857976395812,145.1456508609646,143.12751332265714,144.13468606815286,121073
140.53904264211926,142.11364827668078,139.48256389172238,141.38602037341207,593634
140.6178662959671,141.71062912602991,140.48406320919287,140.62577630574188,550488
142.74932962926312,143.25740663163052,141.340871072975,142.5234598640698,548005
142.6491052960165,142.84094811382357,141.73830581497523,142.3659342944941,310249
140.28889935241295,141.33871683915646,140.0177801665037,140.4848278264375,670246
139.73403374948137,140.3169469784607,139.27024079516318,139.81815822098122,344514
137.59726313614902,138.7797647106088,137.41401518473603,137.76703293528135,406963
136.13221363672395,136.92348622128657,135.70308854525283,136.23920900510944,83551
136.5013676760363,137.73626307479825,136.41855312719667,136.78364166238143,669404
134.96042651540833,135.46547660025334,134.31551796169433,135.2008818685475,188791
136.84602737676505,137.58912303515908,135.80278346958357,136.72724505703445,114423
136.67967132435874,137.07634448491717,136.51283539722175,136.64370250053878,902250
136.9088619867131,137.09216639252298,136.08353334134276,136.7743890981839,897216
136.46620219403832,136.79599683960936,136.0550591212999,136.40781572317348,75257
137.67353693214812,138.13702435579893,136.51663284953483,137.47987217044715,80078
138.81803965656565,140.03048801748662,138.30536207870952,138.5746432735413,633617
138.56924298623898,139.51072114767112,137.5804590750143,139.05362701268027,95439
139.61623428081876,140.02097500820173,139.55295045929634,139.8551935638631,384391
139.50825845669416,140.32576232293027,138.89858240065496,139.57284605848696,34915
140.33933803162532,141.05971807629578,139.9361086390246,140.34570341815794,427545
139.69882163422977,140.37923166431892,139.15149684756426,139.88629460907754,849048
140.1585964544529,140.7915988726596,139.84578991649784,139.90340601857125,807402
140.086188728262,141.19688746733496,138.1410464411587,139.53364988344526,444463
138.96274271745747,139.9371657691936,138.75262108713406,138.9110228221366,311643
137.99413088643237,138.92596255976997,137.78086640032694,137.97085767733282,560228
138.86703028614494,139.06824356471853,137.19189389623287,138.63150748377166,666982
139.9502198915223,142.39325609506352,139.11498229728025,140.47442542662301,679916
142.15150177314874,143.31057052331295,141.96754427841458,142.1434084286922,81056
140.65737522121063,141.57883373915513,139.73482236015315,140.3824962350453,984123
142.03531269621402,142.43258126678472,141.42558185937813,142.2182491670675,987027
141.43286096028805,142.89267886297594,141.42395740630886,141.78066611237944,603776
142.59620696367227,143.14800632948175,142.2076020382222,142.64921701326708,114349
141.35932560331423,142.00097104243315,140.66371645421654,141.37648458973803,204483
141.3341969063499,141.5975064840547,140.09056144881004,141.5915118069564,350206
142.64614108695625,142.82809347808862,141.42083616609995,142.05061907307615,464831
139.83729485549767,140.85531065287873,139.1857838964383,139.97130236727403,296817
140.51441839060124,141.9687290267382,140.15547431063234,140.83937972554023,466545
142.73534482994128,143.76922148801086,141.55240106013645,142.76207597767385,544904
142.78600424846505,143.77871780180914,141.4287622622984,142.52721455267695,512048
144.49854957968594,145.1929663503081,143.42888822955524,144.49351708751556,523129
144.3741831908591,144.91990012738893,143.46454132250835,144.23410478216869,998058
145.22568932365172,146.33274383246527,145.19602271941955,145.47926276115598,354376
142.72487300128708,143.79020356208358,141.12606094565,142.30147248823317,223793
145.9637673536654,146.69571532957755,145.04589655962204,145.7999724488759,697858
148.3216793014207,149.60180753384228,147.4085031030348,148.01153546558214,48266
147.71341519466353,148.35667642425187,146.66900236852996,147.6056156747102,498725
144.97647334394838,145.27500356187036,143.9166551761294,144.73768972412606,189817
144.9162109815329,145.89102813697687,144.65646229267338,145.16969252482562,406766
142.96227608363512,143.86393004597954,142.38505068053936,143.10292061533326,951470
144.14243937569424,144.82767953057458,143.6529180994515,143.75531189973208,186557
144.81295105392647,146.09338234236102,143.60354404333424,144.36261420393956,974577
142.69614224461864,144.08491310834572,141.41324923013659,143.02425865868403,502243
144.72324660276274,144.82559155906566,144.5950398853589,144.6509974601262,87042
145.70986446661277,147.23603192832357,144.92508800842322,145.83555832611466,284628
147.07503105936092,147.7552179755521,146.0447064007031,147.28034913569417,979499
147.39204384955264,149.0801357048552,146.21081676826697,147.30812544640156,903091
145.58361135799976,146.18604849210973,144.85105293739443,145.25215670470735,104618
146.8266859063962,147.47731852834622,146.4457750104005,146.6941734000477,547230
146.2192230692993,147.0179407259898,145.74564180067736,146.31272054088797,896791
144.45638725696227,145.34560534878662,143.07069544650324,144.30779029858834,713554
146.18144632902892,147.01808415000752,146.16263761023382,146.28676582944655,3370
149.52846994605204,150.2162731603273,149.20331500948313,149.40532580331433,79168
149.7757951823983,151.11280700014814,148.81741706242093,149.35864672795415,320385
151.99971985571386,153.65596573890082,151.68462651181707,152.63380943893782,275343
153.03215034282536,153.35712764776545,152.04368703810522,152.78852833201887,130862
151.75500048836216,153.32292320058204,150.3522413320339,152.22356133085262,844565
151.6536491388587,152.65036560326897,151.07193957491072,151.2820013900307,43593
153.59843233917334,154.31176602626104,152.8978850232501,153.79437424927568,202929
152.24281695654432,153.74023336117463,151.48537132423405,152.61448553824042,582058
153.96992711743468,154.6669924272438,153.1416767523057,153.75612331539935,517855
153.02543799839276,153.68880014789102,152.87358436259782,152.9140645493082,854339
151.92282370795428,152.87449145483617,151.45391035250083,152.22703021769482,510962
153.43336652964385,154.17021315972798,152.95841493283666,153.81883645910622,959898
153.193238550473,153.77480427164855,152.13612678992467,153.25070188957167,741383
152.2792677348111,153.73669326296283,151.3261917115064,152.64686793814877,460591
154.07354377856285,155.1629551251403,154.02049429278534,154.4013294549627,466043
156.93950863649576,157.11911659925468,156.30093878654847,156.90322608645616,111212
157.6287378378316,159.18053828202946,157.07715793983087,157.93382544199926,359269
157.05265576193645,157.69723119654444,155.21401247721897,156.91879170192772,213904
156.60053363299787,156.8096381800311,155.2176087135775,156.13520587873356,466164
156.2292272050096,158.0912748371603,155.95306318368293,156.27565839555325,278194
156.83449192498568,157.1231430183132,156.37510081704073,156.79367819752562,418401
155.89460972736316,157.08540673373122,154.66790664638614,155.2679183698106,749641
156.0387669205341,156.8313384296386,155.0889429170232,156.41027295038444,898259
156.93273591532156,157.7813466251793,155.54918100540294,156.55973697764952,366186
154.24156616416832,154.59531258072892,153.0498009784815,153.9119306434904,546678
152.7646454000254,152.9605030356404,151.8375214584876,152.50407165460715,614115
152.14441561918628,153.14348830026387,151.05551733092716,151.75236403900433,445667
151.74210830186473,152.68531776875457,150.9573982135919,151.65700598328246,17224
154.38472174443626,155.86851522089557,154.3308832079948,154.5649226492308,609823
155.28819084606096,156.04861447703092,154.20273110514594,154.94898480552123,886627
154.01520559800466,155.81118544021155,153.16482412004544,153.6670445687314,447378
154.36234210539274,155.25842167616497,154.01546376053557,154.02185710580702,698080
153.5095291618295,154.53809275101136,151.61498310273373,153.495867390377,854193
153.78996542693602,154.15298393685615,152.87738948739522,154.01056847529696,298208
154.9820888878833,155.4714831225898,154.14209217600168,154.9227961369192,721834
157.1187512036098,158.14929923634068,156.21371244879913,156.8232241052024,153365
157.1220595660353,157.86796774535628,155.67331861316268,156.80082116241684,187740
159.2708526082201,160.29463378494378,159.02986000499098,159.40784009493476,189591
160.97945107512277,161.39003218069496,160.2245097801846,160.87797796745335,836533
159.34167451423485,160.61710094576526,159.00012765027063,159.75985497848217,995548
163.66772418408752,164.54426921387252,162.17562611352747,163.34594896556908,211144
163.64057996544093,164.13642064264533,163.22824226737958,163.8973444156104,1864
162.80583864992846,163.9337004421909,161.20073418170816,162.5505512667614,66443
164.89632014026967,165.2927854105709,164.1209489778574,165.27622558546796,977534
169.1112278802021,170.0502542036996,167.52716645854434,168.76309799282436,433566
168.83284711616534,170.57128147578433,167.67822543181634,168.72424431770244,12772
167.63101950984165,169.07563584725978,166.26017753799283,167.8933890930638,723997
167.8527651718296,169.03157797669056,167.25315420783767,167.62099348493186,586084
168.64085510745193,169.2298446121488,167.33947562697105,168.84020868994585,12058
171.28508139382689,173.05054861409107,170.9281657182705,171.02869056071205,345991
171.9300698522091,173.5949866718161,171.04817514127996,172.02437756408017,891324
171.62389008826315,172.6419186904483,171.04685037494087,172.2166761191037,614099
174.48988621084337,175.45855816391668,174.3526715786043,174.83340456288568,20327
174.15469948302353,175.83234737696304,173.75075921708736,174.30474613608547,513403
176.61054828799956,178.44525674931128,175.58646427751904,176.12859387019662,263490
175.95607892667275,176.1682717338827,174.8648951489744,175.6395260463411,7819
176.98879707262847,177.3408043727644,175.81154345034003,176.4158472987274,951760
176.8160920821416,177.6239011054611,175.3097651791834,176.23324109472296,642823
175.96405749836484,176.4190211818108,175.52247128760393,176.152452830128,249166
175.44031847323615,176.3940398498228,174.81409708166024,175.5064798037272,108576
177.75418383536515,179.42285340140563,177.01956102358585,177.90051765824686,729604
176.3818628968929,176.73988920046477,175.40359816964488,176.61906604879317,974741
174.68828084016735,176.27756293499013,173.36998841888635,175.33403423298066,395326
179.1052033441025,179.69343501578774,177.75099086797863,179.11048628599372,593249
180.42350459200426,182.68297840439791,179.3928439867879,180.8885928946446,976778
176.63083027603307,177.22416816489306,175.51968828199745,176.64290271672408,187446
176.40812848141468,178.09405730717955,174.6221194958622,175.66479558786938,141650
172.35193253095474,173.08109059496954,171.65286042949745,172.52768479141434,922907
170.97892107914052,172.22938010601132,169.59601855161165,170.9123425160143,953206
165.94846963436245,166.9036419519294,165.27430613386832,165.64810046855808,4160
165.53061974699656,166.289607765185,165.2485450232704,165.4378781537809,620472
163.6714631188243,164.10165953181556,163.2689848855678,163.57577646253296,169626
163.57152107811984,164.66727795662604,162.0651316547803,163.69016450609547,827654
160.99290956317216,161.6600757720067,160.33063293700067,161.06760562365213,508850
160.90778540538307,161.6898058953461,159.97091800445492,161.21732606414417,832059
160.83754259593388,162.3523376288576,159.89498252151444,160.56585072272978,490694
162.44420840645748,164.0947982356834,161.35826952523354,163.01197640011543,204407
165.66663307509876,166.81485473470963,164.4836993173221,165.3455028957667,132235
166.19791757396774,167.30334545844735,165.40112753338775,166.66581464358265,268558
166.45881533764532,167.1982362083317,165.00234989286665,166.13896219062087,550514
169.36742683214854,170.20840702978154,168.7572017205769,169.48736203046423,504443
166.48100745898847,167.89549452316942,165.462770769344,166.89218597538277,555969
164.7732607052408,165.91438315124293,163.84593132311488,164.58257577893588,699679
164.76667886205632,165.57555900291484,163.6918828555362,164.46118644056426,467672
168.0797271864958,168.66822305356206,167.65209748364873,168.22712060563433,484058
168.14585196635133,169.3702415286146,167.17312541122467,167.9038653732475,401857
166.84721094658468,168.46809469009943,166.28388932171484,167.6132317404879,228497
164.79385728432217,165.34220421988667,163.41127628385627,165.23026222682338,904214
167.24851307248989,167.48364512289442,166.80861031748185,166.81732068247607,250861
168.3564822492314,169.42451353802383,167.06556183659845,168.43182829880624,586580
169.15077222007844,170.20954063002935,169.1113984802608,169.78311698619387,780810
168.49918673537087,169.79691416546223,167.3851296075776,168.73503315162174,735087
167.25407397661215,168.0114520889673,166.83814499042532,167.5635304630272,323630
165.37231138814212,166.3204543233651,164.26448776575316,165.42722056405725,110860
165.45980433307918,166.22252695721747,164.692745424575,165.58258414502552,63641
163.87825332428469,165.55894975795627,163.70447290723757,163.81962826564555,698466
161.89579509555202,163.18950265890135,160.42645223385554,161.91829074423572,743132
161.68834888947313,163.15031726768632,160.06788200123535,161.24983343269986,284535
160.61530532398132,161.42996916993948,159.43440045546816,160.47904301798604,724464
159.7801008463183,160.97319209190144,159.1424853737177,159.63398096378043,169778
160.77013709340454,161.61819156549322,159.2040962805712,160.3963631630322,987836
160.4144309192107,162.04973380751835,160.22991500042917,160.53925621127502,486179
159.6892907491936,160.85894359369806,159.4205435149094,160.09332706570643,554522
160.7898287018536,160.91967163041502,160.35241666819286,160.40262628202265,383765
158.87908557144803,159.03730762459804,158.4810872960681,158.8359324699898,232750
159.06346094661026,160.65488027318426,158.58414675876912,159.01914192759696,723827
159.07298891189708,160.29975052403066,158.48513956595397,159.27473582377914,98855
156.72076712129896,157.95513093987682,156.12073027381018,156.91435403355115,417626
158.76880552407795,160.27217837741478,158.01689077739837,158.5003938756809,89807
157.43459722773952,157.44164953710077,156.91321570728772,157.12516881073384,934396
157.5294238023328,158.14760019291361,156.40579239138367,157.2828598286199,358380
159.3932825929435,160.0773651707177,158.47155459659433,159.14089735003407,991213
160.81974415372417,161.9819604137808,160.16932067543124,160.63692983801906,660498
160.75043497310153,161.22016049557254,159.23060031963453,160.70816142082973,24833
160.08649248643496,160.3662037709596,159.4023622354429,160.1426640261614,835396
162.0747923479892,162.29666529089207,160.84660586457832,161.68341376435126,969245
162.67257134242965,164.16957777621482,161.47081951393602,162.79425056049024,184167
161.92660411818326,162.37553003757927,161.72104856513184,161.8068737582761,228458
160.2836775516349,161.07867646114943,159.49313123153132,160.54183299251767,500338
157.05742931856543,158.35047504190027,155.8987155862812,157.26479837876863,972990
157.44857487153212,157.9802894045196,156.70447081389804,157.52297441143156,36864
157.15540690766025,157.42657799766445,156.9841118767739,157.40850037621126,116595
159.47715531019233,159.51780547553398,158.65743072658026,159.22308245620042,136744
159.38092547880078,160.5836124795256,158.49365825190148,159.81178900957195,795883
162.00667460285587,163.0584195514369,161.760620242689,161.97452925978433,753051
160.90762376502127,161.61453347902915,160.71345437768724,160.86499193716102,605542
162.13329151956765,163.7463488933579,160.36269696335,162.72260757793808,172968
161.73761415484208,161.90654202865514,160.69379668226233,161.88040038012915,753325
163.24383810407826,163.3032734514083,161.61846509569062,163.1603980272716,432521
160.95152916874648,162.84461011171797,159.59162325372358,160.81363855164534,924098
161.14246106705002,162.61058007452357,160.14628628007105,161.2083331161341,534612
158.2701692105775,159.42663599097725,157.41247114495343,158.05619646051906,669175
157.61582933348805,158.12653092788827,156.6474941639268,157.65029681428783,43637
158.36620654830492,159.04496116836347,156.88121575906015,158.3618823465935,395085
157.63406527345342,158.42144239286512,156.37679012907375,157.55476674019854,117719
156.21308888795124,157.61010853126558,155.06635667444337,155.92400589679707,328280
157.05209750478858,158.24098419071473,156.34803942341446,157.2646305888528,882225
156.96473866312084,158.15119504539788,155.94525727477415,157.11771534389987,25508
156.15684339840854,157.06921230920082,155.62530546374035,156.3660287745544,109084
156.3432546219841,157.60146409708616,155.3277390138643,156.44719742534713,120925
161.10134770223505,162.05296824690288,160.17626791317255,160.64311826504633,639137
162.70928347272954,163.54431861199785,161.88306663532663,162.52312125968567,108070
164.06804838166047,164.89566310093963,163.7535490302121,164.44004127041268,975988
164.97597555672672,165.9439266621079,164.36874669058287,165.17433241010428,938982
165.58945884320207,165.88112842875069,164.97816891969185,165.46609816695099,872724
161.27175236633465,162.3530398524337,159.64681912456376,161.564671630248,639177
160.2546270348231,161.33268765602506,159.8833951515253,160.48744297169378,892104
160.16367585000478,160.51820698013714,158.7509203943338,159.7340042639019,501918
156.5904085298813,157.45831587185816,156.2522745548838,156.78274195564288,400520
155.29000877212087,155.51865147411746,154.19729718493207,154.99407337505608,239653
152.35083940952578,153.3404979659886,151.07727702940923,151.96929824116802,212878
151.70339649613553,152.9762959981623,151.6194573348141,151.92626080203823,509300
152.9179381400681,153.76062521139715,152.79454933855635,153.1906059466858,967224
154.82543632466397,155.9406917160006,154.4947322231833,154.9109881133972,232240
155.23170896771637,156.6241352552105,155.06246148432268,155.57042552319948,113012
154.1315720169246,154.79601048667206,153.28492826499448,154.09427076243375,285900
151.09858777150987,152.61233653354228,150.2331342517598,151.16076077040915,910749
148.6502341288554,149.07013762205872,148.27413126617978,148.54311077436975,908677
147.09452242766525,148.479284546113,145.8966244166956,146.68470195860417,737166
145.6389241830587,146.26872539619535,144.85917621960695,145.40119759262274,958024
145.3256836377152,145.684641119467,144.50103318123763,145.18362443009573,766287
143.16786552677004,144.30011554599417,142.72193626219678,143.7330377482822,547623
144.3634087604275,144.60909107482115,143.30331785343213,144.235507640719,851757
144.41109120047503,145.47304322969617,142.48981619289762,143.9152663632052,509555
143.07813946600365,143.97243104397572,142.0303778719869,143.94483781671227,117865
145.81088537982555,147.14779996739392,144.27339717009855,145.6101232257608,241544
143.87021028824896,144.2316001908213,143.75633332643693,143.91607881065656,697974
144.28872883654907,145.6198254352251,143.85977681465715,144.53437802096357,804664
144.76020749609367,145.49452935559577,143.56091398583985,144.52863545398174,944266
144.55446735567787,145.39468236943532,142.68968823185,144.06186052967774,508230
145.58274487758155,146.0529582012073,144.3469480654998,145.35737387180438,9669
146.546508097001,147.5438831827091,146.26494422522575,146.65538269233014,359010
145.01422904832944,146.0736519362436,144.4782523980147,145.28837945202974,34829
145.08041845832548,145.171277507082,144.16820358820036,145.0384653182306,231351
145.71547480725587,146.02329874650394,144.80599745368897,145.46144986476145,573713
144.96707226659956,145.56935040787715,144.58962401907445,145.07937909204293,537428
145.86044570749723,146.34436738053253,145.25815340638417,145.94520571840442,950479
147.19692276550845,148.48613712723827,145.6452908698511,146.37080586407353,569144
149.4144160180515,150.164632158692,148.83257549345524,149.09277758870232,793315
147.18107110717395,147.57315941375148,145.6753716069644,146.84329374045262,837102
146.24989735822382,147.1957173989539,145.71152873946195,146.6782818135383,569887
145.16067402260757,145.87311241646742,144.46647629428242,145.36627679320597,626540
146.28357477216946,146.88858192660192,145.07625420455383,146.26172864080084,686223
143.64165303648005,144.1851734066797,142.9773098163781,143.929840173877,189220
144.9059295112634,145.27662882640197,143.2965575944089,144.4435952319612,545474
143.9556486623473,145.0064990911561,143.27621981954036,143.55074589523468,58408
142.36288465491842,143.30677834153093,141.46615967284427,142.51496104086004,913577
140.98358843180765,141.6240750920743,139.42622837088993,140.4823702035946,966059
139.84333191281988,140.54484414346257,139.4922697711212,139.84452117767947,889768
142.11572115611386,142.80687506256302,140.75226498478605,141.38352705379128,455236
141.40296064535812,142.02126017646864,140.72211214982354,141.36205438805317,10044
142.43031849871858,143.3634243118352,141.4655670964555,142.26637279348034,423057
145.07393050720665,145.99217304271411,143.7394740753746,144.66888556573937,263050
145.43614826199894,145.47755554488796,144.73669362665257,145.0654673041325,767689
144.41889738986407,145.08399167933177,143.57616417022203,144.27152919748082,654542
144.92079403214152,145.0316640040118,143.5043447821642,144.96171391736036,108457
144.33751933577776,145.33441984313615,143.01243511493638,144.18925451431087,602368
143.2439004884977,144.52593019988325,142.18654111974067,143.4781096126508,877549
141.37101837556173,141.8188341631538,140.70311225248463,141.32801686199193,890095
142.34092272430047,143.32074216329585,140.72015887893218,142.65742463573082,522122
141.61583116275918,142.31167261468514,140.47023803019982,142.12203621264302,54300
142.40967361629149,143.53732602413922,141.66735116969585,142.39531254661077,830458
141.29767512450812,142.30498924891398,140.14395495213438,140.94185953817774,412912
141.83392559652125,143.0324585468327,141.0588115070469,141.5717899560006,213128
140.48822642052588,141.84043035249763,139.61999301477863,140.51124561793355,901871
140.81659908024912,141.00355735303182,139.3749982847281,140.32630187273963,331533
141.4165694102092,142.66277250218553,140.41140528828856,141.57770221848384,695431
142.16853946289353,144.06289085191753,141.53475946075062,142.71595008375385,57342
142.07601588912937,142.77245286888223,141.9937678012095,142.6987822841356,671881
139.88064230505816,140.8409181468956,139.07977456603632,140.21187630115986,241982
144.72200619781879,145.2878394366002,143.45722899879158,144.48602447253904,507797
146.85870941508242,148.1580012316628,146.55554310998215,147.04539904289032,717191
148.2632806926805,148.58676495806043,147.42645070425823,148.12672010923183,667630
147.51402333170589,149.05523112627856,145.70306109508147,147.029917511528,563026
146.554525515696,147.56248577993043,146.35087703643384,146.87768490576659,409087
146.23610930274057,147.3691880925693,145.49017136244095,146.096295226576,97385
148.1287555710419,148.8426307477222,146.5692567452069,147.96925564168345,209638
148.11760543407115,149.3339454131886,147.30693614512626,148.3730260340155,108775
147.62756818457845,147.9175463404319,146.72499869230248,147.22881045731418,259297
146.46767851461652,147.11555078813922,145.73842982540086,146.55200660722818,786746
148.10543816512734,149.33725672781065,146.9979425180092,148.21919728269887,919121
151.26111062737536,152.14843810682612,149.96382131928604,150.62498719938682,64843
153.11993790787471,153.13363857796395,151.92099452252506,152.96001309236138,36127
154.4230210329568,155.22359239115872,153.25842511231264,154.13777657692447,86851
154.18092151199605,154.57312278070944,152.84916607054276,153.76425331212937,235978
148.6810895622856,149.21475949053993,147.64260797653205,148.8747678936663,773127
149.7060331368217,149.77159198068944,148.71817337820863,149.33275468225565,668212
149.1950468097523,150.36888265828128,148.87182055366483,149.34495752032038,20269
149.4061985972474,150.81637961705994,148.4465346721379,149.5691162753398,861252
149.5832999146573,151.36497297004155,148.89479974741826,149.6647175126952,94705
147.52387835463804,147.79299939506365,146.98458028080782,147.7076458192714,894818
148.7923934940718,149.87889288325098,147.57081255967603,148.54813388640395,224143
149.5851029448353,150.7069185352048,148.1847680482958,149.50520417772347,127793
150.39597645295228,151.0344232241906,149.71374047124542,150.54387810974958,54281
152.1958931174995,152.53791759746892,151.22704888546536,151.99085592287253,148054
152.84286396169517,153.19354673108327,152.62052370080866,152.92702962720531,905480
152.21655743656,152.83710719064825,151.5571680693336,152.31649849670896,12210
152.23868381951544,153.0924177738126,151.3616857515314,152.22386212154987,583999
152.51911836953116,153.90404321555772,151.62533246438275,152.37787616016945,751176
152.6762779008817,153.94593612019173,151.96029160016,152.55732966814884,128483
153.99126373641923,154.12691271498758,152.88598758956786,154.10321947333165,810272
155.3766408853384,155.7858206473072,154.31128093515355,155.1138435347638,402045
158.31518201484337,159.79509131951693,156.2940655941076,158.38563009033768,931735
161.72326247969858,162.38990036960627,160.81386705572282,161.9353928206071,186547
161.6047565637718,162.86336142875874,161.08123657185843,162.0806323179491,606405
156.30227809913035,156.32038834452698,155.73597341436843,155.99553519246402,668679
157.9566282798007,159.2927992330248,156.91080156323926,157.95271418747302,407140
157.18345138374565,157.2994912206983,156.63482717995348,157.1171880397367,841299
156.20457553920886,156.21575482851563,155.37095035754552,155.87853907788357,693946
155.1259530087545,156.54007618352836,154.9270333753309,155.2742107604014,610708
154.17273685947305,156.26119457277673,153.62237062442549,154.59769477048985,628687
155.58441948426756,156.22669791095103,154.6943916083371,155.5627089341317,816105
153.26528348171624,154.01006257269012,152.22779079043536,153.1709419596772,385506
151.464537494538,152.71485852823145,151.1706488765057,151.5442039995446,702426
152.52859449802025,153.4236846755793,150.95248045224477,152.08034146979887,666037
152.28498207115567,153.63984892196555,152.0678400222431,153.04597765710633,383134
154.39147282126936,154.93858048659925,153.07376282279236,154.0463914546827,122914
153.095895685877,153.1417641543265,151.93520658727374,152.85403363251447,59656
151.51943575144057,152.38291854782153,151.0485697023349,151.38114278680075,187463
149.62621341789682,151.34281444529748,149.350893191914,150.63119509210912,892384
151.3958071288161,151.95392193740508,150.07982497596936,151.00805204041973,146145
152.96864344943666,153.58904598753284,152.46073364027458,153.2833138933796,520784
150.03936037743063,150.53706488021106,149.37491077531132,150.1918627853398,795834
149.82456319166982,150.90311609303524,148.76650100965625,149.87569858128634,402165
148.02689708163373,149.1585613694729,146.95424341639207,147.90637763026052,97195
145.68330214718435,146.26875257241795,145.1695481411684,145.49723212661803,619433
147.1880054668999,147.73297807686046,146.21463137697197,146.9256431216031,162225
147.98386575859436,148.34480667358162,147.41837114558132,147.74279280639456,680482
148.49821487266095,149.65805425940738,147.29366150694096,148.4231343758245,279492
149.93606479427964,150.6996872694335,148.37182418665705,149.81144484528502,665334
148.78411901420466,150.019521780212,148.4174087049959,149.109402283414,402310
148.25751411790864,149.38262006389945,147.53008881938803,148.4805398493443,892872
152.0486491292428,152.66853552767782,150.60019678958628,151.77682890292664,393220
151.67173073570257,151.89983283956033,150.65010431240196,151.41819324001483,860338
152.77150499347556,153.07882023433882,151.53094542531926,152.55067281754847,754775
152.41869005649383,153.85480699619623,151.6329992978688,152.57566501550357,600404
150.06932890471012,150.49296667485478,149.5224856364252,149.79655174120478,322511
146.4386503241882,147.33274352524037,145.65421141555132,146.77954418703777,22626
146.26123753955184,146.49479163657995,144.72345917453939,145.94676318548082,561840
147.43406431701482,147.71043242822424,146.55788192372674,147.51102695660435,357654
149.19415766163957,149.59586367844423,147.22555288362352,148.69330792398662,657056
149.61706008693196,151.5842422380452,149.5700037894083,150.07371702692694,778785
149.13870245858737,150.17881249895535,147.70249864446185,148.61456739971717,649028
150.94140169268493,151.56713817705077,150.4801283849963,151.05060050064435,419046
149.50154147768927,150.84921272915835,149.14675839536343,149.61509312614453,542924
150.0072754698033,150.68877403003134,148.59881595742252,149.94884375855094,158012
149.73926388734128,151.3073001083638,149.10512034084502,149.9483155048381,806790
149.68113499541832,151.44461127282074,149.0905884015971,149.70279070210563,518684
151.5114974474997,152.96204755667537,150.59777286973858,151.73534539977334,619837
150.47299583712302,151.4804377338874,150.25367311563494,150.68427433598106,492327
148.82393975862482,149.8802816088844,147.3314433791393,148.67916017024606,847579
148.45559546872317,149.47410706130128,146.86514748244807,148.72376389644458,397625
147.91751901129356,148.22038447468856,146.7718474850324,148.1451274770376,623849
152.828572954492,153.7146155740796,151.87553867734928,153.24933163749486,987171
154.14950123140238,154.63603831589168,153.4789087074639,154.30501929799496,628669
154.09320583479592,154.55080516002192,153.41734354670317,153.69004548358666,732364
151.83333921461573,153.66951169871163,150.5302764294085,152.0906564198375,112955
149.05413239265042,150.52143920771763,147.89910821379232,149.2725579305736,9623
147.8220906703188,148.756718662952,146.82642310789947,147.764781002412,422679
147.8397980135226,149.04982114100258,146.95262814057244,147.94951631958992,820317
150.7602467438868,150.86221199817516,149.20558716965115,150.09139313783143,334756
151.7502653888672,152.89022080376338,151.23094717234022,151.79960875176536,167787
152.2650036585433,153.45554437666857,150.2604171009985,152.1629880081521,498689
151.97352341792748,152.23480261587252,151.05874838551648,151.6872081137852,967995
152.3919973332196,153.50380519190938,151.54488616463237,152.11072092177017,950909
151.40960332820748,151.5197960688094,150.0735230614833,151.33899231318333,502930
153.92779608314467,154.11753799420063,153.1716438432755,153.97741607126062,51428
154.32394417574955,155.70961187200206,152.9420004338274,153.70175071666557,648699
153.55381960869454,153.88838391845022,152.13441292009807,153.5844628652934,456004
150.1010400266568,150.66224422100103,149.04495226411834,150.23375355124625,315671
149.76172883856054,151.1503928008642,148.68520324653227,149.95542595885,335200
150.7078730053837,151.84782957496586,150.59531403970837,151.2301624631582,454982
149.88488829925078,150.55330053999668,148.71099251000987,149.638996785435,690724
147.837146086188,149.18730796826912,147.54395897759696,148.53468528697934,984190
149.73007399745154,150.63658647497496,149.18580248635922,149.7317877798513,883411
147.49130643812177,148.189332215196,146.67613322499435,147.55176153303282,1828
149.80388050335276,150.60418949228634,148.40628438476497,149.1357626687629,949453
147.81560462324504,148.8767620081671,146.7864155767451,148.35908883796682,486711
147.5321467843719,148.69349801605176,146.45337712796353,147.7985102311332,484006
146.1215653757855,147.02977137038553,145.02026152791444,146.16134945990075,173306
146.6716581723194,148.29870134013223,146.5297684251993,146.72962498353962,751282
150.2334824532241,150.97875901260116,148.4174639052999,150.39878412978996,960691
151.56935526084465,152.26812424486627,150.82268469442062,151.59390980851163,92363
149.92574575386078,151.1635922817412,148.63056721229663,150.3043813473226,983284
152.14481287388165,153.34573858015054,151.64958166370855,152.03620037763298,982889
150.86691259866717,151.8321471239743,150.23266604620542,151.57065068638238,176282
153.67579671345973,154.49989003583948,153.58083218520645,153.68371737427086,90930
154.75791177420908,155.33495273409068,154.38403153312646,154.94395505551557,484584
150.7710662188727,151.402104080177,149.69008739213535,150.46523421220488,34448
149.49990143812119,150.7285187011214,148.38162513656502,148.9768998350231,271217
150.3059356304509,150.8298998846531,148.96189228522516,150.4055197774796,868842
151.0678804174526,151.90336327069758,149.09612371063304,150.64885787177695,473071
149.03507668455705,149.63838187690536,148.72217793424159,149.12936112249872,384311
147.9159352505736,148.561214947462,147.39280029617484,148.20229959542934,783243
145.92628375879548,147.08121120194235,145.1412357431715,145.41851034798833,10834
145.45592814094223,145.7270905630103,144.0741900110274,145.30458572982238,577551
148.56876347492556,149.4421837666511,147.75372130600834,148.56744463500138,413582
149.98897224995818,150.87766513927895,149.01967350588595,149.7831170815412,530363
153.19947209117805,153.57398374262044,152.20639110144737,153.11549894733244,819606
154.46662509218157,155.33260680845365,153.8384885188226,154.4880122296628,311134
155.68502587173842,156.4417985664328,155.3066194167719,156.09913653416166,604835
159.14104158030298,160.2725815381195,158.3209616523138,159.22719519201215,781039
160.0442676985212,160.21314046512381,159.17383392425205,159.84501914832717,777521
159.5228016831064,160.19722651129314,158.5591129155158,159.56198098688873,394458
161.52534131681088,162.21048093759055,161.21759072561449,161.2343694665124,687244
163.73748360985192,165.10286854724748,162.70241134064278,163.61194252242524,808870
162.5588283204159,163.72746824724575,162.0821632481976,162.84482823618904,542151
161.2635933678317,162.96188756059217,160.38407546728774,161.6901876907482,851202
161.8801483555565,163.0101728938951,160.63119949305872,161.9310525154095,923718
163.128237502595,164.38455992204908,162.58481546084465,163.29944993702864,196714
164.73513793872866,165.3947704487853,163.21025415526384,164.6244043835483,169870
162.0795976831883,163.62140510179313,162.04356937328333,162.3127234415878,976621
165.25824705420027,166.1124065974553,163.66656448007816,165.46189501499444,828600
164.76713961361995,164.79835910462836,162.98783943216583,164.42084638508103,403953
164.05061191648986,164.76515707681588,163.61819816839696,164.00200074974578,287676
162.3160955396786,163.57839751013978,161.93216542167494,162.54454444111124,406404
167.01283323750988,167.042916063994,166.9209099856588,167.00694062850192,520708
167.89018510355814,168.28383603255244,166.12850987007553,167.4284471671639,619131
166.12387232878842,166.34120133965644,165.360758758758,166.0263196835359,66358
167.6822404643838,168.91640712689346,166.8490777950229,167.48362136667416,871977
168.5396981660984,170.484716932729,168.2647163600169,168.7936429816926,427464
168.83980833320334,169.5777906798544,166.7355281624881,168.49391748952223,838132
170.72109622350507,171.84693204339985,169.57949794418178,169.93325091734616,288723
168.2866220328121,169.65181943350456,167.43298840908707,168.55343120648098,554323
167.34491299924304,169.3620335425634,166.39976413739325,167.7414181419522,126350
164.47728445520593,164.9776804886655,163.7941095225381,164.41955929846662,887694
162.55744019053444,163.26299850649855,161.7544570712791,162.27329800681468,35405
165.219592140077,165.90710952162144,164.57652185507393,165.2497963894738,479892
167.64755661292253,168.879429587715,166.52498857413428,168.00143698888465,429244
168.0922990171298,170.23259874650572,167.426850427273,168.1288112692154,805008
171.16965574488407,172.04132580755282,169.27658913922915,170.9651498747754,485559
170.5697994316006,171.12459126503288,170.11456843280692,170.70876723440685,3017
170.51762418805373,170.77962593620947,169.07392860852678,170.31078003654383,64322
170.8210820762524,172.31712201345354,170.37821501190632,170.42409251900915,277029
170.31013905582762,170.7226704889362,169.77397317707334,170.22835092929236,384874
169.86991124267595,171.06699305486248,169.43655211986248,169.87940674428512,640496
172.13518166770342,172.64486120472225,171.56000832765798,171.8501359351292,284563
171.83083608202296,172.33208693090583,170.82555394782884,172.1255497331222,49764
173.04258556777353,174.55527367908363,172.2345738705616,173.37362858399788,703113
175.09514064123897,175.73298634839765,174.77358136518134,175.18854146082015,304122
175.71447711467945,176.99142672447113,173.78397133028986,175.8875080177844,846285
173.92669935623587,175.33856240899624,172.96522411230833,174.20659429537562,293697
172.5121228823866,173.65739562802042,171.02284907671518,171.8828705305895,180286
172.9038473711533,173.62927479064518,170.61858953024353,172.1560040277096,235001
171.7570266647743,173.0918292458877,170.3887101130095,171.87861533057094,953556
172.07765168444573,172.46179112555959,171.33976010095753,172.04609191072902,360597
171.97104515483295,172.44207133515263,171.8235732459413,172.03567648807916,855119
176.94698400932552,178.20696624353235,175.37419649731044,176.55591293050773,18320
174.69528688100155,175.65554695764862,173.87239307606396,174.24029474594406,50388
170.21715906968433,171.36583208791828,168.73324104790453,170.8243589679405,866917
171.5734105965174,171.67404555885835,170.95230040127956,171.4102243604429,884248
170.3369214663419,170.97281213156023,169.71614570652784,170.7832879571741,364621
171.94359471240324,172.83000349784578,171.17478717130027,171.34106625979274,314267
172.5134230893264,174.2293033374422,172.1525649996354,172.36165932732112,487985
174.3191701939649,175.40714919399412,173.50461613255115,174.60669487720926,686226
171.92889140481736,172.68550929802495,171.17356971732283,172.01191171136944,966769
170.97518482270885,171.91692201924837,170.36440125199724,171.0740578471031,128572
172.00677007603056,173.99131802430853,169.90889780782678,171.82631363359584,815757
173.53346370589276,174.7925726589009,171.9931342243039,173.17260227188217,326669
176.6241870374531,177.4200620810779,175.7356384465126,177.0307229714909,534422
179.40594670733276,180.3181024633266,178.16373578888425,178.74859713231524,984430
179.23874392686355,180.31369436966887,177.32905022342555,178.66498273607695,200416
176.78881922664542,177.423121900071,174.31667352168742,177.09885683300413,594675
176.14557508290656,177.42745862904817,175.33863709022734,176.1199313888504,256795
175.69577351169977,176.14319573166142,174.6469305960849,175.09665978847576,144976
176.69998622310794,176.7825338654049,175.297652431497,176.26534458405834,48520
176.61756775342158,177.66064713076966,176.49291570112058,176.7365973880712,153536
174.71417149607288,175.54468097478002,173.31613859873855,174.43008077680318,209731
174.72991957942133,175.60303350664938,172.03860295101433,173.68876026828747,858111
175.2740478597367,175.74835102709966,174.71372226618962,175.23719197988018,702726
175.64957600515189,176.4216472796594,175.10785907326343,175.8721063662913,737337
176.95373052446766,178.43754771584057,176.0505600713923,176.89273088747635,288998
177.67671807512994,178.80021359889605,176.9682356705514,177.58914812191585,850430
180.3298022250274,180.90364295774688,180.2463008028955,180.51918010915026,437550
181.1237182584963,181.27805209134183,180.2682048007468,180.9638818852773,336345
179.8323955611716,180.69155181073103,179.2499234057397,180.28469418404583,966191
178.42132200631056,179.63673380176547,176.79774782034826,178.6591294088543,558685
179.39518697227922,179.95206638083687,177.60706578663667,179.12354798319006,349558
174.2084942144923,175.32399734962564,172.60718037532743,174.82207454012553,274957
174.83288162379404,175.39803218008205,173.22531056549366,174.51764426273527,189571
173.47532504827248,175.00909283650864,172.50085365065544,174.17620360025865,498498
171.23794570937986,173.09658238902966,170.83095148382705,171.83294290440193,313446
170.0923676283216,171.11337943426858,168.56521934961117,170.26228214739305,517372
171.76207301146954,172.65279867016295,170.62615859145404,171.66358486021923,462803
172.53339256226,173.2796717607708,171.86118358639996,172.07729700496955,516098
172.289620227341,172.8929663315681,171.8807136542048,172.26976690738488,401302
172.73038435807817,174.14329530348843,172.5215940093733,172.81560097781116,533023
173.19357555406043,174.44528123771673,172.79305350615329,172.99304850017555,222166
174.86892983023847,177.124757695712,173.7907638049952,175.1740475730544,271972
175.456845925819,176.65551321353897,175.18229668574864,175.4079368748789,345937
172.47122715362892,173.49188528544033,172.00000744859838,172.88596199396227,419701
175.7739272263651,176.1757545223786,174.84569541533938,175.7448975025192,574460
176.36878883349485,177.801012242355,175.5863602315765,176.41459888018446,55797
175.11353447737795,175.84380751531228,174.61276677242813,175.39566469072204,6360
173.28547388117042,174.57284806690512,171.57278854583544,173.22829446520063,187474
173.988035785959,174.46132813539788,173.8598236265918,173.93288178979734,737837
174.15503650139823,175.20823475712496,173.65103077428304,173.74657428564976,710323
175.95403598971163,176.84229143987804,174.83258735958256,176.52089166971828,747011
175.90218149641836,177.22019781426403,175.35308505194456,175.92893990384232,779096
174.21404259750048,174.70598882006115,173.6906588979157,174.47934276515915,997572
176.37322214397238,177.399515345831,175.75656243915037,176.06694943933005,446348
177.98936915857084,178.77367578910136,176.65247280410273,177.7213965483696,465485
178.2200270577501,179.1655590310302,177.02847218001835,178.03918203337557,212010
179.01302384753876,179.94883479252093,178.05398496461981,179.26536970597712,945763
179.53312369414647,180.2049761686431,178.63308961488005,179.2157431570159,928520
179.10353493696684,180.63500862100116,178.61155343272182,179.65332114323226,427225
181.14580346078455,182.13906874412274,180.32870573676342,181.7766815029358,872405
182.46841490928847,183.29668627326555,181.0269838739277,182.93521838929573,930291
182.6318533107972,183.3608408372201,180.85950647273793,182.6440812627524,607603
185.3993952574812,186.10532006315816,183.60633554922055,185.1493827133352,121010
179.76394445901522,181.1990707164997,178.59238471840183,180.8403177756362,212634
185.0964693817365,186.5351583584729,183.1410978602834,184.6080913227282,234890
181.55120803176786,182.27679191241438,181.239672183682,181.5036133570447,757961
179.82140479351855,181.16629067187864,179.30735128997856,180.38701634570057,628925
180.36766153451788,180.5511703028626,179.14590115836543,180.33125374708928,249166
180.47879986088947,182.50285291856147,179.24871490285167,180.0853043173359,796124
182.14315172483978,184.3800885980889,180.83121724222943,181.9250450574021,790974
180.42444979396092,180.90416309054496,178.59958116316292,180.02872035989367,860915
180.02357788443288,182.0834108379082,178.67842643488711,180.5168389299077,702458
179.34540609310818,180.34205931114104,179.0356569438794,179.49402902849596,520518
179.70960741952098,181.80902866084946,178.804673775626,180.04257536072,295202
180.5621254420175,181.64706895140074,179.54135849573703,179.94398897505695,13148
180.35964683612693,181.31542427888704,179.64871759291384,180.12931085935426,438004
180.17950569669367,180.62955961896407,179.13561102560487,179.15936881475923,46731
178.0989762581085,178.6871462924053,177.13709907078504,178.26569373385087,756925
178.53727879454362,179.70140625185874,178.47401880401273,178.79641709977042,363987
180.45822037615545,181.51991611218426,179.34255552565162,180.5097835874021,533701
179.94569435397045,180.1896105372031,177.8224198533239,179.4509991927129,887659
177.78625295365674,178.41713158999093,176.61446227468988,177.91653044337806,477243
179.07379010253206,180.26648261804488,178.10621939709173,179.0292341668224,267982
179.02356328712767,179.17579916272175,177.27005762448027,178.98895015232924,580461
180.51394721648322,181.48893719343417,179.41987892618135,180.4996889102633,560147
178.65658315402376,180.4488207796496,178.22570455894189,178.88999827295459,494131
175.70423053114538,176.83449321036224,174.75976417998194,175.75248902495767,726967
174.7727191288055,175.88583950992714,172.87135369652412,174.83569585607103,955220
173.51568461669788,173.70231807665675,173.21687611990964,173.51830983062027,582456
173.72620013250418,174.16646778270436,173.24993171522274,173.39899040510832,426863
172.92221356364368,174.8524760159751,171.1359947423588,172.31544675094656,476296
173.32261346178618,174.17043938456408,172.5725008363545,173.61443667755645,456403
172.99646521418373,174.6546242825688,172.40758621995917,173.1321986504166,665952
173.124123676386,173.95952777425117,172.91248605902544,173.41025472329073,431387
173.76619354820448,174.49019708283467,173.55348952482458,173.70119402736478,654158
173.87016095401097,175.19708176999995,173.76049932505055,174.05756854921927,29788
174.1164426143354,175.03962175663003,172.31966172004854,174.03297750039283,230323
175.3274968240904,176.40480317733454,174.0713074779422,174.941356845761,145985
172.69547728388824,174.01401802437425,172.54228025780816,173.57230614516752,871738
176.2091282514722,176.48951035409627,174.5304811957681,176.03598633562044,191220
175.47599803466173,176.0490614038952,173.9485668761818,175.63765037866796,427871
173.5260960453015,174.11661325870185,171.8602964417787,173.36645249480136,164581
173.39873381182704,174.45925095009915,172.75153932494905,173.71018555658182,170609
172.6672220235914,174.067868509055,171.53273442140176,172.25509791624305,547721
173.73909952550102,174.65331890089166,172.48361811383705,173.42233301454598,211526
177.516216504252,178.66186911927198,175.6828105902716,177.31466216583186,437890
176.2221438330468,177.17811425422943,175.35619656569185,175.94301877831856,669601
176.2831581010395,176.83838571248415,175.80071335833813,176.54643136630537,850602
173.27654376683654,174.3679887928338,172.04852759801997,173.49154272906176,346003
174.56054542176128,175.50183633832938,172.79444460612496,174.29824879749265,438572
172.51326448979478,174.03634687005558,171.67801945232776,172.7785587594051,325612
172.2160028850116,172.52499900118283,170.51553496062036,171.71951538573808,610700
169.7458239027666,170.04619931707563,168.83983267741394,169.8557515119566,883758
171.29279674426618,172.23983889358362,170.39440194548436,171.1210273770108,101455
173.59653148540514,174.6487955416577,172.43645399834278,172.87073387544254,353311
172.68420454643334,173.70003684665292,172.41854366141933,172.92845677594957,124898
171.48078359336617,172.35260264937386,170.91613638782508,171.4572041982549,862490
174.58907580539505,175.92229335668225,173.86079599169474,174.22175252853665,261919
173.26558202427736,173.89342428863966,171.9248044577678,172.93656074438493,845271
169.14370139090718,169.95945949354154,167.68016229081152,169.25466993517568,192657
169.87356043644206,170.9398665093993,168.92022524962076,170.0492997345463,723060
168.11937055492203,168.42327501409522,167.74313789995523,168.19779645517923,234505
170.3777900248026,171.15203923438298,168.60047030395663,169.8858489333279,268619
169.16202612671444,170.07042271315683,168.1655527698816,169.25650709142693,948617
170.32505665129972,172.01316985824022,169.19415412098576,170.29845068849093,304156
172.57183008832408,173.42838392078392,171.97785564705327,172.71925857397866,462826
170.90178031730497,171.85883604986145,169.22738691385848,170.66096112492818,329009
169.76761567885538,171.08430831901256,168.29180149066116,169.71482586951166,361185
169.26303732142227,170.02530516285017,168.51018942674307,169.60340891126512,893522
171.9147661175625,173.82067352876015,170.68465484344827,172.24852316325746,410186
170.45124240796102,172.89656430923608,169.0357356125127,171.1353063598108,997132
169.85505324354074,170.97387244946384,169.24291545004402,170.13793185404998,242331
171.24195705134,171.8210497132503,170.1572903278844,170.97047446983936,264813
170.45351376071454,172.13782599910508,169.11271456426968,170.0034261070996,697468
170.51342401525233,171.7729883684324,169.98936086158923,170.27995032718232,184801
167.86114581712462,168.74172988006,166.6146065105414,167.67514974253572,899348
171.40320249792336,173.03770286477848,170.02039542977096,171.4465874167454,320620
169.430584425097,170.9491867828032,168.39558320161436,169.16840231073274,396522
168.738393430902,169.4118670234839,167.62668846618067,168.6418364603437,821499
169.21240266003,170.18472920160022,167.0534899997615,168.60392828987867,794660
171.84317988927174,173.0338180916729,171.1928317493381,171.87702086390917,778122
170.08752943393512,170.95262694051735,168.6003986400124,169.6318954203172,700039
173.35031884490363,173.49374685791236,172.47836709223404,173.04779182158617,679034
174.6369737767184,175.01859424457268,173.82094851993108,174.38047987038695,524918
174.42231120114093,175.28887284874168,173.3712982065847,175.12684345406765,38705
173.75058454185046,174.87627512191563,172.43556665176254,173.42828903016263,100128
174.39460182828506,174.69149000276462,173.23222526818967,174.43908657902995,596609
173.04514134109976,174.1648909035337,172.14037892961488,173.1989165167982,187181
174.9039769353473,177.26545713001678,173.78539106490496,175.42425476560896,415191
173.7444529282774,175.35933615418074,172.0076066157034,173.7463944170416,24150
173.57889958520593,173.6678153662429,172.14751919352983,173.56725266824117,988737
172.17355546383394,172.82432836935791,171.13790654598458,172.62341274093728,910185
170.44050255861546,171.40069802269576,169.3301302381968,170.94419995955863,57880
172.40099868743818,172.6583811263433,171.5266502921279,172.2333744571601,259991
173.47731909315542,173.48400783525472,172.39222920645932,173.1754033178638,838023
175.36606133891053,176.2371885625615,174.16386741590006,175.29934839866894,668778
172.62046633333668,173.8487130219599,171.31765674271148,172.2240634937805,227002
174.05393908237568,175.4526818795199,172.76958531387183,174.0840155722978,178379
178.49914501811844,179.15703479709924,176.92813494965588,178.51855043955936,316283
177.40590735626284,178.47555910532967,176.57303946742576,177.73187758295143,124644
180.5851175984197,182.24943969020626,180.39953937142042,181.15039449791183,71749
181.36261846740257,182.2104058830564,178.68622274262296,180.69237186744294,560780
178.65059719126924,179.97829633113602,177.704974827216,178.24729519973116,41556
177.22615875164198,178.83917688251688,176.23626468095694,177.72111652806439,463739
179.6677039400251,180.36321320445953,178.3216969249465,179.61175419325608,411171
178.0947519110447,178.23191259217992,176.45148577294103,178.1303944887728,390217
176.98488150125172,178.76368350945955,175.14103484257248,177.08191972752894,901282
178.00817437221434,178.67799545494188,177.3124506792245,178.15391063042608,66259
178.31304618084081,179.3958835256704,176.65036666165796,178.17717925855067,928312
179.53311714240635,179.66772658641725,178.23716113781006,179.2398178780508,431633
179.8291849661747,180.72222573510496,177.30742091994958,179.6845779913861,2686
180.52299334973125,181.5236609574217,179.02441165606456,180.56651651580685,583056
179.74904932236635,180.78477620643517,178.94600647176892,179.80558980749456,413232
180.5784655651276,183.11403639252435,179.7683896522207,180.24076131374406,658946
178.76038012654948,179.31572514596974,178.08053045357897,178.59484237520465,682704
180.95520139599665,182.30548778437895,179.65804853855468,180.92889814708886,347285
179.79001270982025,180.98417381443812,178.34713560122208,179.80292302631813,390904
181.98789185325836,182.52731907370966,180.54628345518867,181.86230846940936,51800
181.28613654745277,182.80196743392906,180.91264299161446,181.4561060060108,541545
182.13997841583426,182.9608900721959,181.61826789326867,181.84119920836318,769761
180.57209087680675,182.34143200626497,179.40876052018328,180.96146876788012,1762
179.00270594868397,181.0998017106601,177.14885167838054,179.15013092387227,227830
176.28430068587147,177.24547262023972,175.21810526790892,176.06910687700693,644018
173.84341716977133,174.96244283313476,172.4049402930352,174.2382000944048,469853
173.14567018095553,175.10851009694292,172.8172510181028,173.6921085219472,440224
174.09988387020618,175.69985475154562,173.0993641405455,174.0779230087523,444560
175.26658193465036,176.27658997162263,174.5346652520165,175.86327129596572,628272
174.64376386446895,175.73615778344234,173.14832975823964,175.09860123565772,509685
173.84110420321042,175.06255870637074,172.99166695822888,173.57844733849882,79599
171.0392121392411,171.8970642159761,169.32351129395758,171.1092934607213,576466
172.39197461029292,172.76037694288655,171.24887982489753,171.94989591588555,798515
173.94210956483644,175.5168994647494,173.63068169650046,174.3622578624182,45934
176.56877437758962,177.84072771195468,176.2348690446162,176.60195872118393,265770
178.0201162980633,178.73163470609404,177.32072012658338,177.87796172633944,54145
178.61619926376403,179.96345372889633,177.52455028439056,179.0353263086937,384746
182.49463503357867,183.09144373338404,181.54150086781735,182.11882849491238,927125
182.92953590578009,183.2431297632228,182.2789848061274,182.74289003580006,162923
183.35381917975604,184.59129296179844,181.94760097010007,183.9458625823628,83872
183.3612341332207,184.3326233734106,182.51160128144213,183.37507594271264,176227
181.05209953718108,181.15615603321191,180.2412013463607,180.9124507790786,811719
179.48540898975926,180.36737758121694,179.3064107837184,179.69747237534165,632981
179.16712312951643,180.6448274416163,178.73813671386714,179.69898356819277,303861
179.9263775816086,181.47086195972884,178.79560015858164,179.82622919342438,15722
184.15293580388368,184.901006083364,182.53828073432135,183.34210791664245,964724
183.36750325567976,183.74117658963988,182.61325731825826,183.50953379892783,396911
186.2870238917125,187.1012881917874,184.112983214849,185.70419455245442,709023
184.63826245348926,185.52676206864032,183.722614441282,184.91648366072405,623309
184.43895158288848,185.66667604214692,182.4387873476341,184.35947582231606,365417
182.22447460413346,182.95087311546723,180.645272118351,181.94372723430777,505421
180.6131300362143,181.18180495749257,180.2338657919604,180.61616932444974,38235
181.4805224045446,184.507667865995,179.52011972908466,181.5886532355457,900885
181.88430268043612,182.87140513789322,180.56091168256495,181.62054333052632,984326
184.05318100586987,185.02269485447223,181.41314202730922,183.35954829475872,930766
183.82100821962976,183.89008265533104,182.9386670888651,183.71056623137537,954434
182.89355534838396,183.19352004539647,181.8297192751556,183.08251854206082,846008
187.00593712755253,187.960713486373,185.82848369861665,187.07693340643502,36362
187.86200269664567,188.9907741693407,186.07970633656737,186.9200350139478,399909
189.17654747836187,190.52090080210925,187.45823354122683,189.1255187216485,206741
188.1631278964284,189.46321363187351,186.13139023003663,188.38708762747035,810111
189.3130616126572,190.02125836539597,188.95710026955706,189.74760941219154,431656
190.83639453712019,192.01725171818237,189.41572156177668,191.535845557049,142532
192.09437700595015,192.99709244168227,191.51013243229966,191.95479351752542,599873
187.75229086906717,188.39028742039375,186.98581760588144,187.50679123010914,571667
187.41096550529977,187.7871498653158,186.18322600588982,187.55977399701928,653642
189.89518241814162,191.32211947700475,188.64988389945296,189.90086820890468,207386
190.47735772223152,190.97647071532026,189.13632445195776,190.92429687997324,679507
191.84758111676732,193.16191096077364,190.62412206466516,191.7965906640551,526143
188.72205887873707,188.86729674728556,187.10286059553368,188.54049614547418,605845
187.0053759853078,188.2170828948948,186.40866920887987,187.2057476387972,563976
188.63181494108355,190.10350583020121,186.9077188305634,187.9962175255075,764071
188.47211410019742,189.5407331452333,187.1349989118839,188.7881856694754,516481
191.22278008079584,193.14834748780402,189.38314670456998,191.11442714322467,450892
191.18066535450882,193.2365570326852,189.87746216619692,190.85685104802357,567950
191.62250675000402,192.7467580890569,190.78729834271704,191.65213214499613,14054
191.63042258353389,192.97255412476258,190.70402682871463,191.70268560824783,89121
189.29646966211726,191.39226520003132,189.02781619702864,189.8389786433561,340826
186.1270162287188,187.36164867866322,184.26641263554578,185.62310833370842,54733
186.38018099933026,187.62031314583362,186.263125060921,186.44353197648567,706652
186.9875508148277,187.62850520665555,185.63379043913994,186.78680527285235,154841
185.9040488063425,185.91558759654254,184.6788859507742,185.65426195499114,123085
182.4611036396678,182.84225315193328,182.39777461947207,182.69067218734983,149298
183.79052658335254,186.09656766096154,183.6952933726091,183.86316305130873,955108
183.88269193711633,184.9799892604032,182.9459394810812,183.3932219013696,112708
184.02368148273456,185.22202438053614,183.2934434820663,184.43578393732213,324804
188.72456788156674,190.38345339418467,186.15051053212392,187.9247907636449,602794
183.68763305083095,184.46788294429237,182.83021692737208,183.96168916241203,714416
182.26646230347998,183.93053641514317,181.05631127058263,182.69745197124763,156874
182.3818094313657,183.3359537467856,180.72905887299956,182.33356068166083,52768
185.841283315913,187.0269660359897,183.50328222990586,185.02408806841905,199213
181.34344836739805,182.76566635715602,180.4405718235904,182.03918974850245,37599
185.5637578773323,186.00699958550928,185.0286988521693,185.61610745484433,806448
186.06410002299071,186.53510022612966,184.67941006395802,185.88703703718616,550630
185.73974110560164,186.23164446477585,185.180593557737,185.72724167763892,71407
185.51989166029963,186.44583796254054,183.44212406968919,185.37829168681296,89666
184.32469120340127,184.65098327888322,182.92319767607876,184.58977433260432,538725
186.32955944928634,186.78795040251453,185.28125278084408,186.55331965173866,851209
184.53423421647352,185.58702263929976,183.32774657012723,184.58902860099653,826842
184.82763636050356,186.10152871312926,183.8046413673456,185.24625142613363,448959
184.5378949920105,185.58248527452352,183.8191178407528,184.55438913505137,911063
183.02908682734085,184.06260637454616,181.84016103365792,183.17150094519522,438060
187.812119136847,190.34939349341633,187.00991266872202,187.98884564035916,452081
188.91816732494698,189.9345877396093,186.7562364575608,188.79714593304325,654011
189.28575934945252,190.7113659259466,188.73268722007657,189.97752812962,278525
192.08255907083986,193.18976454886715,190.828952941006,192.17060783967426,972659
190.35563026191002,191.88987096808717,188.97499745141096,189.47745766188623,115667
192.42729566794475,193.7817189800498,191.92303847731492,192.84619991935173,794756
188.57034295416415,189.9005530531904,188.01938590636473,188.08677167741718,27270
186.68543786395577,187.8406730961116,185.50128388311919,186.6650330907182,664813
185.60463325003875,186.59596797839572,184.97309450420167,185.82872701417412,310357
186.4378394477704,187.92841516633717,184.8996958470261,186.9315787084184,830190
187.4119562041376,189.24798734887466,186.1905120157838,187.35961468574882,959964
187.60979991298433,188.68466052343504,186.04752385269126,187.0660374381666,566088
186.91668765714553,187.44427054243297,186.77304149519262,187.06230112203122,524629
185.23023341196856,186.00895470601586,183.97905580647497,185.26023127651098,896950
182.8942050187872,183.13978470355238,181.9753169644479,182.5253683954931,355316
184.0000066582075,184.9958507803706,183.74566655228418,183.8746516621663,996390
184.5908657561576,186.82789420289748,183.42950485965903,185.1731522809307,778239
188.1866038540749,188.37023308565915,187.91888672850737,188.14939271485406,324421
187.25213490887694,188.27250890602843,186.44978115361408,186.6875041864454,309576
187.99030369357456,189.50001079587526,186.31880607483714,188.00419388954086,912699
186.4623118931836,189.04150271190932,185.84366649053274,187.49031733941433,844602
189.90198711860756,191.58060741139633,189.71035500003816,189.7546559143073,128717
191.64689478591774,191.8389387938538,191.24209350637562,191.72299211070379,326719
191.44465872372606,193.3993724437844,190.90155986087817,192.14757082059904,837164
190.87224023619973,191.60798900880386,189.2626753563053,191.51542875085684,940157
193.76111031263895,194.14960203447293,193.38182420357268,193.38397013129378,887587
194.37337076357463,196.1113075974207,194.18224709111718,194.65849981667293,416509
192.99913256368905,194.40848709561942,191.46648611814322,193.35006152578853,85059
190.80521098162063,192.18870181771538,190.10861900954967,190.8188119973372,314488
190.04289005472003,190.7090992377423,188.96271321306375,190.2880583301616,285510
193.2516519942059,195.07223896044525,192.53148510558142,193.21299060504813,511126
195.38119724642286,196.84137313486514,193.21994701110992,195.46044474064593,717166
192.8537018213027,194.80000191599746,192.63560076731696,193.31766250241657,807032
190.89704719584853,191.42864629284242,189.780996816316,191.09241924392705,519603
193.73459099373943,195.38408676919457,191.72262234400398,193.5631895036676,906918
191.41263557378463,192.18814678969787,190.6549198163037,191.396589633893,269422
192.36155798514486,193.00226663192086,191.834741650221,192.39308831964874,116228
191.9715497841816,193.2916211484507,189.83434203685664,191.23057557707224,87252
194.65161256258818,195.96543996268502,192.81012312590383,194.36743278842582,658095
193.22388336879396,193.69912590681727,192.39343723100205,192.89502001910833,601835
195.067904582711,197.31209424161315,193.2368821828141,195.13267630190018,316239
195.59936252411975,197.6420167851517,194.50567029695958,195.5132799076768,260701
195.85756418215803,197.36252009052836,194.5793421166177,196.0265782938565,910071
192.52019539726157,193.73138042737975,190.4019279146383,192.22127218702602,518711
188.01038676309045,189.17821891920354,186.6367188265161,188.05190858843807,786749
187.73981311311454,187.805523947996,186.7182104373455,187.65635191889007,727602
188.19950679154786,189.2041952098134,187.57743505502702,188.13907226878115,809634
186.045845172265,187.03842810121017,183.60389727759852,186.05260516349134,432144
185.1380384561561,185.7438036272829,183.5718417963565,184.0564535054109,654557
184.86449944260468,185.86506136615134,183.76374461824128,185.11129696067675,223011
185.92315759250013,186.57389427123854,184.70908529282346,186.17475845432435,171442
186.19520533369035,186.51326048476366,184.6965297333199,185.9370886769657,173996
187.1891033555901,188.86753258389012,185.0581330945849,187.4121872033347,498641
185.1350197216631,187.13127282446936,184.18292378495593,185.24298168818143,651809
184.2021586401748,185.00383153540852,183.3336818987716,184.6032686663836,238285
187.87379563970654,188.9162220304189,185.8767911323666,187.68927534034557,81075
188.02577082669978,189.58547223327537,186.9737254253404,187.83633516113508,819727
187.97398362330506,188.73947123460175,186.54010435148328,188.09255418252314,481728
192.77471541258106,194.129679639388,191.42475428017912,192.49951168562677,707617
189.13802185949123,190.77350124950337,187.66975762872124,189.84352787517182,651428
191.11011724684954,193.02103657635598,189.7386451447436,191.38067340681295,859796
194.5451647592624,194.83564281974807,193.8077094648498,194.61132450839713,572980
193.54469443251708,194.32667458499796,193.44172132651394,193.99953896037806,605207
195.00955045740625,196.83655794293645,195.0053136519033,195.69397567060523,555073
193.68166589270214,194.8259465409084,193.58073144797555,193.80100698884664,240114
192.76110981370937,193.69234419238666,191.58411531666985,192.49392051875517,59935
193.75125980993604,195.0547218909294,192.85801384898917,193.25571027426858,795087
194.61139560292455,195.2548287530394,193.73174644350297,194.824645939069,857012
197.32944172599997,197.5053990404671,195.97622007290454,197.04049530238294,949768
200.43255934301982,201.13400829561374,198.66263533572914,200.1777162800234,382107
200.55035031013745,201.31949385879366,198.7597175653557,200.06275409509712,243803
202.34346553499034,203.3253451230236,200.7842765566691,202.4852825944769,115715
201.08760747226887,203.59093038546425,199.83247586144853,201.81353094294056,108634
203.69126322179196,205.1805013245261,202.84204137751814,203.6626747449246,659307
203.692257299636,205.45314330551685,202.73855972838118,204.1061002735381,931011
204.74159645618883,206.2000356512858,204.24098930724665,205.03828895541398,451273
205.80501594295143,206.69048479834362,204.63516680843315,205.92907550266858,105178
202.53377861725033,203.16530596417633,202.4836690568233,202.6711603298771,704666
200.4824327312001,200.76481779866845,198.7825773920989,200.42568850413667,339313
200.93355599958778,201.5195745861923,200.22394618853323,200.6513774327076,312280
197.168842262444,198.27512347385755,196.09199753924355,197.3139609915114,630555
199.13826128500142,199.44394795511835,197.79398089824755,198.98078888095526,196271
200.7486188838102,201.85445454994667,199.03873280891196,200.7426704730118,842480
201.7975137832611,202.68878996019492,201.41189819035046,201.420657989734,674553
199.11985940710875,199.95354791206887,198.3186762822474,199.19499251184658,992937
201.95153248508433,203.69716447591793,200.60864698351136,201.98341624429585,849465
206.00668531331354,206.65210482655388,203.8943853540741,206.16105889893691,19087
206.41814078835594,207.27986698595043,205.41009432621448,206.4851446148297,60457
207.23752919417691,207.98979659254903,206.57085375625118,207.56277513458588,790525
207.63556608440814,209.19161009646137,205.33476338046512,208.00273137685545,860236
209.45422760696897,210.98042520941937,207.58058961987356,209.12975635494345,229703
208.44819854508393,209.09852432186872,206.54696340942536,208.90076185881193,885553
208.7161579995448,209.12739581989158,208.4299292904354,208.84945327667302,263049
211.1987167211036,211.21875937269283,209.3873378972489,210.77070768589138,233623
215.64239139564634,216.9147871228627,215.2650119884359,215.7946132589542,738551
213.1684050246558,214.01631116991052,212.58479021446547,212.81566711961563,858136
212.36478138545283,213.50145418140096,210.93224498119454,212.6161130730316,321865
209.70024548143442,210.9607640344922,208.2416665753184,210.14203279551262,482273
212.85456695077173,213.97965533734597,212.09808943031132,213.5356713700609,221772
212.86294878984967,214.65006566095434,210.33193545573874,212.30555157466515,990758
208.8086283891864,210.50189987003395,207.9957487910368,209.28448739414947,276367
210.9602311611082,211.2652816362135,209.7628318265148,210.6454482526976,638239
213.9447052008156,214.9947606241663,212.89811259008744,214.37342934741451,174409
216.39096026649668,216.90679166925284,214.90050439047067,215.8223185632812,835411
217.24099273664245,219.24347322072558,214.37620329138358,216.28639856081602,282420
216.462234602095,218.74423958516547,216.05639172445854,217.1948458748505,134039
219.83370955390188,221.3296356547602,219.23203119183916,220.31167857561235,161804
218.75367855355006,220.96782968925743,218.10453737641825,218.41594989270027,665459
218.4174981919845,220.46104087093173,215.86973056509737,218.19361281402877,628406
217.56736725265816,218.50461860341665,216.35516275017983,217.22982605392406,529093
214.48269867426146,215.53826724713437,213.90478570267524,214.72910270328018,322246
214.89739513112136,215.7382688961417,213.16080441550255,214.04654548870568,721220
216.5035134422569,216.9672120531259,214.8188064968761,216.45240925930332,695625
217.17420817891974,219.92508399722695,215.65587891564195,217.70408362411285,887303
219.0222681918143,219.56726553316022,218.3050878488746,219.1332146810265,91475
218.94806413425255,221.1454718400658,218.1157896709376,219.4763731286566,383614
221.35210219456417,222.91742222658505,220.51021836293057,220.65001971031833,808497
218.62335002428944,219.80680492013784,217.4392488025732,218.91245950594592,983599
218.47275265873506,220.7514530307309,216.32685982385536,218.25777595858168,918706
218.4932399244754,218.76968813874154,217.78211685597694,218.6991115217249,330611
219.05886662581148,220.37301921960702,217.54573084720212,219.32881095967124,28132
219.2134860478985,220.83162996903076,218.5002396740411,220.0542049782348,370254
220.03490296270988,221.7691695393429,219.39549791465407,219.7719789302198,234646
219.5349198539908,220.86545461435688,217.42426268686754,218.96596689568142,719034
225.59929916023657,226.0544495044242,222.88241849489387,226.0133409467631,39140
227.39001192973035,230.08356136167677,225.8823545670853,228.09492978269796,997705
229.43017127129687,230.9114608263621,228.20123827108765,229.0621526672535,29453
227.79893501823668,228.9842043943345,226.8986959239245,228.55143666912136,654153
228.10024392879677,229.00145948114502,225.10424167655643,227.54524608475916,348501
226.85945130681935,227.52061209153015,225.51623009369868,227.27053603558306,34945
227.45680709017606,228.9827864030585,226.84216149237346,227.959819920123,239887
223.8467869455844,225.0668311542812,222.65869501546817,223.73560716428577,303735
219.81640969698356,221.1539862169472,218.57545343611832,220.27375938312912,197114
218.58765182257002,219.69589094792067,217.18702059975044,218.8972211240122,806809
219.52835792815256,219.5638729828466,217.28108278932947,219.37304973590966,587679
217.8073395280343,220.18645247858555,215.8846026608737,218.8706623804989,92676
222.88181203099094,223.05418075399655,220.90920047276774,222.15207833303663,331092
218.92418736402678,220.03922047566817,217.83780640273125,218.90508127053866,419725
216.72634635067487,217.3746039734906,215.3852529892098,217.2882389664321,840356
220.18962713022324,221.7751366865223,219.4904591122106,220.6385141438215,449163
221.3883062534024,222.4911837564845,219.1957475576381,220.95009752542748,975164
223.2041185708907,224.59022393771724,221.95752876016988,222.93612574546398,304369
228.21028130141767,229.9416801059052,226.10602479401607,227.57907677806037,777366
225.71955129934472,227.86868404887068,223.43080906135972,226.02818955763377,28606
225.9603570249096,225.99874140829323,224.32275718927235,225.82640410199252,58003
225.42670746256127,226.51447740313753,223.9524920661346,225.23455179771753,411107
221.2041322916146,223.6446382534492,220.13535045106153,220.89696732704104,981595
220.7309277217429,221.91344989728165,219.18480736879346,220.23439556803424,805203
221.88683013400887,222.762427571662,221.53361998145823,222.205590233111,332709
223.3813865575073,224.49614381559346,221.90715866043433,223.43240523257086,738530
224.5680362141367,225.70783022524643,224.2529483315114,224.84241129423032,839150
223.99851972807627,224.35154477968027,222.22776221792114,224.02209217196102,140749
222.89027081962186,224.58586677735974,220.97788762379798,222.57935738001245,754860
224.69921875600502,226.9674499790908,223.50953845634865,225.4450068453625,248058
224.84682014910655,225.07087388587843,223.58604750075997,224.34904723982027,530773
224.51958515464923,226.0944827541267,223.40793924193818,225.03229068049993,619016
225.28411144482823,226.16672009655892,225.2115496673004,225.42268793214166,715391
229.33394518109031,229.3787163172102,227.0556111400255,228.76480491750314,815058
231.1725383402134,231.34719881608092,229.97941988294647,231.02098408453776,720869
228.22564025663544,228.4999949839406,225.89367290607285,228.07076654550414,406014
224.8686343738591,226.48835659464137,223.4798522416785,225.4008626319697,670950
226.25873096878013,227.5543496217672,224.97034558040195,226.73218674353515,956477
227.0356136514589,227.51748223697157,225.203398784154,226.60901927359066,962379
225.33663750810112,226.46524495775458,224.86940914667215,225.60246197673908,404636
227.70260135220667,229.57900408200172,226.87216577560693,227.92821010709065,29525
228.81901228985498,230.20796389730054,227.14573865947924,228.37872038339927,822396
228.04154888245174,230.35085674022343,227.10833281009735,228.52140431805253,575801
230.45750626941808,231.4519445604079,229.58018151657456,230.33347854001235,970317
229.51373760171413,231.76473296138425,228.54099825226575,229.49404365014522,237068
233.14414117822955,234.55458013936408,231.94755457866478,233.14539350745602,256024
231.0985816801201,232.15582592385576,228.33551462411333,231.33844987099295,542734
232.61638874145984,234.1158435980045,231.6803808835428,232.88646959363297,983557
235.76377511296408,236.57005803953146,235.06409623125037,236.27335254545346,275986
233.28976739306546,234.24192665238743,232.00624628728823,233.06478295399785,919733
231.97878176282188,233.75027047445678,229.7738733882425,232.28918943105475,163813
235.43639457604925,237.04560433990602,232.69727500734004,234.9811211816082,757149
237.63322415942548,238.63615967142334,235.0555466588423,237.7399955886198,818183
236.85390588824467,240.48986652963174,235.62630950049532,237.35636581136515,98917
235.5304520453929,236.69900442113075,233.89945623330456,235.6425301751934,499782
237.73420409701424,237.93808524238057,237.2944132748525,237.9297143690883,657816
241.2724942496541,243.35704072572383,239.83791587075027,240.78653721724586,746473
237.8465926108082,239.64589381570983,237.4530169920348,238.02225312370564,690662
235.06744193476212,236.53683449828577,233.5583615488598,235.1973698451266,943382
236.4168867934969,237.26922577843283,234.54541446793644,235.75133874246217,267726
237.50465536187406,238.9724435248634,235.91615185218555,237.26346882631114,571902
237.36532516647256,239.70504674534803,235.99629693355362,236.57860383077826,681325
238.8148054011797,240.1533382202657,236.41594456269934,238.214958693906,488252
236.1332316466129,236.6924959150419,235.60875948188252,236.55295350765036,155329
232.0848635767008,233.32885289265332,230.64326404503893,231.6262663361788,929477
231.37322607357882,232.79702256243374,229.58999529984223,230.66954404375625,653584
231.54619483172723,232.01907221915033,230.59273157013362,230.83853017074333,724455
230.68065421803772,231.76505210447974,228.80924698033712,230.2256840705451,633820
228.03684265210293,228.62352834552613,226.5767538114105,227.59643308696104,870341
223.38841667897142,224.0506269658997,221.8954335507948,223.52372052405153,230300
222.0273304262478,223.0012061895085,219.5851439609867,222.39979763845864,839215
224.26951651630378,225.0953671602884,222.92975921573898,224.42761109923964,389774
226.53060364020533,228.95309747656705,224.73693796467376,227.28737468327984,514248
230.6437493084865,232.1938901206786,227.92289836670227,230.02599365507598,527985
228.05035882111443,228.49362503222494,226.573486159441,228.17964219334607,966841
226.16741332403302,226.5710759781573,225.04286524505264,225.58480414482838,102487
226.17215762069264,228.12212346340155,226.1541773850869,226.73059488417877,303824
228.69206748256593,230.55762464592397,226.8006751144078,228.19796188165594,443870
228.90909294628054,230.99450109635373,228.0394154468303,229.13588277924512,629273
224.0126505051276,225.03678167098371,222.02995862057762,224.58956243195388,572722
223.3979423771299,225.1779625037856,221.87733603719693,222.67331084949512,774867
223.1225139118202,223.19587858084444,221.52588163698465,222.62947348396423,177519
223.83395681516896,224.8168893337383,223.39843669063288,223.73918428850726,360168
225.50040719955143,226.95738321892478,224.59026414877067,225.48510222455354,481967
226.03170123484142,226.31117022956715,225.34279369484176,225.83318933625108,745132
226.69231237673054,229.24907766539798,226.04996315472945,226.60410510727598,254440
226.45976936979392,228.85603173394543,225.36335143008515,226.8191761281766,662954
228.2142472269752,229.98781904234406,227.48869797208494,228.40247474326011,173314
230.03966170291005,230.52387572421858,226.18799452621232,229.14109962274352,687444
230.54024117113624,231.645840498888,227.59308943069271,229.31471146627942,894116
229.4378349824342,231.129081034777,226.83513725780637,228.72299852998475,250980
229.15085978296705,229.524837491912,227.8633996953935,228.9318983540475,414359
229.91157068179464,231.09275190012647,228.68907187987398,230.06698048202358,183038
230.33795328049828,232.48987117618952,229.48311819363457,230.7062462232369,83859
231.2704640675494,231.72923182983087,228.29328638098974,231.60967144451809,783822
234.50421795053649,236.17193661978732,233.40828393471608,234.76399259959555,808847
236.42368277486858,236.48617165576385,234.66020228692193,235.4108679865217,778098
234.75641195250037,235.2654717789449,233.27094551077434,233.91139194013303,417394
236.36326702106805,237.18728188579655,234.59351326333336,236.0110071921593,791371
232.38451383383438,234.35471196570577,230.23192071501649,232.83183649388323,495181
230.76199300482062,231.43065649993358,228.44766313555482,230.35056113713117,371462
231.0382894721032,232.39140546944873,230.40731839622543,231.14860145695127,119070
231.36798466675646,233.05134029301632,230.75320060908302,232.36856810751584,828799
229.64813529577222,230.43081051543234,227.51064799770853,229.51634671689936,567589
228.27723524920054,230.6635113155789,225.6967564824451,228.66226273108038,389242
226.93595184094136,227.6554627754486,225.89999092802057,227.30329826014653,241116
226.1090797719191,227.86870027820913,224.16004884756956,226.22237555424456,639303
228.16232170793938,229.53116640719298,228.02502829742605,228.38994562132373,190223
230.0164882829832,230.78522214458908,229.44847947205156,230.03224862924196,423245
229.97339172284939,230.32119005617145,229.52006696061378,230.01126563086848,304376
227.9234885954889,229.13898548987538,226.50201153379956,228.78179052136477,787353
226.4237210033178,227.05409934331558,224.72987189357374,225.73735394238327,331594
228.53864759072928,230.03087515117525,227.2327142397276,228.98901252017598,654821
229.93313469573923,231.94090123616556,227.9425235396384,230.37194643526783,362483
228.62226586718344,229.710397252777,227.92713953664014,228.7725938264278,579702
230.39789025702683,231.4387624901882,229.18093336535475,230.44782131612456,166030
230.9811116725977,232.07781676550283,230.0819474929289,230.30907907658596,296180
229.79551209337117,231.27317377511463,227.7215292883006,229.67175417966996,558055
230.95792216393207,232.55947873273294,228.78425948108614,230.69655888810615,347205
229.14092064839673,229.33319361369848,227.62146523677478,229.01517474245168,707665
228.357758969911,229.30630591902337,227.02870830832669,228.25209578731182,482042
228.69393455586007,230.67950379069026,227.7586948416054,228.55235574071418,772784
226.55728834367022,227.6756179623719,226.37301742585626,227.4364366765281,592160
228.87172420558056,230.18216073840938,227.51757585181198,228.98617996387208,64067
233.87204322401524,234.92153653141372,231.6336826793112,233.32966323696925,341203
233.4255252245627,234.19582320904684,229.03838867694623,231.5994419007808,414755
227.24905161254074,230.02384796652368,226.38110761712653,227.79772929294015,111314
223.49442807562656,224.63659801011156,222.00794944764493,223.30547593183167,542367
222.73734541882143,225.11790308787153,220.87900038107304,222.99202308217014,182656
222.44753918515954,223.56353215496267,219.671882823783,221.54026449638783,133455
221.42229634977292,223.4401193425558,220.7286717140071,222.02343935916505,557264
222.6181638790152,223.34575472100389,221.4147692482059,222.34026545467535,299883
218.21010370584798,219.54847424526966,217.46283272251836,218.8259723802345,907163
214.77491925344816,216.25032689019176,214.2821254403399,214.91184675534348,840294
215.55554642094845,216.92478865464426,213.52608917541804,215.57034029372116,57420
216.3459285862683,217.8157744308128,214.76403271295834,215.88406979890033,471662
214.52509234521463,216.30613422398213,213.50024942773487,214.98824876438044,884432
211.75666749031856,211.96646270217002,210.26155468546287,211.47608818604022,578091
212.50455028518684,213.05300199758628,211.3998143325891,212.4965698815666,994366
215.35552777137804,216.98142510670118,214.30459447742444,215.23809671285795,435923
216.27256719248734,216.46189135352498,215.27271047513622,215.8588380200303,659539
213.50954064348556,215.31682372664594,211.43938600550862,214.0586252886044,981421
214.52264981644606,215.52326061958615,213.4709685302152,214.1754307613519,189332
211.05016431641067,212.88555156305725,210.58406766843305,211.29057278094493,331376
214.02723300806707,215.3648740121092,212.5429797331729,213.55916536728103,50528
213.89842446206507,214.5418435772648,211.30307890596833,213.755397461776,836336
209.94207200553535,210.63328241662504,209.40981005096359,210.03008653373794,177084
209.17334232186266,210.13912701852578,207.68217784906156,209.42046935261712,337258
210.7604745617031,212.18104002393025,209.51743377783114,210.41400896106333,375604
210.2643005996565,210.66519914414616,208.5326572110546,209.735368267413,816166
208.95550956102906,210.32308497461875,207.33264768305014,209.17843166027885,70861
206.18524684762582,207.13934745022212,206.15244969760883,206.6535264522504,562105
208.13699124299723,209.29683585333788,207.36807709317154,207.84840992014688,281950
205.92727182239372,207.77166000626974,204.33668167036427,206.52558923505114,167125
201.61207499695738,202.1424991303792,200.54507267615557,202.13986721852768,758726
200.98286057266284,202.28091405131946,199.85019675583553,201.41093949445303,327492
203.2481297901117,204.52917207794417,201.79812697197767,203.41714929597848,171230
202.11023311160207,203.71858239609818,201.63907464015233,202.65185337976206,402793
205.42565891913233,207.18084197507855,203.7483137106647,206.22531817551408,574086
206.6621960914069,207.40957718431557,205.12063019638725,207.13257104190222,624653
208.12330858086378,208.49670591962686,206.66833569176507,207.85622395595823,975067
207.08230020181423,207.79003244267386,205.75606331268617,207.610271421692,654671
207.34809389265558,208.871620599399,205.586688146496,207.48929852623252,713073
207.7699308615837,208.7367440784563,206.2980268046647,206.9641373257898,739380
206.3398324380468,207.3598888203362,204.89874038674353,206.36012759754058,551330
207.6214217842227,207.64560559626582,205.35613520668673,207.4792856141231,469736
205.17829272143928,206.57435570581276,203.7580734574042,205.5672423969375,87052
204.26779858400445,205.67743252630984,202.5065074430585,203.38775001857277,529792
200.91845512103944,201.24190379816633,198.516551927547,201.13620295749368,934213
205.21999236718025,206.01044802049603,204.0517891540756,205.31365838169773,889385
206.96980930713752,207.02961377276884,204.52781129305063,206.42605884282244,508491
207.00100890234967,207.8505646371969,206.22777614158576,207.07627460313387,160703
204.93806837638652,205.40881610093558,203.23741230598097,204.91844178693674,100147
206.10421576664757,207.48715100909584,205.41155620551044,206.22039552050086,913644
205.88750938673977,207.13533486360464,204.6583295136386,206.00074073365454,319263
206.6160383435604,208.4496551066643,205.80654138993253,206.46304839437676,334262
204.7030773804801,205.6933830608727,202.28833664085468,204.47694910776582,529937
204.5618990030219,206.05752598145463,203.67479464373156,204.82540624550168,536999
203.6669920545152,204.65813639605577,203.32560470533545,203.97952150427244,241633
202.1974059910489,202.78633153337563,201.12872080592263,202.4440379300033,351256
203.38446689225717,205.486600211824,202.03983434400712,203.95605537488598,437013
200.22496261954052,202.6173771375099,199.2398163455429,200.86388261304342,331822
202.1417932867418,203.58042977863659,201.50454128946478,202.02172484744105,279773
203.81149725271555,204.91079213974925,201.77940987703894,203.42962087592426,979945
202.0195025169627,202.43924234370124,199.89802776271003,201.66817828202323,595934
199.08761691974246,201.72592589178848,199.0764425392454,200.04060687946213,769834
199.5170852865071,200.9600333177109,199.04444544473048,199.6149225832631,875371
199.75744767419954,202.41585042198875,198.8542010151686,200.19872247732388,539685
199.97040273522924,200.27770288213537,199.23178486542523,199.91293278973637,30551
200.63384174717726,202.32526355576198,199.31409967263684,200.80164104366438,777015
204.6355271613591,205.99580489444426,202.24366149920291,204.39356119649523,376322
203.3709969467462,204.18699831746298,202.58654224254875,203.37878761135588,927037
199.18203946868573,201.7579708951051,197.24396504026797,199.94021351607927,908330
201.2286010780625,202.87001959749148,201.1088697724472,201.61856601183078,950104
205.06404422286204,205.5129952237147,203.75595281196541,205.0616716122284,768353
205.92636620419307,206.88289066440933,205.22714848651378,205.8892606648879,885368
203.1095837894557,204.12082056311613,201.80314846014704,203.68220649708556,157373
202.82517351152148,204.18165279873867,202.77032359388437,203.45036007136468,695195
201.23015319677666,202.66119709686265,200.97737231975523,201.20751922709425,200494
201.9568542579283,204.1390973052897,200.659092125979,202.52541085364774,709664
199.16021880689857,200.95884166476858,198.54083106752532,199.82709354389752,706821
199.07079095626085,199.79606556025533,198.26840683364233,199.24817782829956,305583
197.08407701329884,198.48902660674702,195.01294892179018,197.2767951723263,666298
197.19985268304325,198.9633538625789,196.13246619926755,197.54690327130407,434606
196.56716095758878,197.02458934316817,195.05269952749467,196.84421405388318,300200
197.21764510561846,198.27264834029572,196.67534018496528,197.21218795912108,47991
196.99185580680708,198.1498178581993,196.79951514121237,197.27599751720373,155225
195.38628438563688,196.92224210327876,194.42918555821248,195.3586618345406,410080
196.45722133939114,197.81734826480218,196.3533756651057,196.60682676252918,878689
196.59652239530192,197.86517058765583,195.95985524269992,196.5306256154566,404303
194.95872219024346,195.65165756254936,193.50499747195175,194.61689490976798,786886
199.3813532354416,200.37924796640988,198.1184555400313,199.04725327855172,523342
200.53316800509168,202.10355425489783,198.81701913691225,200.0178378588322,411266
200.0663050213666,201.02769580113502,198.37313139726947,199.73149635360377,443953
202.69512297911072,203.81481259524546,202.31222385972418,202.5984602019908,886089
206.2062555617232,206.46609270324353,205.75792250120537,206.38516328033364,601238
205.94617139799806,207.0941616272257,205.62988903267896,206.10601111213168,162805
206.48082086659625,207.05823702039183,205.6779346324002,206.84394671139,128873
204.8327225942125,205.5397161306525,203.3539816964435,204.83086711698547,290446
204.83534797531124,205.89855540929432,202.61217420293414,204.55004669264446,839198
203.86737455579996,205.65430242072446,202.73153856736954,204.16368449885204,516541
204.5466115715818,204.9714774858446,202.68121058087402,204.5618382787519,462849
204.98612200376533,206.52063135431922,203.72515375437425,205.2641984336209,615443
206.52362812022128,208.46608201804082,205.3384604554355,206.4371910804923,338476
206.72166241437012,207.58599240507056,206.06715530097753,206.94905115442702,162829
204.17655618635052,204.55236041972327,203.73645767667347,204.4789849282744,905015
202.31374328151642,203.77835280402803,200.55977043340286,202.58925116860817,501235
201.70830335532213,201.99553779071957,200.53010445359337,201.5054563667696,223312
200.9187377096676,201.46865886538686,199.07733966513035,200.95762277066692,66267
202.92665046502626,204.67877040166184,202.49013481664124,203.1006759509364,276819
200.87746178054465,203.01292937681362,198.30571274249664,200.77249611160224,261585
199.91032282664688,200.4759306370803,199.05997663370013,200.07619247967088,700664
202.46739330976618,203.03181991870673,201.42168318636837,202.0122524754515,913152
201.03518551069837,202.1688448134673,200.15938902131467,201.4275123841655,672423
202.30161355139293,203.05658585380516,201.1866546557109,202.37729112795705,90175
201.54744810289955,204.29811764223152,200.58197657521075,202.1152971833998,237170
202.5146350403659,203.34593596014656,201.81514771435232,202.655226857525,353913
201.53367597023905,202.98880354413282,201.45098112687452,202.21296411548875,893579
203.8906039259692,205.89862714877054,203.06004128615822,203.58672365469488,604906
200.7927625661666,202.14410366809878,198.83676377760523,200.48541691158178,986426
200.09164812153418,201.68391696934958,199.3066846609391,199.77832770964127,973101
200.4033048755256,200.86055735687142,200.36150498921458,200.3917332628341,892478
201.12966079840086,202.17117338717264,200.76088941313316,201.48422080420426,457679
204.20790809020878,204.9200031077942,203.24117536875653,204.53530391903323,740142
204.38102472728394,205.89421781848046,203.20276043299145,203.75745679442468,242006
207.40894136908588,209.20836526586942,205.9546500480031,206.8151019558897,335699
205.5275336884448,206.1853609162848,204.94197498193262,205.4771691150234,258774
208.03151704798816,209.05995045954228,206.36118379895692,208.24627478148372,182000
210.55135105091722,211.40166895759492,208.6175095926516,209.97659328334518,875177
207.7990498578802,208.16264931607256,205.3773849369473,208.08808552436656,346727
208.84439731614393,209.46644740554055,207.94416067895955,208.7488532966082,634977
209.22699807934373,210.75849757623394,207.79780880158867,208.66279170811447,120342
209.64199299154825,210.4917141654192,207.84944785781593,209.99324386056836,552857
209.89338591652137,211.00140167976505,208.2523332722404,209.54586516917934,111911
209.14143800902167,209.36646229127925,208.46941299487906,208.92392280197245,745812
211.8083993960954,212.7927572535397,210.39579327232525,211.8251405903231,365143
211.21679558328063,212.33781793914395,209.90945091622436,211.63729077424992,771350
213.10568362876606,213.6998019031951,213.02440774982136,213.41489610103386,378930
213.07907903585996,214.64971865539368,212.30712064530238,212.9557984671878,221610
215.93998562777134,218.18926126415016,214.73699248231404,216.5564511579755,526692
215.17020477967665,215.62020827381411,213.10504050270595,215.11395512243388,706833
214.04964907693585,214.9810753383798,212.3014500484464,213.818275899764,361752
217.55248888334353,218.66917624717956,216.40643839060738,217.12465769778726,842757
215.57773243699557,216.27837927117085,214.9578614568555,216.18233262539565,971759
220.27173931270207,220.44987787479377,218.06916046260162,219.69339763103002,612748
222.43531148199548,224.40583327717852,221.17843036326516,221.68364277157195,29500
221.5447947764289,221.9445987912215,220.79270017407674,221.3632098413278,836591
216.95579995745365,219.31480817649808,214.95374832254117,217.40715834207074,453334
217.24424730287413,217.59640920232755,215.9645803967728,217.38690062540022,163943
217.6089880863369,219.14799524618257,217.0162176028154,217.62970523518717,781810
220.3259359008546,221.2218011348257,219.89990688784027,220.2068200824428,537831
223.7648290244462,224.76901871450698,222.07253262796513,223.75499206017167,437456
222.37473809787664,224.72475157646173,221.0866308656094,222.24976032663557,892256
224.01927643174838,224.33720261429133,223.0461661263967,224.05994185809482,919201
225.92378522379764,227.45654132974735,224.42170141793085,225.80406070687152,671328
228.05350921431216,229.78409445526236,226.80063017974518,228.26375082122277,21385
229.2726849350922,232.88390098683126,228.06585830897936,229.42786384720978,757390
224.77748784640613,225.43474317881908,224.54654270183104,225.0367415011796,204407
225.57137915976136,226.27562329594932,224.27811994857933,224.70972543259847,620334
222.80031196814232,224.45967674745881,220.54046035789477,222.14990113829253,166763
221.96868175909518,222.94516825339758,220.2418979377431,221.72243939431254,348487
224.52195113657268,225.33266557941235,222.55205795743495,223.9284024834624,862796
224.9939530034836,226.76522565291324,223.90730599126877,224.63522791376036,83349
227.3342184472674,228.28908915811428,225.5938984566677,227.25183004180067,997373
227.36590588441496,228.5826954882217,226.48196054480826,228.05260481652826,846510
225.0153451345063,226.7495382416847,223.01167340598516,225.13338883804397,694516
219.40389384325377,220.89594928970283,218.79844198969866,219.55100965818653,53305
219.40162654637214,220.79306781035118,218.65036529910225,219.8999529007641,43665
218.79969313014425,220.3120288624528,217.80510551660865,219.4519756246668,226185
217.55439577683444,218.04504189482836,215.70106179323088,217.3402203141626,392678
213.83538433931096,215.36971535509795,212.65069807445659,213.69669333798188,924660
211.6582049572989,212.985113014978,210.57598659767,212.15353976055314,571337
211.446597190024,212.33223438566378,210.6377660950762,211.76249537756684,679812
213.6937407312476,213.938064157123,211.96113530641344,213.198598808165,422757
213.24750690559492,214.9419298223888,212.2265186756502,213.62249834961523,602006
217.18133350037377,217.9358759792079,216.53246732951834,217.1071701669724,362668
214.81032601047576,215.11495300146157,213.65424380582965,214.89188964529143,643037
217.03483404344163,217.3365544874487,215.63309016498837,216.81525938879497,760390
216.56808022679027,217.87219581649575,213.95856437938141,216.93952740594207,701682
218.51299383561917,219.47082085327617,217.7817432064106,218.4736321065572,695078
217.6172030510709,218.546292116275,217.00387793287803,217.54379395186857,86861
220.010933133861,220.85835621172427,218.6260596586932,219.90969515200555,430106
220.61682392353393,220.7431135604941,220.136035043877,220.5819393936445,899235
219.26121124579007,219.7822535959246,218.71999411786535,219.11019641394716,394518
220.06622062083594,221.94807970636055,218.95473114245937,219.10576160510104,486379
219.72318499195705,221.50485095014804,218.01832467867155,218.60336834926179,572142
219.41644900161472,221.17672709780567,218.81297987569982,219.69731714402673,270654
216.1355446859969,218.5469088197739,215.8869426692128,217.14232201348733,936966
217.35886976700073,219.0356342806121,216.1778138437965,217.10030534376568,424541
218.06321360760535,218.42031736888734,217.5247002973757,217.9820142348744,178872
218.538592625319,219.65287394523114,216.66371172193888,218.07581748366732,982193
221.18109733983857,221.54365707345613,220.31911714279804,221.05514635132857,692797
222.8211942096288,223.1980420228844,221.95499882908237,222.79508087073685,812549
223.30373594752086,224.666825454269,221.29442165626298,222.80069360237337,392324
223.87298485729636,225.62820532175576,221.94076141749233,223.30633138024604,342712
223.36879513890403,224.9796351240187,222.6740552246379,223.98994616474513,538642
224.550273197364,227.15486719599872,223.12317261854392,224.91761142353423,716860
220.82408200743427,222.11541130344793,218.69386190740326,220.87072679475926,531837
220.27112559499486,220.85917095225594,219.7953621507909,220.2277681985475,710295
216.9063864310132,217.38201264064867,215.33135885238792,217.0044651593701,777934
220.00907094637262,221.78111078691467,219.45312942128848,219.8181776852217,88399
220.14413086463583,221.32969008011756,217.83315147273166,219.7064296110771,855447
220.0595810057837,221.60619101915273,218.67585218233123,219.3039867904962,511904
221.5579021285593,222.21679090967893,220.69317481481858,221.30167328686233,486525
221.88160620179158,223.53493160575783,220.0072323948081,222.26048639768382,356226
219.72327531486897,220.54955310990212,218.1490185068948,219.78805838364525,492478
219.62113354837194,219.83407204866623,218.97045711894881,219.6542364264057,386342
219.1665052332761,220.22112414931098,217.7627888352407,218.94115337784385,90347
215.3433419458762,217.12540298096224,214.5587058189739,215.17629282901814,601921
214.59387845539504,217.1258040000164,213.67006759987885,213.7174672969357,447950
213.14997815211203,214.56862486143768,211.9631899049713,213.34690294826518,947041
213.28710930411296,213.89978937189622,212.28538069211828,213.12311084280333,387000
210.997447835953,211.56534584854688,209.5542862634938,210.00842935152028,715754
212.21358124917117,214.13844905328597,210.3218785642623,212.46224999723125,51512
212.3282763105908,212.75492400188867,211.78609699494356,212.26665585391555,496338
211.96629513830806,213.82600754121083,210.8149078155314,212.3676191831807,583567
213.27649071258722,214.5307790468988,211.4844288067688,213.24148204832062,101690
211.2585685275102,212.76290912435442,210.36455734405982,211.588738852321,552910
213.02285332117916,213.08583229869788,211.9831192611294,212.57780005485992,471609
211.8825024127697,212.71501533340015,210.571784543099,211.82009222415692,681699
209.55765214830365,210.0817558369535,208.2233777950865,209.9504262552061,574339
211.5339776056256,212.2183445558036,209.5677288784563,211.17895718589804,310108
214.4511381943262,216.1134381748331,212.0988196038012,214.37410670115096,218998
216.36672495888533,218.2476384840311,215.17167977823047,215.9551926337247,191770
217.4791006079913,219.20924069713178,216.26392264603987,217.97943430882617,277121
217.02917491924072,217.7429792013272,216.61063300170835,216.86920160760522,160010
213.78347536620842,215.87092092653577,211.95934282202782,213.4533306453108,65893
216.49608810707045,217.3836039291132,215.29428586314373,216.67956260587334,652087
220.64245927980963,221.5517982309127,219.65752638860067,221.1994406778441,471798
224.6423518832082,226.25377006388342,223.93566782525318,224.6610470501583,464748
224.4803484024841,225.91100703655172,223.0447424422255,223.93032389145927,841877
221.88027510037827,222.62851579874297,220.11788601681602,221.38175423688972,861183
218.86925772751778,220.21810807965855,218.4093064257217,219.0569581869545,641001
214.86823595621541,216.78390007649958,213.99186550240478,215.42104316255723,510091
215.02578167361736,216.41893009552194,213.93989413725055,215.21137123134451,16859
218.5118075592503,220.11145193067188,218.42852405165382,218.71673536396844,149463
218.62399045408233,219.38542620315422,218.02571320740026,218.42895664393373,497990
219.0662125193815,220.553708049707,218.40463553863876,219.11222674560742,198725
221.8346655683069,223.29191933043705,219.68182775456918,222.16937003909618,779443
221.78427094213143,222.5792718392168,220.74056359417185,221.29553397190165,434274
225.93225390372874,226.89525527765156,224.7772789248568,225.86881825426457,140300
230.63716859774996,231.7226150340243,230.0036663906613,230.4364972819958,515677
229.3635445375015,230.3103750490084,228.75096257923758,230.1575814887474,638880
227.74544742719863,229.5622252058397,227.59126947903604,228.85505798229437,337724
229.81669582074716,231.67661990847054,228.2054723245875,230.47934504109494,745587
229.4819668597526,229.92026579830485,229.24712391241317,229.70273113433365,296545
227.34586575998202,228.05978384398094,225.33077931784354,227.08410318123612,716495
228.95771449098558,232.83114770991557,227.4915399006542,230.03531347713553,174284
233.61581465682147,233.99245589153836,231.76225480331073,232.873947161871,824714
233.339272071491,234.23729185488216,231.4355907383245,233.25969971112036,504701
230.98220484407804,231.55939430266488,227.0592059993142,230.35550197221554,92628
227.16008789698077,228.6213470828146,225.69886315766186,227.5633164775161,809675
228.05983282528354,228.6425815661051,227.4566435968383,227.83024376203466,415580
226.75552930822437,227.72383678524722,224.5705577039357,226.7168985941927,615727
226.3370373184263,226.98082108368914,224.71149335977842,225.96749626065122,33474
228.20471673963246,230.17572195035302,225.6183882026551,228.31147124183312,30850
230.23224829374306,231.43979597142643,229.213679494818,230.014555521811,549195
233.74387932882243,234.20928256636856,231.1666386513848,233.22974985185266,362478
230.65303882907534,232.69114676013487,229.49988211380855,230.95382213699395,642538
230.297106297359,230.7865337426465,227.2000344166552,230.18558403708852,44011
231.086665878044,232.03388098269647,230.1264550877422,231.96249233751595,59071
233.35490474002492,234.51954932562987,229.76394818468344,233.0274996959026,289812
237.57467103211306,240.1218975418251,235.15402954052755,236.64953108343957,224436
237.07905891902425,237.78538370576186,235.29127080105457,237.6705906199386,534704
242.08380158378802,242.37188524069148,239.63851374991617,242.12805351721875,630651
243.89220012800408,245.66226654756733,242.8215208911024,243.463470062313,670945
246.1033127848015,246.85959707577427,244.14196174101787,246.08784986781416,776379
245.398539462318,247.07604601351468,244.3064007374463,245.31753583203943,864364
245.18523922081565,245.98750761914144,243.84815666898032,245.37712385759764,788117
247.43528691531708,248.99105486847006,246.1364536225637,247.64734845574222,331820
251.65576217118132,254.2751500657046,249.96533197987029,251.69940390474025,113930
253.5880861932447,253.94722551708728,251.89580676264848,253.5669532021497,433064
252.7827709594984,255.42659513504813,251.95505520187092,253.38148163414274,634486
256.8873040907955,258.7297284519179,255.5066472161674,256.9212289903348,924152
252.1645641991123,252.2987831374147,250.87247272085693,251.37598068495092,380211
247.6431466754648,249.50573863548902,245.6693017757803,247.8509120614984,1429
248.9535094419695,250.87344184503436,246.44360369899508,249.57107555559458,446175
249.5556539281411,250.9476262791041,248.16515873646273,249.63125029287286,155339
250.81352098322236,252.68193755522054,250.76788963672135,251.1725031608465,721316
250.68665417771976,252.3520579525119,248.87447973536607,251.35946394529674,182418
252.89434606710253,254.21200068858323,252.13915367778696,252.82397581949465,537953
250.442135189073,252.23407010594693,249.05294542916704,250.79841040078045,653110
251.94331505849897,254.08438479435148,250.16547015702918,252.25849396828107,386229
254.88317029244322,254.989843206702,253.113242422112,254.80498217059608,678466
257.1688627762123,260.2486472930309,255.0491315160346,257.9598577773473,930393
262.31611078406655,263.63682130247196,260.8893362298224,263.23298794958237,552957
264.256799369849,266.1818798674311,262.4459440476145,263.90270939028164,116848
263.631021149696,266.03936432087636,261.73014364758393,264.65302304856675,307478
260.1693150335948,260.9799955855117,258.9241909261885,260.67851281181316,752316
258.3893636968564,261.0303374735506,257.63065688332216,259.32284270632067,572394
258.5968320213235,259.4085946511746,256.9531762631935,258.84850341512214,590235
261.83169410304595,263.9803862261314,261.18564634876327,261.60772715092577,446214
260.09860174559594,260.8444333116252,258.80308016510116,260.0401769854549,954356
263.39949897563747,263.5351607032613,261.9182679605174,262.14546146872937,636393
262.73733341644675,265.2600152018423,261.2929499481972,262.16742567755784,338262
261.2421084297038,263.1805523811152,260.33821664650196,261.7295314453501,778165
261.77977766397225,264.40272506322736,261.2438223724362,262.40801131046373,589550
262.82483929733394,263.46759961472196,259.23961228667014,261.4097301687312,603908
260.8698282041022,261.04602793219897,258.22003442203066,260.3166179024815,374635
256.24367245730707,258.8126708833665,253.6533406029566,255.94198360458543,639083
255.37190728962463,256.64384314422097,254.20090336899017,255.33368291185332,536383
254.27553493573177,255.92172890760082,253.19641560980074,254.1365113018839,905937
252.10438060210677,254.6162142962644,250.23609695032616,252.85387654817515,991100
254.01530433151407,255.0297974719661,252.5680451355096,253.93554867581906,748250
255.67555096304451,257.1274528105519,254.26620854777457,255.63913189782394,24212
255.79563871998258,258.7657155474292,255.12253707817987,256.25902619894623,645478
258.56969547063284,260.1175393439176,256.6900117416118,258.8484889882056,786307
261.1576624692669,263.2015617144293,258.5794197480776,260.36865359422956,445389
259.56251575899967,259.88032340464423,258.2689208814309,259.6275134656085,892143
259.52503894820535,261.6975962070025,256.5295815619696,258.4544321424734,341521
258.3874467125071,259.4026572753065,256.62909275672115,259.29012870274113,786552
260.5358542256537,262.9020332426316,259.77770928564564,260.8082058998851,743792
263.6874187678842,266.13845010738294,262.54284628161616,264.50594752645407,964053
267.0547496846854,268.9637568302806,266.526877405226,267.70227998142053,810404
265.84221406520413,267.5351491498486,263.3468284458273,266.28328874332203,354107
266.2061730064503,267.33536813999535,263.92830944131066,266.03840406666444,307500
267.99929840094103,268.67947832665595,267.17111324589837,267.8563562290767,310241
270.39161282643846,271.9459486167369,268.5376385151747,270.75946138857614,579344
272.123217759346,276.5184817742504,270.53516734275246,273.34111619466677,463748
274.00127890630216,276.4417864136835,272.3901105981091,273.1938855909149,54707
269.6621360370789,270.46039305926126,268.21324649675194,269.81634401893996,891421
266.5647238077342,268.7115355737925,264.54545494931824,267.1611826118054,915079
268.0646551674849,269.482164307211,265.82228882062077,267.9173377216408,220870
268.9726103501926,270.2026542855375,265.63741150058104,268.8626749993175,28584
265.77986538049277,266.48118486881106,264.3757855782798,265.95149795893843,385888
266.1757134780128,267.8626536881358,264.9560074584293,266.09666626181547,657938
267.189771696132,269.82722259923213,265.4032284513512,267.8084251412336,22060
265.1719009942407,265.8343810005446,263.59097872200283,264.7694975109608,521050
267.204390878023,270.6475999655047,266.3372360276958,267.7381896605878,505931
266.4328958489212,269.30776474825996,265.84070869505746,266.7559744959725,390835
270.5094900106562,272.3068894180894,268.73169019671326,270.15893080075,910519
269.395596295499,269.74711468566835,266.81226874870543,268.74847203102985,231671
266.87387526591766,268.5296210689923,266.00724802430744,266.03014758118195,93052
265.39987195115594,266.9513820874365,264.2154950564461,264.8406353984997,142472
264.4437156811116,266.3456667671617,262.8894924930578,264.61522454848483,173697
262.8031212515441,266.19149357140583,261.7425846126419,263.6156019718831,30570
263.8123737303254,264.992163199787,260.0614765736805,263.0731090477465,922366
264.70321829461017,267.65293324451557,263.8548746007604,263.97954688248063,738368
263.20020446577695,265.19358910485255,260.11650789289985,263.5544090217245,164509
263.89185829523603,264.9813649851375,260.9985658542057,263.40656381707737,537915
258.79645591069453,262.1274349688669,256.7966608635071,258.9685030827977,208918
260.7915632038765,262.7448074375853,257.5881018449961,260.0108665969089,621275
259.53748211069325,260.7496095765057,257.92475876200416,259.8050109491996,482016
265.09382359404935,266.48626860474116,264.0199204521981,264.0489021934477,316120
262.0170757666428,263.8264868419262,259.8936750756554,261.60576842678176,512093
257.867106057993,259.03973529910076,256.80000391632115,256.94337159203,105099
258.32238949274205,259.9589121096317,257.4402409645779,258.5622304057356,627466
259.69591867978176,260.3577249513758,258.24907485140875,259.48571988281566,896146
256.40978868085915,256.92209935103847,255.82855578052752,256.90781949150943,689544
253.46009829151723,254.8083179389838,251.0496777671526,253.03298405357154,683500
257.4409279429639,258.8362792601538,255.85875785048623,256.9788586090627,89835
261.91434325901207,263.6380955202326,259.0413040499554,260.66470419782604,380449
254.53133973264553,255.36402141703905,253.02193758149463,254.2861876080249,447899
253.51557629845254,253.7635999963253,251.78739767996754,253.14896889695518,183471
257.18044045402485,257.96446995639127,256.5787930082542,257.42284544450746,61874
256.50331622283903,258.5981534819918,255.84721540402495,256.2258854046525,248658
254.80364444316749,255.76242148091725,253.64716867377751,254.99738697426716,208281
254.36173294661532,255.29619615439302,253.76834820022418,254.3028055145702,491906
251.58117612599455,252.6032898911455,249.18451989294144,251.49339705287238,598641
247.0928357839526,248.04401808121514,246.87769334941282,247.2670625662743,669026
249.9398609857151,250.6697772370416,246.9067484443142,249.90839996898967,583461
245.18528974067468,245.9550676362949,243.73720693676609,245.3694616882082,343905
245.81471111212298,248.26523871822852,244.53451283726108,246.00153999520788,326356
248.7515495076458,250.50283555159228,247.37828105849783,248.21705644649404,555131
244.75117782353504,246.8911505244763,242.95983840505693,244.66534254600566,137991
242.6069237097818,244.87481790750644,241.37501843135982,242.43863916032043,55063
244.70699854949393,245.9253359831775,243.26287914193696,245.42230875141166,329922
246.96729310638625,248.45659576165764,244.90133725086955,246.7583093822736,580760
245.52451031795277,246.32036920340232,243.54552760256493,245.26432241498298,547257
248.0578515296408,250.32867214709177,245.89489035488646,248.25563114200847,14081
252.34210641838933,253.04250373465686,249.63225471947578,251.29419471149833,329569
250.84266312127951,252.45947345973232,250.30430536643055,251.9964172590116,696458
250.15501182159835,250.32958560303317,249.45365121096953,249.7631997304115,256259
249.1121944897565,250.13155542833252,247.35628679154104,248.75756331695413,240424
249.76618693311622,251.70058503620444,248.07970531295777,249.49594144613548,60801
249.13852407034074,250.57568005766456,246.36653568752527,249.0507522565478,941729
251.70229608197525,252.05267957324384,250.25563544173227,251.4253865588533,240621
248.06315630014882,250.9054583068297,246.11680214502815,247.63317819368433,942105
243.63058099312317,245.68014866545974,241.84439627034504,243.98479205551706,380696
244.5972105610339,246.39065365116787,242.85216931361882,244.45093326289373,581025
243.18742972631412,245.43085866777847,241.35578301298597,243.27662313089502,687125
241.25120706505461,241.79929598686562,240.63713297938102,241.7801099531943,894144
237.90737603845918,238.44640220562152,237.07464777756744,237.56662473799457,59576
237.3686005342441,239.41174372569282,236.38154652671477,237.63682617452497,730433
236.82365755214332,238.14518545520684,236.46316477739913,237.53524600974646,457031
238.85866173673404,240.11478387514876,237.69273021194084,239.11648222616924,522340
238.92287287871102,240.4459491904813,238.20102697633865,239.30523425461888,303952
239.5036537463708,239.78334224142614,237.585917407704,239.01201606343986,602589
241.94009950374542,242.88791156641994,240.84899848483073,241.8659950809841,38950
239.3962457228606,241.25001286228144,238.26977684696666,238.73619612626743,279866
239.72418918393936,241.76971958293294,237.58283594215652,240.0441950919591,66857
236.50240904918962,238.47461304102268,234.8507502026914,236.08964414123955,21642
235.47179548069542,237.36254631374138,232.3652404187855,234.14204524669046,542007
231.50771575537883,232.94714317042792,230.0589052565041,231.3429845283105,196872
233.58420445130594,234.98104628497953,231.69186356696852,233.1823618177577,186586
233.3764437256128,234.7206902398808,232.83947795164252,233.05319071668058,194841
232.38221127183726,233.77186089755943,230.32927466002712,233.04502643638622,661631
230.77317467328248,231.21398970575586,228.7429771525822,230.50310925623782,890950
229.9771926131014,230.65130359108463,228.70013196645684,229.83632302528952,642001
227.9925912213841,229.0285364975603,226.65564123429914,228.11109374083068,599422
228.60546924918256,229.7048552967249,226.77483835348963,229.01037625454128,126264
227.08931686856326,228.5066937532786,225.89376912117092,226.77456137870462,738376
229.38633739187142,231.12169228705065,229.32881675926217,229.83331894953872,249612
227.00152911023858,228.3471874773874,225.14633089314032,226.03696356263646,544075
224.29488909932022,225.65282064433634,223.01995013448249,224.24368570716982,921638
227.50125078090846,230.01756637902417,226.38588480681923,228.0592236922193,889567
226.85826505998227,228.22133172108127,224.8272714170223,227.0917136512942,208287
224.02300571932116,225.94650156364978,223.54801134581314,224.1476920593414,843046
225.745676692549,227.2242558096312,224.10005609392712,224.66173922308565,40698
223.22298901960687,225.49452441606732,222.81541498238747,223.61861012123515,264060
221.7278664744032,223.96258772978186,220.3340355972002,221.77941566787203,393742
219.14822360742292,220.86065016564103,219.0557652478391,219.38420570688186,422479
225.79021399519925,226.9894546310733,223.93386241436767,225.56498353104334,724026
224.78591532286993,226.21157732030352,224.29108364929482,225.02078455326443,817839
220.2484853747052,221.5437695159022,219.6580668191583,220.7513820412525,743809
224.00839576752108,224.87772497680785,221.69871782677015,224.09592520661562,486480
225.35702891130327,227.2297717762043,223.39693225008128,225.4920507747479,124058
223.52763470919123,224.2646910641709,222.33005412281318,223.79271466321623,137763
221.49739967557562,223.9191904522295,221.26108730085977,221.73634735737596,818919
223.78602919927718,224.80309871235983,220.7915585818505,223.25704583119008,507193
222.58630438491625,225.7547796933789,221.60446832947508,222.72873505185427,300213
218.0063054297756,219.14009203728108,216.75435126070312,218.50192358145256,859321
222.258819951138,223.74372522770824,220.53946988119338,222.46442867887825,489164
221.54727071275224,222.42115332973856,221.32633301468096,221.5231974947067,14147
224.2826111557988,225.47298470547452,223.59184583208096,224.8836214660444,755297
228.5406422142979,230.41271027150222,226.7073701631315,227.7998471527714,359011
225.9448493127723,226.3251907317552,224.33725792747805,225.55347817528224,300360
228.57067121292275,229.2499321574402,227.67050044101342,227.91874485960673,416109
226.63905969578593,228.1709038367936,225.1074398983149,226.46145588340437,276078
221.36469947961683,223.90382077238573,220.23546917908422,222.29553868465555,2723
222.05558485832373,222.23863498881596,219.16162288890587,221.37581335773095,518764
221.89615791313796,223.7793518362365,220.12079507494346,222.28006597708205,781890
220.92983896210913,222.4679446227582,220.00364968046566,221.27599726576338,455535
220.68865267071584,221.1845025399567,219.64634784618497,220.61967586553766,952397
223.7945902685661,224.38392095999635,221.38426385005124,223.1794052336559,652424
223.91023930228303,224.15661989329612,222.13223091701857,223.4395473015054,766880
221.9870027557689,224.24068879232692,221.3889079556465,221.58536548926847,786291
223.02957077905268,224.96442495815842,220.5134911112697,223.16875088681815,850252
223.486171931801,223.8859780040521,223.03240696682633,223.6326994426364,31500
218.23676937578247,219.8510063112802,215.37356437361555,218.08587851828395,836726
218.9869802170508,219.76197410880903,217.61089564779985,219.0439626820591,307960
220.3170830976704,222.02331368002552,219.24553543491493,219.9259149886999,418316
220.35740790758473,221.1312544896286,219.52994401817753,219.99216913628342,983962
222.2473477120225,223.11632099882846,220.3575963399001,221.98481013021717,839633
219.40521000972893,221.43109412192692,219.32862261853455,220.51925621590084,485764
221.3413240318798,222.01153094699097,219.9410654657158,221.28468030360202,223466
217.81861900749013,219.86994157103064,215.46598229765925,217.8660501375649,406450
218.85016632076386,220.53434549800642,218.4294556343358,218.77664616551806,52865
222.77719298206551,224.30295551889634,221.17004127825464,223.11379344525614,100943
220.34186545740482,222.71092916842306,219.7766442495447,220.92722801520102,782432
219.48001690258897,219.50608780441053,217.4351006556047,219.27690575693717,71444
217.59212626566836,218.03354930588773,216.4611981436764,217.74729356092504,609901
218.30297571011246,219.70528073894346,216.97455810428696,218.05234939519465,623690
215.47870247968712,217.32318387743635,213.62087421066198,215.76822649048714,345279
217.3143883062059,218.58311808774505,215.21072292651218,216.70073056578465,674522
219.00308301455152,219.14501541413046,218.00029088663976,218.56548656575083,111310
219.88894633642255,220.2876042104644,217.48149333720173,219.75848578459485,556745
215.83588545904544,217.27749685462376,215.75116543901962,215.927995338108,728477
218.48121538191864,221.16403730336017,216.83843538067325,218.10937864055012,798143
220.3583611858242,222.26528470857252,219.62811565025476,220.1854945161856,519546
222.1491529205169,224.311089126529,221.92366932601618,222.04320092695954,437236
223.35980418604802,224.7042462183106,222.53884039204226,222.89490541240474,580896
224.0459774714881,225.3896871592198,222.3245353577903,223.40857664790255,300242
225.1840812579548,226.17836486562481,223.8219021514367,225.7495437649623,711472
229.67340654687038,231.964902714205,227.79541407121857,230.1569128738291,696378
227.6408485285515,229.0865698429709,225.4946256755362,227.99664217941879,431322
229.79848729759144,232.12253951610322,228.458058602064,230.49107822852727,68295
230.28656763468382,231.48825153043197,229.44131917348017,230.3154715471945,195900
230.31611244383973,231.66054941755903,228.17276414008884,230.0400108520858,739527
226.54534183914583,227.62819617574453,225.83034762541865,226.5550466847715,375968
225.69200019085957,227.2152693691956,225.64389249367733,225.9333519765652,865941
224.21777400456554,226.01156769328915,221.96498755719927,223.71376579086214,442099
222.76333557234506,223.0309437097198,220.70271947328789,222.70073154471018,98692
220.44158211710018,220.55648348278066,219.73212983039568,220.29047035868788,804936
219.8320225004929,221.2120386272364,216.93891034089208,219.32571575103412,378152
218.40481571518808,220.4950733666373,216.93076733386917,218.45866225337795,84760
219.59310682963087,221.80621751219647,217.31383009663887,218.69200214883588,619622
215.01780251670317,215.49608630756194,214.27600363278498,215.21055154464958,530283
212.99093603307708,213.79846528732568,210.43508469276244,212.1432336475457,98228
212.51858568828166,213.05343777817313,212.42786881074386,212.93369361344082,601278
211.48220822491103,212.19028557816762,210.42259505274993,211.26355682254209,118275
213.2927948840055,215.35448945804256,212.69546621669923,213.5672425310644,545234
214.54962481336145,215.61407515545136,213.84055250659898,214.0702931197034,854041
215.1886600986112,216.23005954292995,213.5556014555443,215.3946776154009,548083
218.60371094294365,220.05420280505928,217.16063843052171,218.47661383735414,562234
217.5393903220104,218.39236864778704,215.92653707208862,217.82279607509452,924891
217.00267895958243,219.1247340724924,215.69453241605203,216.59667923895177,435400
218.22827887353728,219.61221159798095,216.49222083362778,218.51486166554844,193017
220.39256426298178,221.22886969376057,218.50393150933382,219.65302992046017,877257
218.82709133103194,220.7462074890512,218.04291110121417,219.26386367880247,36805
221.75996483583654,224.0967545562686,221.07620486221404,222.3583881457633,934226
222.331451603349,224.50761533696192,221.6986077011648,221.90913540546939,146518
221.74137972035118,222.9742528312971,219.85810492377007,222.00407431771652,983382
222.07018626726273,223.90732049639735,220.2597112160827,222.07340069688203,939373
219.88778146608448,221.19654322243775,216.857264601068,220.02958664183942,851243
219.64425338559892,220.91957805686866,218.7665240042635,220.22238483148269,806451
223.30788702448058,223.93850572832378,222.6380484005747,223.34227890530042,115843
224.92832547715778,225.31273915738598,224.3373284727263,224.36073056855025,823474
224.9031936687461,225.52728158986454,222.68421366124642,224.452879690514,982723
224.21638732872975,226.08794838952275,222.50123989832613,224.1124920214005,492047
225.3779697970135,226.98268997185835,222.7064502780812,224.87772107908097,377929
226.1126153980049,226.88198900139105,225.60384529420045,226.59277390823124,154761
227.8518704050446,228.05480921568116,226.2229353517479,228.00027775982156,672444
227.44751200354304,227.82578463084735,226.4871954323607,227.26760472190932,801739
227.97025293194432,228.63852165344784,225.9114197054757,228.02972984739873,505411
229.03656044017694,230.08694809028148,227.52293903672825,229.14967941427827,680613
226.331171404921,228.80862928042063,226.2558217050531,226.87596581766755,764321
226.33459123384307,228.0436356906585,225.29200156271364,227.28068864206296,652937
222.807267197103,225.04458634404432,222.25559075735484,222.44340920542209,440352
223.65046087540006,223.65954101186446,223.2041379210901,223.5417205374868,85712
225.451231612318,226.34268887682165,224.66456246625523,225.04525070998938,284164
226.5582538056978,228.42471366878956,225.86109426328034,226.75654602978562,966465
225.56309407431309,227.58864456417047,224.6130352585698,225.88510589029417,817844
226.60990367657902,227.51472487300174,225.36201435432784,226.60693604726526,228963
230.2725108698594,232.11590225961865,228.6513902626819,229.87978440773085,564635
233.06821539945992,234.91018896980427,231.91955722603674,233.1761536739602,728393
233.50529448486662,234.19498880410532,231.73332604558868,233.13145179676334,6586
233.00991761840302,234.86781029146363,232.7185116695673,233.47982284815615,780783
236.03540775440783,237.79059895939884,234.80341241248453,236.11164685139215,237380
232.58517796264184,233.3548227870825,230.42135034893997,232.61779755818804,655442
232.45944325324854,234.80332632209291,230.84655754193327,231.89066649030244,66383
235.1296040262394,235.7159970751902,233.5080540322886,235.03200585858565,621123
238.1878807234968,239.48178366261203,235.88620370876276,237.3589863438566,370309
237.61871104034165,238.5588975707949,235.81594414598825,238.26091226009072,353598
234.7844415536696,236.03116586100353,233.3476395678725,234.72345152634574,615483
234.71397579011324,235.13617467805443,232.86159898117918,234.6297915410417,939832
233.56237705601401,234.52409643706318,231.75169732750783,233.2730749620857,544129
233.68921871549324,234.1262103346252,232.0599713614504,234.06998501176076,826272
232.9886909548957,234.7126768411204,230.73738578857942,232.20641247194354,611286
229.8657352388017,231.26075364175003,229.40473770442995,229.8597754614501,892942
224.69508299632676,227.0451927310818,224.36080255749283,225.18466486349524,5092
227.96834798026765,228.87765953836316,227.07008028089578,227.97565459562654,527368
226.946571237844,228.9966983202563,224.75541988866487,227.0888021880885,539445
228.7348866377459,229.9055149466443,226.44848257397146,227.46868894010782,963334
227.9640411448644,229.18125568472118,226.13765208494274,227.4863454800322,297655
225.1158582365118,227.66915831377744,224.89048524130212,225.09350133963656,612092
222.2496656159751,223.08769120045167,221.00924006997732,222.29942364520724,752586
220.51646956779757,222.4310767119047,218.9406048916561,220.09781848642018,561305
218.9703043730598,220.38026616722976,217.87377176459327,218.53373421733,136551
218.08095234882597,220.0787328536772,216.80023557460365,219.35829761627997,648122
217.92139810085735,218.15085349640654,217.63127224716231,217.64151409336168,785261
221.5105274405402,221.93156243449087,220.87263814293556,221.4981383656846,828067
223.2204756933425,225.68555982536705,221.43841376727494,223.80736297581487,435390
226.04366106747415,228.35002942921128,224.41160945995068,225.64642671677063,776001
226.41169855040127,227.60586623455663,224.57536610710343,225.39912094294405,637104
229.11601277531267,230.36048968647773,228.08353627495384,228.86115484850072,765300
228.88824954734557,230.56585399659295,227.53006771568494,228.38560551512376,884513
229.16094713960055,230.35714576272005,227.0851566749981,228.3370526673604,370323
228.3685290209382,230.64677688421466,228.0492535055025,228.74837125031422,662710
229.52656011307835,231.73593016316576,227.60467629172868,230.38246388584142,485639
232.1822828361554,233.43760512520348,231.51655255302657,231.87765770777952,435022
230.687342163101,231.4715102463214,230.64554793787588,230.80164046071636,970963
228.9666991877017,230.09460843942938,227.14104250872876,229.5977133525302,170552
231.0586056846195,232.12940715299544,230.2061759519896,231.09473500597298,3476
233.11552302384393,235.14417598883603,231.5637225792836,232.77681070922222,908190
231.81707748871358,232.9436088133168,230.2027281536802,231.88616642520995,981956
227.8983768076696,229.12468223861524,227.25076046155314,228.25757554239226,131736
227.70579743062882,228.0024339498047,226.4735817947641,227.80763065831192,80676
229.246501854532,229.96146119960684,227.6544662943227,229.25543202546598,787983
232.55448567176143,234.0821955465098,230.24528831223498,233.4553817080018,963641
230.6325620838608,231.30187146186262,229.8329997386997,230.69843800122513,942217
229.12171754146655,231.11750733336987,228.2943227267909,229.73941352476288,156760
229.17108721609497,230.40099015371504,227.33829358786366,228.8694254341245,259648
231.29240456825084,232.22933411735914,229.99120464071004,232.01678071414156,731635
232.4287254427816,232.68590241195935,230.8944848665298,231.9589194637476,651732
229.698677912233,230.1398983811507,227.452668172753,229.88680121009,508278
230.9468114300651,233.60963988667166,230.9358849188796,231.19788109584954,35813
230.42290146488074,232.60688840976138,230.11807644201207,230.2872831664237,504658
227.1135569675035,228.06344037059915,227.1106849305092,227.50761583122448,925119
225.6337968434048,225.84358730290703,223.5675719997024,225.508078004873,512240
229.1395278470777,230.711056656467,227.6399998314533,229.47552994517594,635599
230.12540588442695,231.56628113495054,229.92110866137162,230.3819290262367,514939
230.84037934055473,232.21405294974508,229.58525398820257,230.6533867166038,497728
229.5767503448422,231.76300250252638,228.44792761146587,230.10072685366993,219478
230.21341435860774,232.26376584458265,229.83870545558614,230.7970249341277,197823
231.5827663362222,231.9650357024475,230.17977430761235,231.46785388526249,326168
232.15584478444194,233.5339781384662,231.81518816300118,232.16833537239037,377793
232.53679522784344,234.29511539767827,230.80326226251313,232.45836714782732,845045
234.66387948331797,235.32750772151684,234.14456723813902,234.51020999090838,820069
234.61477512990805,235.99897166395533,233.26067993684578,234.58785591360916,634647
232.61069697545267,233.38800233643562,230.26420690660953,232.32814291535905,468768
230.9777547565816,233.51585593113273,229.1029150098861,230.93275229673048,934724
225.52108945136675,226.6609672800617,224.0503548727878,226.43011756736055,177699
230.28153903339282,233.04620356712206,229.18632158338937,231.08937414751782,358831
234.0139118930764,234.01682262463703,232.99855935291114,233.11504397720051,441656
231.21118680645216,233.6109642585507,230.3596693729483,231.211153573521,728797
231.02169154617724,231.38563221429007,229.58689401226462,230.5834715085274,501010
228.98408825893623,230.41861722874842,228.04375755099852,229.14251918659227,723133
232.7008212889346,232.75398810681241,232.60787283824783,232.72782474237565,273977
229.26160336900904,229.68767943038569,227.81649773369142,229.46967024444106,827202
230.8886035430423,232.66488524724033,229.4206710305899,229.75548289340244,465959
229.6454743285806,231.502040165336,227.31694360489792,229.52922125659185,50921
231.21047551065328,232.7815648863891,229.95175098717047,231.45806986757705,623336
230.4767741667842,232.91088753349078,228.6472984212497,231.2405801697983,695901
228.13013837731322,229.98589406564727,225.44350495779747,227.23314306976366,139047
226.6118776303583,227.35405321266697,224.0661662695317,226.68590344689594,469456
224.84945816522392,225.0300382945495,223.27019497669846,224.51527655203103,992559
225.1011998336451,226.21745188678526,223.85586357522013,224.71648642670817,835388
227.77430035937,228.73048397155588,226.88879487026807,227.98533750555427,269823
224.3777616224409,225.7612444840908,221.95029414627206,224.0764000282458,35177
222.04406002828088,223.7897397224383,221.81329102397325,222.312675225749,905506
220.6714825242318,221.76285682433678,220.1494562691432,221.10946781587452,235085
220.80231943700372,222.37273743245595,219.03121461648988,220.28928125667915,285635
221.87772131477743,223.49323463055455,220.87003976096716,221.9479409290342,722313
221.81504371560274,223.40544709532537,219.83408061983454,221.58525411960653,744735
222.71366692416936,223.55477245190693,222.31182923332494,222.53078178412932,534963
221.44688356173762,223.07225197801233,220.10330223618044,221.164707491048,17753
221.0058165912151,223.15029962667506,220.0247795568615,221.69597253002857,740332
223.18782013544606,224.99577928056362,222.78981641816767,223.44938575486765,50260
221.69726276820998,224.06704085461473,220.00438682342522,221.84122670215675,35683
223.23190650162238,224.94164336429736,222.177214514996,223.60375000023436,476318
223.93523613674915,224.64715163056204,222.714539919429,223.7432613541123,277086
226.6540430282435,227.03224621623454,225.54614162342747,226.11728893831224,545035
226.29204509694014,228.18923426357622,224.80686430032728,225.68486945028346,855855
226.41587203869645,227.94529204459434,225.9777307828357,226.5695790003935,222021
226.63250587977853,228.90111221343946,224.78081408065594,226.5002452009045,318110
226.50676112415948,226.7533491986225,224.4723386204641,226.30505836557177,914033
227.19642462967437,228.95310767194172,224.6362173537275,226.91448062177577,419900
227.75795624463362,229.12071558105154,226.32258913332433,228.15866449567176,665749
226.16847412427137,227.0594505829432,224.45053298547285,225.34794607603126,9755
229.04839117789652,229.66809911774718,227.8032663885839,228.62474030482974,228261
224.8624374936315,226.59358887374216,222.9822924917679,224.43482212163968,647881
223.46197099501902,224.9905868603515,221.6764475422887,222.9254073481954,963273
222.97557365645918,223.32628166263746,221.74034929146111,222.73762930944056,788075
223.2207847481418,224.90943531400657,222.28018498118877,223.6803644298452,21663
227.1934436987432,228.8742991295995,225.25921612548265,227.25660864207708,887026
222.35814059430746,224.329437324145,221.53442420851115,223.09482352591385,183741
222.17153374531213,224.02078314984428,219.9804812073773,221.98725213358355,233552
217.26398565441053,218.235117517717,216.05895081981726,217.33753861434178,965785
217.41039621318941,217.81135908773007,216.56328757440085,217.4280176162281,58020
218.56638409841221,219.78164656521867,217.46479683410863,218.04134005874,715390
221.35732023916293,222.78768063302994,220.3531491783529,221.55982327600447,41317
221.7375797880535,223.1658034435078,220.29404663250375,221.84944655452784,4184
224.21001510792829,226.0756525843064,223.3327405628675,224.20016227488696,439241
224.70553976760945,225.72887877121016,223.00878674052322,225.53550693707302,419077
224.45895328906118,225.54067527007498,223.62416272318256,224.57845761994068,623714
220.3575658981246,221.95286846382024,219.33826974914595,221.4585670566679,385984
221.8305516263771,222.39620578992336,221.57768325548298,222.09062933071334,646116
219.19756264630809,220.24600716608174,217.36189592807798,218.8232920782826,902207
221.89642581231064,223.47310334159906,220.76731600244463,221.69810951148668,996864
221.09790655989212,222.6679068726419,218.9451621353893,221.36124689108865,99845
224.06346453669963,224.72163589158993,222.45122946348062,224.04518324814333,95886
222.5147306191146,224.01181628168806,221.34574963285388,222.99416341752422,402387
223.61580412973385,225.3587579868987,221.675818945658,223.6168521786052,37815
225.42130733781121,227.01038953700663,222.71498780845295,224.10789153639507,78385
224.85639607099827,225.60779643226246,222.2315821837645,224.0293686620413,701382
223.10796381020518,223.8101985521525,222.5462081281657,223.08448544860897,698211
224.05585096880367,224.08933667179213,222.55429398457105,223.98411147183174,174640
221.50661055662587,222.76521742288867,220.06500885765806,221.94142279592893,628107
218.94362293646088,219.34075462901083,218.86353843773335,219.29528007043197,572090
222.220805699815,224.70994740241989,219.9459691343012,222.05995243313782,607899
223.46811568875765,224.24759312657068,223.12866689992035,223.7029557255001,529900
224.27762092290703,226.14516779115766,223.62583496852426,223.872791934655,209715
228.36925880369128,230.7567037990778,226.8472906003516,227.6545665769612,845489
227.2195626666089,228.50303604842284,225.61037143742809,227.06850725644352,35047
230.16173373325557,231.24348403797768,230.098618245501,230.11491123707285,407157
229.7673596149222,230.78046951498212,228.97483649338884,230.5423413549795,591739
228.55597221843695,229.3527639653742,226.500025406578,228.2147408616564,471547
231.96290599515908,234.77591465776328,230.66944401207172,232.49470102981448,928659
234.63665625827622,236.2546029285287,233.90249969622735,234.83298091773185,195550
235.02259165367028,236.21769201949576,234.51893812011934,234.57241159130695,218187
236.79468145404982,238.91076625335575,235.20275061810977,236.30800126685762,696283
235.15986496913297,237.04805246968263,233.38068639775102,235.37947756526884,444672
237.1688499671784,238.4444888151996,235.48435599506826,237.36297278114841,933008
231.45375655119767,233.08718955211825,229.05581635862822,231.7779299127824,49493
228.89951759889783,230.06776109584933,228.20374906752187,229.44921079191616,700774
231.4361212063653,232.49894515925882,231.1933681090474,231.73032393176217,767276
230.42980160369987,232.18843883654912,229.0633867679954,231.17563431440828,411856
231.99558913651984,233.54355956482826,230.37374544287601,231.67908650669835,653378
228.78302051934705,229.07080921621574,227.46296179197017,228.6026422422132,478953
233.15055653305242,234.36963574212268,232.246511142893,232.8894737926547,181251
235.25232084458028,236.6050681858366,234.5559416746079,235.70223117290232,711699
234.6909217304017,235.79363668149108,234.22619610471097,235.25321010313505,293436
234.35158509096445,235.2530244041869,232.76326521681844,234.32650546517965,63250
236.8056365742155,237.2707725237006,235.38969768252585,236.77528076858732,859422
241.4691279573952,242.19900798003616,239.56253794819767,241.54027114553327,676719
243.73819593460738,244.29436432946804,242.26710290760383,243.87939394309979,498531
250.11168397721386,251.1522115787386,247.46216147788695,249.25883203277772,388903
247.20551039895153,247.6602126673212,245.19342787223795,246.9950582537408,166236
245.9696295108329,247.34033911057904,243.76391200508363,245.00398140686937,78579
242.74700391206906,244.6230182731012,240.90185112499012,242.13248859297863,97552
244.05739159757638,245.1917974156134,242.32240899442954,243.22882243433273,559123
243.15703132633857,245.26372421574564,242.42020527928628,243.68068296779674,992242
243.62369944525764,244.46707799757664,242.56613288530477,243.3350208942809,177914
245.12489664584427,245.41921920057953,243.97928367046077,245.33675253169406,521572
247.57726956043575,249.646930881074,247.03037545797451,248.4036522287768,670499
245.39912534500414,247.12701374757663,242.75557134317214,244.66707989099845,332463
243.09228647236768,243.48492169508478,242.51968985858855,243.23515916884108,26498
244.7452103500034,246.14676967487927,242.71203897194542,245.2627646356249,513504
243.9402421443079,245.18238596525865,243.4239341097069,244.14266759923544,46254
241.84015209870373,245.50906791956513,241.06900593128702,242.22588428315666,481724
244.39058703017213,246.11777221429145,243.66705331513748,244.73012461028557,976992
241.51166289474764,241.79192313144236,240.66364348261277,241.61874996299463,926594
241.74922418569477,242.10182817068977,238.85883264454395,240.9152645853334,270325
241.41035165883355,243.47091107518315,240.44018474568955,241.732492702205,761284
241.1710808460802,244.17488979307507,239.3890549322919,240.37339181109814,514431
242.6988329928935,243.70775061931784,241.6152545188358,242.28750788908866,974375
241.1281487190823,242.08724587083694,239.92029135586768,240.93719560062888,964291
244.74518720934802,246.28520286459002,242.9989523122877,244.37953675550955,974463
244.10350673566444,244.7394234112682,243.03391619404243,244.0968401268793,858845
246.3976099433242,247.04624274700726,244.64745864555113,245.7654765101404,101225
247.91136703472336,249.92237276806227,245.63761039404875,247.63056375026716,594843
245.2866892542764,246.88386480196598,243.85888810331494,246.10605802126986,994374
241.27081978111312,243.23726227507922,240.75484228045235,241.12795053875357,206067
242.40308562541023,243.0617044152628,240.8753961867248,242.02360561187035,808104
242.08283940601444,243.5224520847311,241.2634012305449,242.2228448006553,585123
243.6588006939922,245.50195667882218,241.99854153657293,243.59728951723469,718881
242.77246981200494,245.06626903734613,241.4836346091032,243.07040509406625,840636
241.38370475091776,243.43005325146956,239.3582703944057,242.05061502556813,6084
246.2201406252244,248.3566857187164,245.5356791282013,246.98598333724493,902213
242.65220814751294,245.06996680846652,241.57902063858327,243.40045424001363,533777
245.54610907488942,247.1157646896286,244.7747153272406,245.21798546701757,796136
242.62293374951528,244.11205395618268,241.44024613168338,243.83738129040705,614781
242.72033548033795,243.33200818844452,242.62561218252506,243.04430378000234,651567
241.92801863635958,242.62062657272764,240.48505017106297,242.29905276788674,182132
240.2485223533604,242.1388657888795,239.08725199187182,240.3841757283249,920757
240.88769883601574,242.7072969936228,239.57111405850716,241.78541498138748,314321
245.39385811634898,247.22464150630861,243.39007391650765,245.19579479155547,997544
245.74824564670416,247.9058687333781,244.3537699663864,246.37559744496417,349383
247.2137286462157,247.70635637650997,246.36659701024806,246.65510143918783,105485
243.9546384895968,245.39157734674583,243.14168852315822,244.25838145058069,308647
245.50163662467364,246.4412921276952,244.33318256259005,245.54859191120798,917299
250.92796402964348,251.7239902271669,249.91842589294026,250.92607011165433,165659
250.11974194088577,252.05713493955264,248.902101523473,249.99762257578467,807380
249.10278397546915,252.22459746043148,246.6272875429538,249.08434457155244,320598
247.5038394616109,249.7835230749865,246.19180518965078,247.71544321937685,392160
246.69984629138835,247.91339512779433,245.01533259430582,246.53070230099772,507107
240.10237696636983,242.21012127212083,239.6325267799179,239.87873939429903,508727
240.5077841623696,243.31856528481933,238.7669854639077,240.87638991519427,496063
239.07582176435818,239.27255430623543,235.63400375303587,238.87212698876263,368083
235.6402667691951,237.68434341120403,232.9555587984344,235.07996762897235,978491
237.21536374513462,238.94918176399304,236.00935128758965,236.8809379865496,733650
234.79210891074914,236.80295239215116,231.57958736959853,234.35509513383585,324947
233.66642350897376,235.40486953991518,232.39890802339818,233.58610686540317,880103
236.61660793425588,238.08380209311963,235.21592307420852,237.0604564383388,460418
233.38803151864616,236.36105154191424,232.40834059693145,233.7665671305285,429129
230.38149991782475,231.76811912785936,229.2856267142939,230.23420161605367,858788
231.31348598551025,232.16865632379435,230.475441436387,230.8781588792676,710628
234.87215689650952,236.4030381241963,231.85108146633118,233.57074187142945,613949
230.39685891670442,232.22095409543266,229.00048158821696,229.94532817825132,152101
230.36726939777745,232.1279770649857,229.34540213222817,230.90779487739624,1258
231.9200606433662,233.71183094374413,230.57028289113526,232.27649941778031,142392
228.60223947980117,229.80585341579575,226.71042157825698,227.56521690534495,45925
229.31417547184193,230.10531624773137,227.9861069348376,229.41254249177572,692661
231.47756605889484,232.06425211295686,229.46292797852794,231.4555710050553,309058
230.31487639478956,230.9407812657047,228.88359840025794,230.75812440919853,367950
234.42105130846792,236.66072412187592,232.62871893203177,233.68955467273707,744891
236.62065971945415,237.645167608116,235.28977432484,236.38411807154534,617813
236.28504078127517,237.90182789857542,234.96142379133025,236.65166217427415,276550
235.14096787922924,237.06760379443853,234.55228091907153,235.60927679436446,485840
233.4950240223905,234.92576041888805,232.03937945850373,233.35165092649768,49414
233.30796536782415,233.44788086589253,231.64179801909995,233.28733988593538,490180
235.0342712275758,235.62251767511907,233.40894808484322,234.6437722669545,456359
234.16361297788941,234.71884602374178,233.03581789729012,233.90773266711028,62097
228.72550628171862,229.48119368529163,227.77888244409513,228.84655711619982,6689
231.53954197098923,233.7939314092602,229.928835637415,231.79163929751843,523282
232.18190980186944,233.31375273624906,231.7873232897565,232.256204914609,590471
231.1444593617256,232.2597246927965,230.5548957002361,231.3993137016957,895109
233.3538585716176,235.36765757115813,233.31201893448466,233.41463765784619,249042
237.03212964482444,238.56953028591553,235.81503860783704,237.0243358444511,163266
230.08440659055654,230.54973586631448,228.33906381434187,230.49834976881763,691002
231.81668406433093,232.5469365426098,229.44221237258824,231.52464819793548,616294
228.09876556253087,229.6296992635882,225.8985254334135,228.26787905998492,67492
229.04666605280423,229.93734742679254,228.37588512333392,229.43297812024178,629123
229.58808357928876,232.29726366731353,228.26793077077042,229.74964694431029,300401
231.3500401216612,232.58513384176925,230.36090123529473,231.23800153767507,317559
230.1476538642929,230.77822874252243,227.82147565451223,230.1094381172903,579462
226.0523235489361,226.42105310730895,223.84913918360053,225.86164296701918,265201
225.2732276866566,227.02643522566558,223.63147861708111,224.86920692527633,344550
226.39785854571124,227.08982417293367,225.0990500961344,225.80852529956888,19761
228.2661196239007,229.66762167581004,226.91667295260837,228.13586036120856,111427
225.0183426966305,225.8491427030362,224.86100974823069,225.5006445518443,995571
227.72875621850022,229.0386317068303,227.6019390214503,227.85139075975022,916936
225.94785483898943,227.10272984298675,225.7984350050989,226.40261545694105,223363
228.01863543205388,228.94298119786376,224.83029703399833,227.2474239977515,83449
227.01302189952912,227.60578867669855,225.86217321949053,226.11426252972203,585627
226.8438604801014,228.6760508553055,226.13752686001382,226.54920550984747,114563
228.99413365774976,229.80179323632015,228.0899352244126,228.6016434532213,651523
225.9497343727738,226.9822406993798,222.94667032835864,225.8363901629807,905682
224.49278863459512,225.5511763099674,223.2489417242649,224.3285550454328,339662
224.0482305478321,226.977322266161,222.25974027522165,224.76633841872288,321447
230.21860812561246,232.01890539053477,228.9463772224474,230.25265437230132,261365
227.89419069819832,229.9795306416181,227.67695579044883,228.2965190519696,541935
233.15633630638942,233.21843519552635,230.788653022755,233.0252099739146,722373
237.7385763486725,238.4875522673872,236.26381495500374,237.76692284769143,435531
238.4843881911443,240.52721115381104,236.4583615234064,237.55941641267566,995562
237.31012221593411,237.66305162227144,234.44069375130485,236.87586825666548,228529
235.39958960704388,236.63591781932698,234.33398244032296,235.2657177754765,650352
235.00329658449118,235.553050086726,233.93009422095264,235.12882701553326,423958
232.64479538275293,233.13457740667255,230.9482819086108,231.8675653525105,812070
231.7001475881916,234.04098440736487,229.7935163012859,231.7140294116988,30607
235.38816330801617,237.07302751028237,233.48165006810072,235.23212256802415,37940
233.84217623143283,235.70108606381444,232.45786432165798,233.82241842206395,898877
233.09499023798585,234.99847493013598,232.6650005254561,233.28355515789454,325216
229.3883212955597,230.439409531274,228.47947963186607,229.3715743161579,740223
229.35069519440532,230.92773925174964,228.92783049271344,230.25419739945988,254382
230.17238036809036,231.76299419289833,228.2202645953684,230.88707116409938,281588
231.21887248880086,232.2419051617544,230.9935733628433,231.05730310871562,163181
231.30309864632758,233.69219555531276,228.3241185403814,230.57990796570027,150170
230.08897806856024,230.31698030225022,227.890996065665,229.9288459153618,277283
230.77590264699882,231.88054604539133,230.25794613529476,231.10886991094725,906034
230.3986000441586,231.58785140149635,229.53447921778695,231.0653871667758,894596
232.181240411548,234.0781308675495,231.15388009391881,231.81750610555744,86519
232.07607896325737,234.7934665208416,230.61615765001912,232.3396428008278,654045
235.2903293371539,236.6847443167348,232.81735872281257,234.98802409708404,714171
236.79242631107,238.2541572074013,234.58331543302123,236.60793593038778,585383
237.31520929442263,238.56680087278872,236.21089667660559,237.088410335098,611644
240.75613480870032,242.27589273430183,238.63000988445862,240.7399562615831,741406
241.96352970788627,243.7345734127135,239.71916365019564,241.7780161512752,553348
244.91977454911486,246.51601160235816,243.83392315144698,244.9783020218925,696629
246.18115036898422,248.09570058662914,244.9572301140667,246.49434931058795,384286
241.55350988478318,243.79297822852539,239.22852299020357,242.01988174215273,539811
244.05333706589747,245.3051644458778,242.05818013447558,245.22305535487087,330423
245.4903659862401,246.80869616508164,243.36089615047513,245.5793195124251,96752
246.2222515782857,247.6788106088094,242.34497569097732,245.4763088819919,159725
246.55202346178888,248.09259010699873,244.55738102300677,246.19254291276525,974413
245.48096473313117,246.58252158358977,243.90264872558885,245.36921911595914,170372
245.5904455339636,247.29987354353582,243.36200390789108,245.95150479971545,242297
245.012275310244,245.70817896813148,241.8436919594223,244.5245275043634,673023
247.6260378841897,247.76552247199942,246.842098864569,247.6851401714251,351258
248.20806855210517,250.18117657797666,246.3413939219496,247.42870065036416,898808
246.02484377434416,246.90218237656828,245.54650058885213,246.50853654534023,653515
243.8970721026964,245.3671906131952,242.42679959651645,244.26345239488353,549116
244.53028013699154,245.61958909179725,242.65527676978456,244.94534980271996,519738
244.7011220484126,247.824266308586,244.17419044687955,245.4286306125352,196901
245.94663785121944,247.58159602862727,243.88034507333546,246.40842926928593,217022
243.96489283348126,244.9574958645592,243.02668731287,243.9145409402445,550210
239.72218549961136,241.80306132481923,238.90817819699342,240.06413334320519,341084
239.7314587934969,244.36577245402302,237.7201562621537,241.59481939587812,523314
245.7598115910497,247.28771719420772,244.46666778390605,245.23291724176715,781761
241.93546880254078,243.69201306558978,241.74445964467995,242.75310677233054,674140
246.957703456627,248.70857972354133,244.8833749612256,246.6670170897912,12573
247.40850972245963,247.47826971718354,246.25384655530183,247.39306517642646,275602
248.44800892678,249.72485474307075,245.2741293390389,247.40033145359357,462525
246.93477736145923,249.64658371705102,244.59531811248917,246.44339019819944,252768
242.833837648407,244.4095864548092,242.77436883573998,243.07915536613572,23407
245.17182809137466,246.82353098166246,242.9783730124196,245.51656455923805,354274
244.3763126296852,245.61332343774762,241.03724272784993,243.6440513093559,4734
241.0620044212654,242.69769254832048,239.10920679799884,241.7756638497822,535767
244.30348354453304,245.7554944626587,242.20245942000403,244.2102538693145,143968
239.6159517587142,241.43464890521122,238.59591054409293,239.67880535069162,360220
235.91629266379908,237.02373430630402,235.07409180215868,236.07834915117,606910
236.22604716343818,236.81005824043376,234.72840247033935,236.059146744376,542479
236.86593064442366,238.38112706878232,234.9388483243717,236.7761641311347,764031
238.16815778545342,240.88312669828738,236.1220210554219,237.9504803325499,967475
237.32310239835877,238.2418313363326,236.38247187821142,237.25715646216437,304179
243.5648696153542,243.707722810919,242.53839835586663,243.3615744067034,837319
242.87722902329222,244.58519973431734,242.70329581772899,242.83188493171903,626281
241.97678374326128,244.7753913788107,240.2972810159141,242.29633718208507,612578
240.39890473437,241.98268173710642,239.47610277237987,240.39698095260823,962349
240.3751715355212,243.16820480181713,239.39038676208168,240.7191045213893,232683
241.8501579068012,244.01610420338667,239.38724646204992,242.22821637292742,23844
245.02091618376733,246.93161271760684,243.35595820832495,245.18575456789603,999092
241.52775346881126,242.41795825014796,240.0861477186618,241.5854552661226,510053
241.03297678990992,242.44451909128327,239.2106445967464,241.01599706524723,448167
242.5629890876259,243.75435834300583,239.87677301030703,242.11924319131043,471568
243.32633752831208,244.74043210749022,243.29043284885094,243.56915848254857,616782
243.70537923111283,244.73830123542578,242.80479922817773,243.60946924445628,840845
245.01677423110553,246.40769535432042,243.90474607935252,244.95895034126778,548153
242.71380933939798,243.27958957810216,242.21261158437858,243.0096143902863,572022
246.8862077167502,248.72184498733154,245.8119625884894,246.8498019198132,913736
249.83726800016655,250.42857388232272,249.25081731380038,249.3372364270335,168657
246.12265477340912,247.1684757923415,244.12007405342274,246.03088219525966,869765
243.53461784514894,244.99379926605044,242.58510383223646,243.42430577390294,758475
240.57338180967966,241.44761650106474,239.22548061992396,240.91322765921342,886438
243.53154986011455,243.75057950273157,241.32613212529125,242.5763526620512,415744
239.19322193784646,240.42608510830587,237.59726300058065,239.50378955319286,567019
237.939836482554,238.9048735483351,237.37290467561272,238.7361569104137,557561
240.26078323104176,241.97550829495927,238.32493053065173,239.8481560807932,492436
239.65843456225994,240.08251728151023,238.6579265425063,239.7134809467522,816735
240.21323031562767,242.63161356563376,238.71896186928407,240.35890791790027,608733
237.57503859779672,239.0195811252853,237.22778932886592,237.83454166443167,348488
240.1731718687347,241.4166738901038,237.78411774737535,239.27745365020243,291387
238.00711848662132,238.23129596006197,235.72274770646183,237.83844808348368,228817
237.3520199321476,238.6419303445194,235.77090493122333,237.09133742736327,294588
237.7567167950598,238.88831043766905,237.00243908451415,237.67941602216158,779688
238.07684740260567,238.33938257382763,237.2393870480288,237.9483316926186,113097
238.69502731498244,239.95099400709586,236.4275675500555,238.0292003197844,816432
236.15426414763851,237.1721132812224,234.56992102678478,236.27280441625683,183848
234.90318852563212,236.61439681635383,233.47741403724666,235.5896673891441,756226
236.02743166848887,237.22589524440448,234.4668053162715,235.6183724188893,156342
232.65472508693887,233.48894056131337,231.1201971206341,232.42383450029917,448575
231.42438383251246,232.75261397077426,230.26259912237126,231.37441630015553,348067
232.5150863573694,233.61728542279562,231.400327779998,232.2963778116601,733090
229.20067214806267,230.8429194173164,227.53382613649083,229.37074790624425,852873
232.07181744689234,232.86410511254357,230.68600324435343,232.06221351373136,725203
234.98888022585774,235.47511599127748,232.90414700466866,235.05079272400118,218137
231.89077131412063,232.83252036455144,229.9543451341553,232.16541755047876,435358
235.92214166392242,238.12281639602244,233.98963134896292,235.36236861806694,509297
234.384280090451,236.89751318262185,232.7937151067242,235.04817772415052,147397
237.17216264931727,239.22136272154012,235.55512058763486,236.05755450541008,626516
235.32377373624698,237.40595187271052,233.79169082512107,234.91156867053311,674512
236.27049160747157,237.9675133091027,234.84625580347534,237.11365616668795,955553
237.9955783327832,239.50413955010458,237.93565298958856,238.10232738232827,566336
236.11567825416248,237.4300126961257,234.630920019803,236.1952977597485,192478
233.66546178892568,235.29612322032006,232.9869401887538,233.48246447708365,934973
229.6653465752655,231.0716721151116,229.10237977837815,230.12069941456187,4687
230.59142412299855,231.8086983734843,229.79003327898474,230.57665552986646,148053
231.86743675903313,233.13352013290913,230.7293200827538,231.92361765699522,33887
233.11721926853693,235.0017271349907,232.8803921451674,233.4616304396742,74815
232.80073787303692,234.8344792284866,231.03845248471907,233.20967207381972,454687
230.97370836901075,232.19348354797492,229.27458587139355,230.55004745920482,108674
228.22871944805112,230.2359865285712,225.76956935348335,229.00577384299305,51063
231.90458240762933,233.22126567817278,230.3161629116172,231.6831494137229,856333
230.9539100884157,233.24951210512134,229.0383306160944,230.58612047301517,243024
230.83920394783587,230.98402883808515,230.27632397163924,230.94015173947545,762780
228.51613691964783,228.99395525355294,228.1598456438857,228.49220334855906,425643
229.8190375423609,231.4326059194741,227.7131744824708,229.2854924943203,347646
227.93953034422483,229.58736158074942,227.5474446963067,228.26131100402694,454202
230.40858082780093,232.0214355052823,228.81287503644845,230.68616661270823,104095
232.27042528545292,234.12890991023517,229.91994766426384,232.5008260157187,871094
231.9135464847193,233.22199776944348,229.56094255586837,231.3742937097948,67270
231.70183038875763,232.47157921881828,229.5534995573445,231.10452053522872,372799
229.21564252621016,231.44024978113265,227.88424545402734,229.85735379718042,942002
227.09650126231557,228.24621397354232,225.7682522164304,226.64039166814928,328732
225.0959230971572,225.91915931792488,223.6814560130732,224.72786007459175,510641
225.89599741798472,227.49332651067604,224.4522858406053,225.19626990546914,846511
226.1265610639496,227.69884201179786,225.71442288062133,225.952528796512,670378
226.2910228284503,227.58842331173298,225.1355170455414,226.31105593756266,882042
226.1686342922916,228.4645529456813,223.77354346086287,225.65179389284978,778731
228.10831313245384,230.15683532297857,227.5316830199299,227.78990667357388,37764
228.98097213607386,230.81409569946211,225.8613086699556,227.95748932352245,248724
230.02943507252132,232.9506011165922,227.60291389459186,229.5892171054061,563024
225.64455529578893,226.6736320646352,224.1787462643264,225.5752820396121,688636
216.4109130196095,217.70241471125215,215.06588975360822,216.92028713825246,667421
217.30574307294665,219.2078405159941,216.3406315943026,217.55851002398202,14555
213.886206360681,215.4121767928878,212.78981501320297,214.50223747207335,628325
213.97633735265526,215.14641543845124,213.20404463098453,214.06841333030954,194388
213.83936537725526,214.2760767047751,212.3565590958968,213.4440381638307,534192
216.87937985667807,218.36009577534492,215.70400672404895,216.88097223515572,635931
218.21700840773264,218.34509704836935,215.45409526538796,217.77200209299886,96474
218.30259776462336,219.3309526108378,216.694357773587,218.15531075917832,924631
219.83354484368638,221.1008335317792,218.87247857601255,220.01091425007826,505209
220.88393137909304,221.69940911474544,219.80653125282137,220.84522818431668,105146
220.06635383087473,220.12613359622966,219.22991906232585,219.85876464030244,98936
222.31127259820934,222.37660838758842,221.5038051397082,222.2493879680106,619027
219.88483727567439,220.49204546739088,218.1189344004801,219.81859088596445,816767
220.21312047779276,222.01178031222483,219.43838898546565,220.5523520980117,663640
216.99906951058577,218.46133127904693,216.31608834051207,217.1871432668864,456557
218.63541759809712,219.71781463146337,216.95092291850014,217.65229922809795,452226
218.63040328644428,219.14336149055487,217.48117672493936,218.0945595700932,979350
221.15000857607964,223.13982800838411,219.2964275659621,221.80381564521235,666569
217.3476967543591,218.46821786026754,216.16790971601222,218.38150122293575,939157
217.12799978430965,217.60343377186277,216.1933104309262,217.09491780936543,391490
219.30135683681831,220.2379458580328,217.7963951913669,218.91017621928643,720194
219.43898896238102,220.40590552187442,218.1987479882738,219.6674175237592,455306
220.53555900865166,222.30855769918952,219.47883067083183,220.08585374179526,924832
218.03937363637448,219.23291055640723,217.83214707174898,218.013362651745,857459
216.6800839545405,218.9079195820045,214.72660289074884,216.75077127083097,65796
219.82014123927564,220.5577158039816,217.74020463033912,219.48822448422712,273696
219.1637515473842,220.8145106156351,217.81953088820083,219.39713559829787,182445
220.11794404572927,221.17876829902787,218.41036108694854,220.24423487468803,926604
220.30757604571386,222.32232389553607,217.64906889473582,220.01268544763306,999470
217.43317388595494,218.40095155139176,216.6952515959878,217.4468277797953,366253
220.34681548543008,222.01334700226005,219.14885694445172,219.50882899626012,262586
220.94448429967366,221.334924822007,219.09725604368347,220.63831535918177,356853
226.0910930483271,226.9399208725691,225.67173542784894,225.80711177948146,784857
223.52568276511042,224.60919199294213,222.38259076113465,223.54781607613737,742837
225.81115289585372,227.79608997419652,224.49151455346623,225.4167841236118,451061
222.35833431326142,222.85602129619892,220.79700894592955,222.50189599548392,913180
223.00042664459815,223.89288921738603,222.0826445728447,222.87455701218076,386138
224.67162396595685,225.96206396651826,222.7396031731013,225.0841099758811,112455
220.9484747046569,221.22044472645862,219.88169238021376,220.49010162823785,365249
220.1886148161622,220.983031716091,218.49445290351102,220.0607134621324,204134
219.71441014722603,219.7974618880734,218.1899712458205,218.84667735362515,194730
218.3774516549324,218.8124574496548,215.89329176573744,217.337578977137,361276
218.53133405399936,219.45202000721767,217.7714147620971,218.19822415646576,904005
220.7095608917937,221.61702251753408,219.59192826248787,220.6793607839161,692631
219.99043833880552,221.34754630905402,218.0179436217809,220.40747772457019,893408
221.2826256060395,222.5568981437453,219.70231526704544,220.88293801661197,27606
221.25069766975943,221.7732496761144,219.26695731326174,221.15768557483304,522677
221.42180064832493,223.71851334116377,220.09530698686652,221.18379147698315,195670
219.5662851479096,220.64218584859978,218.04677995220553,218.80929801996345,945806
220.9054548252709,223.23059361927207,219.68695193759464,221.2702955948265,155212
221.5363414419398,221.95544461593286,220.01766773661717,221.9466338396165,953751
222.7417026518311,223.40339421378994,222.5820815679397,222.84707631009067,170627
221.44222904328134,223.00537742926096,219.62733356712414,221.0791281747948,389353
220.33246246561185,221.28436638363937,219.60832182019377,220.08822297583924,667389
219.32927820502923,220.1140929434268,219.01460941738915,219.72288473225188,76766
216.72686038371307,216.8386675378168,214.96778498897953,216.39942515808565,934318
212.28723319881257,214.33053186637622,210.37335578350914,212.79846568846418,731859
211.19062876794743,213.01632408558115,209.99756674938803,211.5450690085704,688743
212.62548556666223,213.89321260796524,212.4269405778141,212.67459524306437,685383
211.07730193685964,212.0533787554851,210.44653573706697,211.3111943720393,670818
209.56249219197076,209.9105188922582,208.40673364683883,209.19019243662586,755364
207.63247844485332,208.6376387717559,206.35397709364096,207.51362357141244,7991
207.3210321055204,207.53955763468196,205.60312377136756,206.59153212801687,438539
205.78058637132077,206.4475666991617,204.44595740144067,205.88236858831982,272297
210.3590346704696,212.2586531361448,208.67617953906503,210.41045989207018,21816
213.17730560382444,213.29508761910395,211.37924439224648,212.66249962154137,807704
214.83542786088705,216.38562385134085,213.18243207205177,214.87450098528785,749290
218.07161112766076,220.1394943387179,216.51076511966323,217.42195205299276,417022
215.5154947072575,217.12082203249085,212.0775667313977,215.28263286513885,510882
211.68755939336347,214.00590773578216,210.27781724695777,212.68838007926814,816972
210.86365906797423,211.6247253635495,208.884664977514,210.36821230220505,57550
213.6049408373781,214.25907090260014,211.02535122402915,213.21572541824207,572035
212.47692370061895,212.84756687360849,210.95695074834958,212.0734189838815,431188
208.656568973631,210.52764443249333,208.0173547772651,209.45710497129667,35664
208.30058298603433,209.36834336076427,206.442687150911,208.57715210202264,372527
207.85585781129572,208.70559746599426,205.96531963516537,208.1008777965482,487944
208.33001334161747,209.71189928432216,207.19242336316717,208.68106554809302,723045
209.95524417262644,211.04430479182543,207.07571914171822,209.2263320485048,949803
207.51658265581332,208.16339880003346,206.53084930208908,207.5214668137461,987868
208.95485591154363,211.02624401595799,207.32566648407746,208.9701362018654,302382
207.88869682791739,209.38379249100257,205.6769963564339,207.65943735764355,415986
207.59199891621134,209.18813968334777,206.25795597433773,207.35590279359712,811471
207.4130606240813,209.78506827761913,206.09175763881564,208.80575017245505,7791
207.22240346653234,208.84631275210276,205.54845149728305,207.49062973136182,200955
205.7502572499175,206.81049318526684,204.947533880865,206.33326781790043,46117
207.7446411833868,209.19859931344274,207.04756014569924,207.57845134562422,255122
205.70725449952047,206.72909440892266,203.85610614161462,205.82617774236274,750158
205.06251208292306,205.45911311034544,203.8422077342382,205.0562014518706,356419
205.3623156933331,207.2365917199987,204.6469912310391,206.2195786269009,397362
210.3899144599237,211.38852677548832,209.27856122899462,210.52037487291778,832089
212.29233498032778,214.8333060906201,210.43766995606873,211.81992137579377,218208
213.44470735485,214.7907286854766,212.78254722966506,212.84471959482212,553661
214.30657729321928,216.3937417103028,212.4692457079769,213.99890532350162,454091
211.17021049079293,213.51302241464072,209.8556044258206,211.73574196033397,842413
212.53583322315396,213.6226015830426,209.88918084465809,212.0018422184987,156646
212.26685999098163,213.04563364516557,211.03939349523358,211.95994104041577,910574
212.61409019550305,212.71086457992368,210.67263603387238,212.66393395750475,859249
212.070746520179,213.44144867505779,211.0387968274152,212.9331412071934,956559
214.17224954742014,215.6689409919849,212.60648567430812,213.76455993744625,761323
212.8686940324546,213.99353473329876,211.62493338599876,213.12110031208226,101552
213.41502231204777,214.72271453321636,210.86176581245147,213.2673705631774,68685
210.71470975101747,210.94456271995494,210.41589059662263,210.68589050815044,151512
210.68020070852907,212.0202415103681,208.6718526279083,210.03397029560023,932858
212.94349546686968,214.7625270521624,211.85179925993089,212.99690102588653,453973
213.6919457696138,213.768343387492,212.64177924310872,213.69840526981233,389576
214.3496899646893,215.66037223890172,212.23296852741018,213.67506846141976,735629
217.50033928369677,219.75379237769593,215.6911707625092,217.787043837005,98813
215.21482026718792,217.37563300733657,213.44786989788167,214.86488150124492,16718
212.4310587924222,213.2570499704919,210.5817159710862,212.51547662244664,994920
215.77470570209417,217.79514449528963,214.85828540603035,216.20822133092358,833368
216.32974964664635,218.33931661630686,215.27911089397773,216.32924733587936,917404
216.12526371170873,217.4661360070614,215.39559754587532,215.82668686579248,789628
213.85269309084163,215.7464084660088,210.94017687331416,213.27526743454212,714200
214.88557485124906,215.93688426952718,213.3024008904352,214.25365769057981,78190
215.31789685370464,216.77699115260333,214.4332944158237,215.44490769122905,18133
212.70023650658527,213.78921487707697,211.24962340966687,213.1210436799912,709614
212.70789670872435,213.80269540397734,210.93790359444125,212.84357976551752,56253
211.65053873492724,213.48866706288354,211.03172413749596,212.15186664456112,130356
212.62440977927253,213.33592958354515,210.804331557062,212.71689321320716,559102
210.22661652932175,211.28111303460295,209.36676979427958,210.3703690329234,887715
213.35192596486903,214.90568719043134,211.0623983688341,213.04195409551124,995261
214.07485002384334,217.42266773553985,213.35186081524444,215.02350585599586,547905
213.95106118539601,214.51147915110033,212.40925667275425,214.2654348365316,659961
213.5133411692734,216.16064134406224,212.418417114375,213.82360705094788,56156
214.06048770792972,214.9639053165678,213.2073158110602,213.55345744956108,97838
211.44690530699782,213.5920316743199,211.28787468506482,211.918994868796,456745
211.09811381819705,212.88891782409706,210.4177456304101,211.00246329577695,273436
210.40007018670764,212.4940342781445,208.7215677166052,210.4540004614825,341370
214.3434639211139,214.94707963765347,213.7198356391288,213.89725605224172,5799
216.2105983762804,217.14553323518632,214.65713828244276,215.95325471547193,218229
218.05579623024468,219.11101439129988,216.75145001133424,218.00293325189415,411648
218.58999902843814,219.69226667958833,218.57975002219575,218.83275759186006,706273
215.62115153564497,218.36127531591032,215.05852812378794,216.42293032060587,652296
216.46170340823525,217.4941211601868,215.79147592610786,216.354787079382,757399
218.71836436413662,218.74993789228046,217.35958468061585,218.4865545874874,53774
215.0965775549113,216.44532859827368,213.0748832418972,215.7762155015829,297313
216.6399861950596,217.23335148209526,214.85814705281425,217.17584333617356,204987
222.41343912031454,223.373149471417,221.43003737732238,222.3012525820255,147283
224.84913709181143,226.4270494192044,224.13234758205024,224.69672903666967,878700
227.46779170289767,228.61146022756353,227.3938923072117,227.91936711880592,893528
228.17811084178533,229.30638490289962,227.29639079315052,228.44038997586304,76924
229.83803858034264,231.64861441534967,229.30857486230582,230.6853406871301,866082
229.68913995308077,230.93456671993778,227.93774180160221,229.058192791472,967007
230.31123558208114,232.42361376161568,229.15847451039056,230.9115476042744,135220
232.70290144686703,234.42996799496925,231.62020116018374,232.45080418372325,595445
233.1326944723196,235.89235612163597,232.28500826842958,233.14899657477503,855974
236.87051947455313,238.14262970791287,235.57160222579213,236.26115771145342,730653
234.64275839077737,236.70898504249595,233.83029340688663,235.01514180669818,756452
234.62813769266603,234.6838219315618,232.41580637420898,234.59939799472323,43959
234.04920108723127,235.75402663374658,232.51537740627012,234.84694181830386,827028
231.56330500684743,233.43831853363747,230.03636480411836,232.46458267113942,418265
233.29392908625326,233.74839856897526,231.14354171653343,233.01601853139547,34713
228.24998565204814,229.8447722956212,226.47635366373632,229.06776942669757,707554
231.39608646959786,232.5846120463007,229.2500513239186,231.50175198770967,41616
232.10140422717635,232.9105120148952,230.06585010367826,231.63290562106567,229443
230.7966781694372,233.75214562338658,229.15843654377798,230.4525273450027,816744
228.25675068500107,230.0546072600413,227.52000954213244,228.56054672994972,75235
227.32331425564956,230.55704938175094,226.74874457103812,228.04782362179813,87145
229.87976875473962,232.05855852197885,227.889713349089,229.64576208317493,153647
231.55009964754285,232.26379762808133,229.85245149853532,230.93016448824014,900838
229.02578902832929,230.50201934937718,228.81500268210212,229.32953052367986,38516
227.05485781276644,228.26067444399465,226.76443278587126,227.42023701407726,176077
228.7016240184753,229.97553397340084,226.08461798855515,228.94196819545306,849274
227.57677360232418,228.04801659812384,226.8526763568436,227.31690096091833,25062
228.0347894855924,228.87290718550702,226.80680214311184,227.47587325493578,918298
227.21562025450046,229.16491204455502,225.24242669226774,227.78033636741966,432229
227.83035308375887,229.88605899756382,227.51725127465915,228.51511315816015,105186
231.58665629007857,232.9206442940862,228.98785911571065,230.50788110216752,305632
227.55699064273261,228.73515723678273,225.17539499475356,227.6377213534913,333289
223.46381252141444,225.15816593584864,220.81771331572503,223.35084488225033,417222
221.80187704208862,223.04851684582397,220.9906022650334,222.1092455160063,919537
226.39111177992223,228.46817258271759,225.04680245553817,226.16948273574434,588204
231.25584771809886,231.3813716973783,229.933067261884,230.81265931091838,366014
235.24265758100086,236.88240078133154,233.9388443783212,235.10169240637336,41309
235.48895438225262,237.0114171618848,232.5845304521016,234.67189345989675,929541
230.39920698067033,231.2360544756328,230.2144123989368,230.54986882537096,140999
225.1148903060941,226.11944705557974,223.5517216853827,225.2333100852244,139304
223.98052871434479,225.41274371876634,222.88883327713998,223.8769156339806,101460
223.66405506755535,225.3969607175629,221.42157620859825,223.45625788882208,359699
226.5074249000527,226.56368696720097,224.37873761415267,226.40420846117632,178193
227.81362357377682,229.97282182744348,226.9528057621653,228.40034524496556,876778
229.0863198792479,229.91722660098085,227.8745950163483,228.94322342021485,499286
226.76788586677634,228.83851470019871,225.0266966777156,226.93771406277227,417157
224.52906566412096,224.9066637755039,222.7440679037437,224.7902616140922,327564
225.399421652212,228.17992567798825,224.8399192539764,225.38477973070047,398339
226.54751149892647,227.51551332198548,224.81019758766377,226.98401205342725,462362
227.38054677120243,230.0152000997043,225.12051017864928,227.8980537170383,487770
224.39496804832842,226.65599227173814,223.1009208414609,225.57493653766664,406716
227.86366190596218,228.4433470136349,225.28754992530727,227.07017094821848,168548
228.31563780450165,229.63880501321285,226.04693682860622,228.0621552397639,552692
225.60326294480515,227.4809246551768,224.32526983843215,225.65595998457542,66063
223.61660287554307,223.99195945193173,221.95229327818254,223.91540599950264,46209
224.1879173907347,227.08693894109842,223.05844532551248,225.48492121579736,937807
224.6514506423765,226.0959349782744,223.5633523419697,224.97925841498892,525445
228.93323134730076,230.4742112033925,227.91659600306787,228.6059287695363,802687
230.21037260176408,231.36900438808024,228.50923499413292,229.77739189338652,699661
228.9785718899503,229.73062761938084,226.246896539658,228.6848070486981,555344
228.7567803910585,229.136660819527,228.16007453670213,228.68433687232414,266581
229.4490037590725,231.05926203039564,227.28443550783885,228.85221478687302,843180
227.06475733590173,228.80496487665957,225.7108007888921,227.21405388406683,995063
225.66118338458915,227.23783671892215,223.05033981573013,225.17247403849888,546389
226.60560826846756,228.20485064024652,224.3421173769839,226.78003951203257,44241
228.32486343943168,230.5198235574446,227.81634572657154,228.72794672413855,579358
229.67325187856926,232.25759660893854,228.92053140953115,230.13615371267596,732312
233.1758814967233,233.82041022588058,232.3734670435534,233.6733704298152,755302
232.74043578800345,233.21182648190344,231.60951908016827,232.43405607767212,839223
236.03088547181727,238.78221467362664,235.13286949186272,236.38202888189522,394267
233.8013578042429,234.5142691144331,232.38891854773857,234.2854049668458,644888
232.27909595243483,232.6835566062773,231.3806895685509,231.94799704319556,575911
228.0738164210184,229.0173936218236,227.27070999826785,227.92431157009085,959255
227.37007743931864,227.37873688871193,226.33675689726942,226.9331893019912,918833
226.04703665338045,226.91850221018913,224.3527263540771,225.81553079193694,733753
226.68705289140848,227.518412038625,225.59698399927518,227.02900924321204,328461
227.64079042928861,228.6196406813832,226.63288201916117,227.60614767360647,993016
224.98578303920522,226.29959289973496,224.37293410055327,224.92949083940314,180752
223.6583596757961,224.95969318581734,223.61634818492263,224.07027193691098,409373
222.7685639027615,224.1141869345155,220.5643578070503,223.26180503396515,681231
219.05501387019922,220.62019662858992,218.14948054382515,219.3536514113083,687878
218.11898105208286,219.89291554601294,214.38154525122383,217.23415057542576,214337
215.40970971646715,217.7023512385619,213.83326086032872,215.5876747955848,494721
219.26183718850703,220.2143950772441,216.42861668358546,218.72252571155104,519375
218.95816128033587,221.45925361973505,217.21077403000078,219.1635879178819,617779
221.0339290267485,222.72044454075788,219.4335648925983,220.64169921181107,204921
217.77384512295922,218.05781669383683,216.68432685704366,217.38147518809896,18889
220.43420792815544,220.70233863922024,219.5597226720917,220.01503945177853,201482
223.0915621542347,223.82065581979504,221.05528769079834,222.91865425590615,816482
219.13202936043604,221.17736651472558,217.26363353136486,218.53003742043063,676191
217.18004948898118,217.93928880120603,215.52938126806438,217.01583188616817,732082
218.8637007552612,219.01188690476764,216.49257478030404,218.11620355677047,321055
218.83691015415448,220.49519884398774,217.5090245980719,219.54821114412843,725852
